2025-07-08 16:14:36,393 | INFO     | logger          | __init__             | Logging initialized. Log file: logs\planogram_20250708.log
2025-07-08 16:14:39,129 | INFO     | main            | run_lob_optimization | Loading iPhone Accessories...
2025-07-08 16:14:39,173 | INFO     | main            | run_lob_optimization | Loaded 399 products for iPhone Accessories
2025-07-08 16:14:39,225 | INFO     | main            | run_lob_optimization | Enriched products with cohort data
2025-07-08 16:14:39,249 | INFO     | main            | run_lob_optimization | Loaded 54 bundle recommendations
2025-07-08 16:14:39,271 | INFO     | main            | run_lob_optimization | Running optimization...
2025-07-08 16:14:39,275 | INFO     | base_optimizer  | create_planogram     | Starting optimization with 344 products
2025-07-08 16:14:39,276 | INFO     | base_optimizer  | create_planogram     | After store filtering: 344 products
2025-07-08 16:14:39,276 | INFO     | bundle_optimizer | optimize             | Running bundle-based optimization
2025-07-08 16:14:39,337 | INFO     | bundle_optimizer | _extract_bundle_groups | Extracted 0 bundle groups
2025-07-08 16:14:39,337 | DEBUG    | base_optimizer  | _place_product_on_shelf | Successfully placed Gripp Clear MagSafe Case for Apple iPhone 15 Max  6.7  with White Ring - Clear on Apple Premium Row 1: 1 facings, 11.0cm wide at position 2.0cm
2025-07-08 16:14:39,337 | DEBUG    | base_optimizer  | _place_product_on_shelf | Successfully placed iPhone 16 Pro Max Clear Case with MagSafe on Apple Premium Row 1: 1 facings, 11.0cm wide at position 15.0cm
2025-07-08 16:14:39,337 | DEBUG    | base_optimizer  | _place_product_on_shelf | Successfully placed Pulse CRYSTAL Case with Metal Camera Stand for iPhone 16-White on Apple Premium Row 1: 1 facings, 11.0cm wide at position 28.0cm
2025-07-08 16:14:39,337 | DEBUG    | base_optimizer  | _place_product_on_shelf | Successfully placed iPhone 16 Pro Clear Case with MagSafe on Apple Premium Row 1: 1 facings, 11.0cm wide at position 41.0cm
2025-07-08 16:14:39,342 | DEBUG    | base_optimizer  | _place_product_on_shelf | Successfully placed Pulse Super crystal magsafe case for iPhone 15-Black on Apple Premium Row 1: 1 facings, 11.0cm wide at position 54.0cm
2025-07-08 16:14:39,342 | DEBUG    | base_optimizer  | _place_product_on_shelf | Successfully placed Pulse Newton Magsafe Case for iPhone 15-Grey on Apple Premium Row 2: 1 facings, 11.0cm wide at position 2.0cm
2025-07-08 16:14:39,342 | DEBUG    | base_optimizer  | _place_product_on_shelf | Successfully placed Pulse LIQUID silicon case for iPhone 15-Storm Blue on Apple Premium Row 3: 1 facings, 11.0cm wide at position 2.0cm
2025-07-08 16:14:39,343 | DEBUG    | base_optimizer  | _place_product_on_shelf | Successfully placed Pulse THOR Leather case for iPhone 15-Black on Apple Premium Row 4: 1 facings, 11.0cm wide at position 2.0cm
2025-07-08 16:14:39,343 | DEBUG    | base_optimizer  | _place_product_on_shelf | Successfully placed Pulse LIQUID silicon case for iPhone 15-Black on Third Party Row 1: 1 facings, 11.0cm wide at position 2.0cm
2025-07-08 16:14:39,343 | DEBUG    | base_optimizer  | _place_product_on_shelf | Successfully placed Pulse Tire magsafe case for iPhone 15 Black on Third Party Row 2: 1 facings, 11.0cm wide at position 2.0cm
2025-07-08 16:14:39,343 | DEBUG    | base_optimizer  | _place_product_on_shelf | Successfully placed Pulse HORNOR Case for iPhone 15-Black on Third Party Row 3: 1 facings, 11.0cm wide at position 2.0cm
2025-07-08 16:14:39,343 | DEBUG    | base_optimizer  | _place_product_on_shelf | Successfully placed Pulse THOR Leather case for iPhone 15-Blue on Third Party Row 4: 1 facings, 11.0cm wide at position 2.0cm
2025-07-08 16:14:39,346 | DEBUG    | base_optimizer  | _place_product_on_shelf | Successfully placed Pulse Newton Magsafe Case for iPhone 15-Black on Apple Premium Row 2: 1 facings, 11.0cm wide at position 15.0cm
2025-07-08 16:14:39,346 | DEBUG    | base_optimizer  | _place_product_on_shelf | Successfully placed Pulse FROSTED Case for iPhone 15-Black on Apple Premium Row 3: 1 facings, 11.0cm wide at position 15.0cm
2025-07-08 16:14:39,346 | DEBUG    | base_optimizer  | _place_product_on_shelf | Successfully placed PULSE Matt Magsafe Case for iPhone 16-Black on Apple Premium Row 4: 1 facings, 11.0cm wide at position 15.0cm
2025-07-08 16:14:39,346 | DEBUG    | base_optimizer  | _place_product_on_shelf | Successfully placed Pulse Clear Magsafe Case for iPhone 15-Clear on Third Party Row 1: 1 facings, 11.0cm wide at position 15.0cm
2025-07-08 16:14:39,346 | DEBUG    | base_optimizer  | _place_product_on_shelf | Successfully placed Pulse Armor Magsafe case for iPhone 15 Black on Third Party Row 2: 1 facings, 11.0cm wide at position 15.0cm
2025-07-08 16:14:39,347 | DEBUG    | base_optimizer  | _place_product_on_shelf | Successfully placed Pulse TANK Gradient Magsafe case for iPhone 15-Blue on Third Party Row 3: 1 facings, 11.0cm wide at position 15.0cm
2025-07-08 16:14:39,347 | DEBUG    | base_optimizer  | _place_product_on_shelf | Successfully placed PULSE ARMOUR Case for iPhone 16-Black on Third Party Row 4: 1 facings, 11.0cm wide at position 15.0cm
2025-07-08 16:14:39,347 | DEBUG    | base_optimizer  | _place_product_on_shelf | Successfully placed Pulse Newton Magsafe Case for iPhone 15-Blue on Apple Premium Row 2: 1 facings, 11.0cm wide at position 28.0cm
2025-07-08 16:14:39,347 | DEBUG    | base_optimizer  | _place_product_on_shelf | Successfully placed Tekne CLEAR Case with Camera stand for iPhone 16 Pro Max-White on Apple Premium Row 3: 1 facings, 11.0cm wide at position 28.0cm
2025-07-08 16:14:39,348 | DEBUG    | base_optimizer  | _place_product_on_shelf | Successfully placed Pulse Super crystal magsafe case for iPhone 15-Clear on Apple Premium Row 4: 1 facings, 11.0cm wide at position 28.0cm
2025-07-08 16:14:39,348 | DEBUG    | base_optimizer  | _place_product_on_shelf | Successfully placed PULSE Matt Magsafe Case for iPhone 16-Grey on Third Party Row 1: 1 facings, 11.0cm wide at position 28.0cm
2025-07-08 16:14:39,348 | DEBUG    | base_optimizer  | _place_product_on_shelf | Successfully placed Pulse CLEAR Case with Camera stand for iPhone 16-White on Third Party Row 2: 2 facings, 22.0cm wide at position 28.0cm
2025-07-08 16:14:39,348 | DEBUG    | base_optimizer  | _place_product_on_shelf | Successfully placed Tekne CLEAR Case with Camera stand for iPhone 16 Pro Max-Black on Third Party Row 3: 2 facings, 22.0cm wide at position 28.0cm
2025-07-08 16:14:39,348 | DEBUG    | base_optimizer  | _place_product_on_shelf | Successfully placed Pulse CRYSTAL Case with Metal Camera Stand for iPhone 16 Pro Max-White on Third Party Row 4: 2 facings, 22.0cm wide at position 28.0cm
2025-07-08 16:14:39,349 | DEBUG    | base_optimizer  | _place_product_on_shelf | Successfully placed PULSE Aluminium Rugged Magsafe Case for iPhone 16-Matt Black on Apple Premium Row 2: 2 facings, 22.0cm wide at position 41.0cm
2025-07-08 16:14:39,349 | DEBUG    | base_optimizer  | _place_product_on_shelf | Successfully placed Tekne Matt Magsafe Case for iPhone 16 Pro Max-Black on Apple Premium Row 3: 2 facings, 22.0cm wide at position 41.0cm
2025-07-08 16:14:39,349 | DEBUG    | base_optimizer  | _place_product_on_shelf | Successfully placed Pulse HORNOR Case for iPhone 15-Blue on Apple Premium Row 4: 2 facings, 22.0cm wide at position 41.0cm
2025-07-08 16:14:39,349 | DEBUG    | base_optimizer  | _place_product_on_shelf | Successfully placed Tekne CLEAR Case with Camera stand for iPhone 16-White on Third Party Row 1: 2 facings, 22.0cm wide at position 41.0cm
2025-07-08 16:14:39,349 | DEBUG    | base_optimizer  | _place_product_on_shelf | Successfully placed Pulse CRYSTAL Case with Metal Camera Stand for iPhone 16 Plus-White on Third Party Row 2: 1 facings, 11.0cm wide at position 52.0cm
2025-07-08 16:14:39,349 | DEBUG    | base_optimizer  | _place_product_on_shelf | Successfully placed Tekne Matt Magsafe Case for iPhone 16-Black on Third Party Row 3: 1 facings, 11.0cm wide at position 52.0cm
2025-07-08 16:14:39,349 | DEBUG    | base_optimizer  | _place_product_on_shelf | Successfully placed Gripp Clear Case for Apple iPhone 15 Max (6.7) - Clear on Third Party Row 4: 1 facings, 11.0cm wide at position 52.0cm
2025-07-08 16:14:39,349 | DEBUG    | base_optimizer  | _validate_products_placed_sync | Synced products_placed: 33 products actually on shelves
2025-07-08 16:14:39,349 | INFO     | base_optimizer  | create_planogram     | Optimization completed in 0.07s
2025-07-08 16:14:39,349 | INFO     | base_optimizer  | create_planogram     | Placed 33 products with 40 facings
2025-07-08 16:14:39,349 | DEBUG    | clean_planogram | create_clean_planogram | create_clean_planogram called with save_path=output/iPhone_flagship_cohort_clean.png
2025-07-08 16:14:39,383 | DEBUG    | clean_planogram | create_clean_planogram | Apple products count: 2
2025-07-08 16:14:39,383 | DEBUG    | clean_planogram | create_clean_planogram | Apple product names: ['iPhone 16 Pro Max Clear Case with MagSafe', 'iPhone 16 Pro Clear Case with MagSafe']
2025-07-08 16:14:39,383 | DEBUG    | clean_planogram | create_clean_planogram | TPA products count: 31
2025-07-08 16:14:39,383 | DEBUG    | clean_planogram | create_clean_planogram | TPA product names: ['Gripp Rubon Magsafe Case for Apple iPhone 15 (6.1) - Grey', 'Pulse CRYSTAL Case with Metal Camera Stand for iPhone 16-Black', 'Pulse Super crystal magsafe case for iPhone 15-Clear', 'Pulse Super crystal magsafe case for iPhone 15-Clear', 'Pulse Super crystal magsafe case for iPhone 15-Clear', 'Pulse Super crystal magsafe case for iPhone 15-Clear', 'PULSE Aluminium Rugged Magsafe Case for iPhone 16-Matt Green', 'Pulse LIQUID silicon case for iPhone 15-Black', 'Pulse FROSTED Case for iPhone 15-Black', 'Tekne CLEAR Case with Camera stand for iPhone 16 Pro Max-Grey', 'Tekne Matt Magsafe Case for iPhone 16 Pro Max-Black', 'Pulse THOR Leather case for iPhone 15-Blue', 'PULSE Aluminium Rugged Magsafe Case for iPhone 16-Matt Green', 'Pulse Super crystal magsafe case for iPhone 15-Clear', 'Pulse HORNOR Case for iPhone 15-Blue', 'Pulse LIQUID silicon case for iPhone 15-Black', 'Pulse Super crystal magsafe case for iPhone 15-Clear', 'PULSE Aluminium Rugged Magsafe Case for iPhone 16-Matt Green', 'Tekne CLEAR Case with Camera stand for iPhone 16-Grey', 'Pulse Super crystal magsafe case for iPhone 15-Clear', 'Pulse Super crystal magsafe case for iPhone 15-Clear', 'Pulse CLEAR Case with Camera stand for iPhone 16-Dark Blue', 'Pulse CRYSTAL Case with Metal Camera Stand for iPhone 16 Plus-Grey', 'Pulse HORNOR Case for iPhone 15-Blue', 'Pulse Super crystal magsafe case for iPhone 15-Clear', 'Tekne CLEAR Case with Camera stand for iPhone 16 Pro Max-Grey', 'Tekne Matt Magsafe Case for iPhone 16-Grey', 'Pulse THOR Leather case for iPhone 15-Blue', 'PULSE ARMOUR Case for iPhone 16-Dark Blue', 'Pulse CRYSTAL Case with Metal Camera Stand for iPhone 16 Pro Max-Black', 'Gripp Clear Case for Apple iPhone 15 (6.1) - Clear']
2025-07-08 16:14:39,383 | DEBUG    | clean_planogram | create_clean_planogram | Arranged Apple section product names: ['iPhone 16 Pro Max Clear Case with MagSafe', 'iPhone 16 Pro Clear Case with MagSafe', 'iPhone 16 Pro Max Clear Case with MagSafe', 'iPhone 16 Pro Clear Case with MagSafe', 'iPhone 16 Pro Max Clear Case with MagSafe', 'iPhone 16 Pro Clear Case with MagSafe', 'iPhone 16 Pro Max Clear Case with MagSafe', 'iPhone 16 Pro Clear Case with MagSafe', 'iPhone 16 Pro Max Clear Case with MagSafe', 'iPhone 16 Pro Clear Case with MagSafe', 'iPhone 16 Pro Max Clear Case with MagSafe', 'iPhone 16 Pro Clear Case with MagSafe', 'iPhone 16 Pro Max Clear Case with MagSafe', 'iPhone 16 Pro Clear Case with MagSafe', 'iPhone 16 Pro Max Clear Case with MagSafe', 'iPhone 16 Pro Clear Case with MagSafe', 'iPhone 16 Pro Max Clear Case with MagSafe', 'iPhone 16 Pro Clear Case with MagSafe', 'iPhone 16 Pro Max Clear Case with MagSafe', 'iPhone 16 Pro Clear Case with MagSafe']
2025-07-08 16:14:39,383 | DEBUG    | clean_planogram | create_clean_planogram | Arranged TPA section product names: ['Pulse LIQUID silicon case for iPhone 15-Black', 'Pulse LIQUID silicon case for iPhone 15-Black', 'Pulse THOR Leather case for iPhone 15-Blue', 'Pulse THOR Leather case for iPhone 15-Blue', 'Pulse FROSTED Case for iPhone 15-Black', 'Pulse Super crystal magsafe case for iPhone 15-Clear', 'Pulse Super crystal magsafe case for iPhone 15-Clear', 'Pulse Super crystal magsafe case for iPhone 15-Clear', 'Pulse Super crystal magsafe case for iPhone 15-Clear', 'Pulse Super crystal magsafe case for iPhone 15-Clear', 'Pulse Super crystal magsafe case for iPhone 15-Clear', 'Pulse Super crystal magsafe case for iPhone 15-Clear', 'Pulse Super crystal magsafe case for iPhone 15-Clear', 'Pulse Super crystal magsafe case for iPhone 15-Clear', 'Pulse HORNOR Case for iPhone 15-Blue', 'Pulse HORNOR Case for iPhone 15-Blue', 'Pulse CRYSTAL Case with Metal Camera Stand for iPhone 16-Black', 'Pulse CRYSTAL Case with Metal Camera Stand for iPhone 16 Pro Max-Black', 'Pulse CRYSTAL Case with Metal Camera Stand for iPhone 16 Plus-Grey', 'Pulse CLEAR Case with Camera stand for iPhone 16-Dark Blue']
2025-07-08 16:14:39,448 | DEBUG    | clean_planogram | create_clean_planogram | About to call plt.tight_layout()
2025-07-08 16:14:39,467 | DEBUG    | clean_planogram | create_clean_planogram | plt.tight_layout() completed
2025-07-08 16:14:39,467 | DEBUG    | clean_planogram | create_clean_planogram | save_path = output/iPhone_flagship_cohort_clean.png
2025-07-08 16:14:39,467 | DEBUG    | clean_planogram | create_clean_planogram | About to save planogram...
2025-07-08 16:14:39,941 | DEBUG    | clean_planogram | create_clean_planogram | Successfully saved planogram to output/iPhone_flagship_cohort_clean.png
2025-07-08 16:14:39,941 | INFO     | main            | generate_multiple_planograms | Apple series found: ['iPhone 16 Pro Max', 'iPhone 16 Pro', 'iPhone 16 Base', 'iPhone 16 Plus']
2025-07-08 16:14:39,941 | INFO     | main            | generate_multiple_planograms | TPA series found: ['iPhone 16 Base', 'iPhone 16 Pro Max', 'iPhone 15 Series', 'iPhone 16 Plus', 'iPhone 16 Pro']
2025-07-08 16:14:39,941 | INFO     | base_optimizer  | create_planogram     | Starting optimization with 314 products
2025-07-08 16:14:39,941 | INFO     | base_optimizer  | create_planogram     | After store filtering: 314 products
2025-07-08 16:14:39,941 | INFO     | product_optimizer | optimize             | Running product optimization with strategy: sales_velocity
2025-07-08 16:14:39,941 | INFO     | product_optimizer | _optimize_by_sales   | Brand distribution: {'Gripp': 149, 'Apple': 13, 'Pulse': 99, 'Tekne': 16, 'Hyphen': 19, 'AT Minimal': 7, 'UAG': 10, 'nmaxn': 1}
2025-07-08 16:14:39,941 | DEBUG    | product_optimizer | _sort_by_sales_and_iphone16_priority | Ensured representation: iPhone 16 Pro Max - iPhone 16 Pro Max Cl
2025-07-08 16:14:39,941 | DEBUG    | product_optimizer | _sort_by_sales_and_iphone16_priority | Ensured representation: iPhone 16 Base - Pulse CRYSTAL Case w
2025-07-08 16:14:39,941 | DEBUG    | product_optimizer | _sort_by_sales_and_iphone16_priority | Ensured representation: iPhone 16 Plus - Pulse CRYSTAL Case w
2025-07-08 16:14:39,941 | DEBUG    | product_optimizer | _sort_by_sales_and_iphone16_priority | Ensured representation: iPhone 16 Pro - Gripp STELLAR MagSaf
2025-07-08 16:14:39,941 | DEBUG    | product_optimizer | _sort_by_sales_and_iphone16_priority | Ensured representation: iPhone 16 Pro Max - Tekne CLEAR Case wit
2025-07-08 16:14:39,947 | INFO     | product_optimizer | _optimize_by_sales   | Apple series in top 10: {'iPhone 16 Pro Max': 10}
2025-07-08 16:14:39,947 | INFO     | product_optimizer | _optimize_by_sales   | Apple products: 13 | Third-party products: 30
2025-07-08 16:14:39,947 | INFO     | product_optimizer | _optimize_by_sales   | Store type: flagship
2025-07-08 16:14:39,947 | INFO     | product_optimizer | _optimize_by_sales   | Strategy: Apple first half, TPA second half (all shelves)
2025-07-08 16:14:39,950 | INFO     | product_optimizer | _optimize_by_sales   | Apple shelves: ['Apple Premium Row 1', 'Apple Premium Row 2', 'Apple Premium Row 3', 'Apple Premium Row 4', 'Third Party Row 1', 'Third Party Row 2', 'Third Party Row 3', 'Third Party Row 4'] | TPA shelves: ['Apple Premium Row 1', 'Apple Premium Row 2', 'Apple Premium Row 3', 'Apple Premium Row 4', 'Third Party Row 1', 'Third Party Row 2', 'Third Party Row 3', 'Third Party Row 4']
2025-07-08 16:14:39,950 | INFO     | product_optimizer | _optimize_by_sales   | Total shelf width available: 536.0cm
2025-07-08 16:14:39,951 | INFO     | product_optimizer | _optimize_by_sales   | === PLACING APPLE PRODUCTS ===
2025-07-08 16:14:39,951 | INFO     | product_optimizer | _diversify_apple_products | Selected Apple clear product: iPhone 16 Pro Max Clear Case with MagSafe... (sales: 51.9/day)
2025-07-08 16:14:39,952 | INFO     | product_optimizer | _diversify_apple_products | Selected Apple black product: iPhone 16 Pro Max Silicone Case with MagSafe - Bla... (sales: 12.7/day)
2025-07-08 16:14:39,952 | INFO     | product_optimizer | _diversify_apple_products | Selected Apple denim product: iPhone 16 Pro Max Silicone Case with MagSafe - Den... (sales: 5.4/day)
2025-07-08 16:14:39,952 | INFO     | product_optimizer | _diversify_apple_products | Selected Apple lake_green product: iPhone 16 Pro Max Silicone Case with MagSafe - Lak... (sales: 5.2/day)
2025-07-08 16:14:39,952 | INFO     | product_optimizer | _diversify_apple_products | Selected Apple plum product: iPhone 16 Pro Max Silicone Case with MagSafe - Plu... (sales: 3.5/day)
2025-07-08 16:14:39,952 | INFO     | product_optimizer | _diversify_apple_products | Selected Apple stone_gray product: iPhone 16 Pro Max Silicone Case with MagSafe - Sto... (sales: 3.2/day)
2025-07-08 16:14:39,953 | INFO     | product_optimizer | _diversify_apple_products | Selected Apple fuchsia product: iPhone 16 Pro Max Silicone Case with MagSafe - Fuc... (sales: 2.9/day)
2025-07-08 16:14:39,953 | INFO     | product_optimizer | _diversify_apple_products | Selected Apple ultramarine product: iPhone 16 Pro Max Silicone Case with MagSafe - Ult... (sales: 2.9/day)
2025-07-08 16:14:39,953 | INFO     | product_optimizer | _diversify_apple_products | Selected Apple star_fruit product: iPhone 16 Pro Max Silicone Case with MagSafe - Sta... (sales: 1.8/day)
2025-07-08 16:14:39,953 | INFO     | product_optimizer | _diversify_apple_products | Selected Apple fabric product: Peak Design Mobile - Everyday Fabric Case - iPhone... (sales: 0.4/day)
2025-07-08 16:14:39,953 | INFO     | product_optimizer | _diversify_apple_products | Selected Apple clarino product: Peak Design Mobile - Everyday Clarino Case - iPhon... (sales: 0.2/day)
2025-07-08 16:14:39,953 | INFO     | product_optimizer | _diversify_apple_products | Selected Apple loop product: Peak Design Mobile - Everyday Loop Case - iPhone 1... (sales: 0.2/day)
2025-07-08 16:14:39,954 | INFO     | product_optimizer | _diversify_apple_products | Selected Apple fabric product: Peak Design Mobile - Everyday Fabric Case - iPhone... (sales: 0.2/day)
2025-07-08 16:14:39,954 | INFO     | product_optimizer | _diversify_apple_products | Apple color diversity: 13 products selected with maximum unique color representation
2025-07-08 16:14:39,954 | DEBUG    | base_optimizer  | _place_product_on_shelf | Successfully placed iPhone 16 Pro Max Clear Case with MagSafe on Apple Premium Row 1: 1 facings, 11.0cm wide at position 0.5cm
2025-07-08 16:14:39,954 | DEBUG    | product_optimizer | _try_place_with_half_shelf_logic | Placed Apple product on Apple Premium Row 1 (Apple section: 0.0cm used)
2025-07-08 16:14:39,954 | INFO     | product_optimizer | _place_brand_products | [APPLE] #1: Placed iPhone 16 Pro Max Clear Case w... (sales: 51.9/day)
2025-07-08 16:14:39,954 | DEBUG    | base_optimizer  | _place_product_on_shelf | Successfully placed iPhone 16 Pro Max Silicone Case with MagSafe - Black on Apple Premium Row 2: 1 facings, 11.0cm wide at position 0.5cm
2025-07-08 16:14:39,954 | DEBUG    | product_optimizer | _try_place_with_half_shelf_logic | Placed Apple product on Apple Premium Row 2 (Apple section: 0.0cm used)
2025-07-08 16:14:39,954 | INFO     | product_optimizer | _place_brand_products | [APPLE] #2: Placed iPhone 16 Pro Max Silicone Cas... (sales: 12.7/day)
2025-07-08 16:14:39,954 | DEBUG    | base_optimizer  | _place_product_on_shelf | Successfully placed iPhone 16 Pro Max Silicone Case with MagSafe - Denim on Apple Premium Row 3: 1 facings, 11.0cm wide at position 0.5cm
2025-07-08 16:14:39,954 | DEBUG    | product_optimizer | _try_place_with_half_shelf_logic | Placed Apple product on Apple Premium Row 3 (Apple section: 0.0cm used)
2025-07-08 16:14:39,954 | INFO     | product_optimizer | _place_brand_products | [APPLE] #3: Placed iPhone 16 Pro Max Silicone Cas... (sales: 5.4/day)
2025-07-08 16:14:39,954 | DEBUG    | base_optimizer  | _place_product_on_shelf | Successfully placed iPhone 16 Pro Max Silicone Case with MagSafe - Lake Green on Apple Premium Row 4: 1 facings, 11.0cm wide at position 0.5cm
2025-07-08 16:14:39,954 | DEBUG    | product_optimizer | _try_place_with_half_shelf_logic | Placed Apple product on Apple Premium Row 4 (Apple section: 0.0cm used)
2025-07-08 16:14:39,954 | INFO     | product_optimizer | _place_brand_products | [APPLE] #4: Placed iPhone 16 Pro Max Silicone Cas... (sales: 5.2/day)
2025-07-08 16:14:39,954 | DEBUG    | base_optimizer  | _place_product_on_shelf | Successfully placed iPhone 16 Pro Max Silicone Case with MagSafe - Plum on Third Party Row 1: 1 facings, 11.0cm wide at position 0.5cm
2025-07-08 16:14:39,954 | DEBUG    | product_optimizer | _try_place_with_half_shelf_logic | Placed Apple product on Third Party Row 1 (Apple section: 0.0cm used)
2025-07-08 16:14:39,954 | INFO     | product_optimizer | _place_brand_products | [APPLE] #5: Placed iPhone 16 Pro Max Silicone Cas... (sales: 3.5/day)
2025-07-08 16:14:39,954 | DEBUG    | base_optimizer  | _place_product_on_shelf | Successfully placed iPhone 16 Pro Max Silicone Case with MagSafe - Stone Gray on Third Party Row 2: 1 facings, 11.0cm wide at position 0.5cm
2025-07-08 16:14:39,954 | DEBUG    | product_optimizer | _try_place_with_half_shelf_logic | Placed Apple product on Third Party Row 2 (Apple section: 0.0cm used)
2025-07-08 16:14:39,954 | INFO     | product_optimizer | _place_brand_products | [APPLE] #6: Placed iPhone 16 Pro Max Silicone Cas... (sales: 3.2/day)
2025-07-08 16:14:39,958 | DEBUG    | base_optimizer  | _place_product_on_shelf | Successfully placed iPhone 16 Pro Max Silicone Case with MagSafe - Fuchsia on Third Party Row 3: 1 facings, 11.0cm wide at position 0.5cm
2025-07-08 16:14:39,958 | DEBUG    | product_optimizer | _try_place_with_half_shelf_logic | Placed Apple product on Third Party Row 3 (Apple section: 0.0cm used)
2025-07-08 16:14:39,958 | INFO     | product_optimizer | _place_brand_products | [APPLE] #7: Placed iPhone 16 Pro Max Silicone Cas... (sales: 2.9/day)
2025-07-08 16:14:39,958 | DEBUG    | base_optimizer  | _place_product_on_shelf | Successfully placed iPhone 16 Pro Max Silicone Case with MagSafe - Ultramarine on Third Party Row 4: 1 facings, 11.0cm wide at position 0.5cm
2025-07-08 16:14:39,958 | DEBUG    | product_optimizer | _try_place_with_half_shelf_logic | Placed Apple product on Third Party Row 4 (Apple section: 0.0cm used)
2025-07-08 16:14:39,958 | INFO     | product_optimizer | _place_brand_products | [APPLE] #8: Placed iPhone 16 Pro Max Silicone Cas... (sales: 2.9/day)
2025-07-08 16:14:39,958 | DEBUG    | base_optimizer  | _place_product_on_shelf | Successfully placed iPhone 16 Pro Max Silicone Case with MagSafe - Star Fruit on Apple Premium Row 1: 1 facings, 11.0cm wide at position 12.0cm
2025-07-08 16:14:39,958 | DEBUG    | product_optimizer | _try_place_with_half_shelf_logic | Placed Apple product on Apple Premium Row 1 (Apple section: 11.0cm used)
2025-07-08 16:14:39,958 | INFO     | product_optimizer | _place_brand_products | [APPLE] #9: Placed iPhone 16 Pro Max Silicone Cas... (sales: 1.8/day)
2025-07-08 16:14:39,959 | DEBUG    | base_optimizer  | _place_product_on_shelf | Successfully placed Peak Design Mobile - Everyday Fabric Case - iPhone 16 Pro Max - Eclipse on Apple Premium Row 2: 1 facings, 11.0cm wide at position 12.0cm
2025-07-08 16:14:39,959 | DEBUG    | product_optimizer | _try_place_with_half_shelf_logic | Placed Apple product on Apple Premium Row 2 (Apple section: 11.0cm used)
2025-07-08 16:14:39,959 | INFO     | product_optimizer | _place_brand_products | [APPLE] #10: Placed Peak Design Mobile - Everyday ... (sales: 0.4/day)
2025-07-08 16:14:39,961 | DEBUG    | base_optimizer  | _place_product_on_shelf | Successfully placed Peak Design Mobile - Everyday Clarino Case - iPhone 16 Pro Max - Black on Apple Premium Row 3: 1 facings, 11.0cm wide at position 12.0cm
2025-07-08 16:14:39,961 | DEBUG    | product_optimizer | _try_place_with_half_shelf_logic | Placed Apple product on Apple Premium Row 3 (Apple section: 11.0cm used)
2025-07-08 16:14:39,961 | DEBUG    | base_optimizer  | _place_product_on_shelf | Successfully placed Peak Design Mobile - Everyday Loop Case - iPhone 16 Pro Max - Charcoal on Apple Premium Row 4: 1 facings, 11.0cm wide at position 12.0cm
2025-07-08 16:14:39,961 | DEBUG    | product_optimizer | _try_place_with_half_shelf_logic | Placed Apple product on Apple Premium Row 4 (Apple section: 11.0cm used)
2025-07-08 16:14:39,961 | DEBUG    | base_optimizer  | _place_product_on_shelf | Successfully placed Peak Design Mobile - Everyday Fabric Case - iPhone 16 Pro Max - Sage on Third Party Row 1: 1 facings, 11.0cm wide at position 12.0cm
2025-07-08 16:14:39,962 | DEBUG    | product_optimizer | _try_place_with_half_shelf_logic | Placed Apple product on Third Party Row 1 (Apple section: 11.0cm used)
2025-07-08 16:14:39,962 | INFO     | product_optimizer | _optimize_by_sales   | === PLACING THIRD-PARTY PRODUCTS ===
2025-07-08 16:14:39,962 | INFO     | product_optimizer | _filter_tpa_brands   | Filtered TPA brands: 13 products from ['Pulse', 'Gripp', 'Tekne']
2025-07-08 16:14:39,962 | INFO     | product_optimizer | _diversify_tpa_products | [COLOR DEBUG] Product: 'Pulse CRYSTAL Case with Metal Camera Stand for iPhone 16-White' | Subcat: 'crystal' | Detected color: 'white'
2025-07-08 16:14:39,962 | INFO     | product_optimizer | _diversify_tpa_products | [COLOR DEBUG] Product: 'Pulse Super crystal magsafe case for iPhone 15-Black' | Subcat: 'magsafe' | Detected color: 'black'
2025-07-08 16:14:39,962 | INFO     | product_optimizer | _diversify_tpa_products | [COLOR DEBUG] Product: 'PULSE Matt Magsafe Case for iPhone 16-Black' | Subcat: 'magsafe' | Detected color: 'black'
2025-07-08 16:14:39,962 | INFO     | product_optimizer | _diversify_tpa_products | [COLOR DEBUG] Product: 'PULSE ARMOUR Case for iPhone 16-Black' | Subcat: 'armour' | Detected color: 'black'
2025-07-08 16:14:39,962 | INFO     | product_optimizer | _diversify_tpa_products | [COLOR DEBUG] Product: 'PULSE Matt Magsafe Case for iPhone 16-Grey' | Subcat: 'magsafe' | Detected color: 'grey'
2025-07-08 16:14:39,962 | INFO     | product_optimizer | _diversify_tpa_products | [COLOR DEBUG] Product: 'Pulse CLEAR Case with Camera stand for iPhone 16-White' | Subcat: 'clear' | Detected color: 'clear'
2025-07-08 16:14:39,962 | INFO     | product_optimizer | _diversify_tpa_products | [COLOR DEBUG] Product: 'Pulse CRYSTAL Case with Metal Camera Stand for iPhone 16 Pro Max-White' | Subcat: 'crystal' | Detected color: 'white'
2025-07-08 16:14:39,962 | INFO     | product_optimizer | _diversify_tpa_products | [COLOR DEBUG] Product: 'PULSE Aluminium Rugged Magsafe Case for iPhone 16-Matt Black' | Subcat: 'magsafe' | Detected color: 'black'
2025-07-08 16:14:39,962 | INFO     | product_optimizer | _diversify_tpa_products | [COLOR DEBUG] Product: 'Pulse CRYSTAL Case with Metal Camera Stand for iPhone 16 Plus-White' | Subcat: 'crystal' | Detected color: 'white'
2025-07-08 16:14:39,962 | INFO     | product_optimizer | _diversify_tpa_products | [COLOR DEBUG] Product: 'Tekne CLEAR Case with Camera stand for iPhone 16 Pro Max-White' | Subcat: 'clear' | Detected color: 'clear'
2025-07-08 16:14:39,963 | INFO     | product_optimizer | _diversify_tpa_products | [COLOR DEBUG] Product: 'Tekne CLEAR Case with Camera stand for iPhone 16 Pro Max-Black' | Subcat: 'clear' | Detected color: 'clear'
2025-07-08 16:14:39,963 | INFO     | product_optimizer | _diversify_tpa_products | [COLOR DEBUG] Product: 'Tekne Matt Magsafe Case for iPhone 16 Pro Max-Black' | Subcat: 'magsafe' | Detected color: 'black'
2025-07-08 16:14:39,963 | INFO     | product_optimizer | _diversify_tpa_products | [COLOR DEBUG] Product: 'Gripp Clear MagSafe Case for Apple iPhone 15 Max  6.7  with White Ring - Clear' | Subcat: 'magsafe' | Detected color: 'clear'
2025-07-08 16:14:39,963 | INFO     | product_optimizer | _diversify_tpa_products | Selected TPA white product: Pulse CRYSTAL Case with Metal Camera Stand for iPh... (sales: 46.0/day)
2025-07-08 16:14:39,963 | INFO     | product_optimizer | _diversify_tpa_products | Selected TPA black product: Pulse Super crystal magsafe case for iPhone 15-Bla... (sales: 41.0/day)
2025-07-08 16:14:39,963 | INFO     | product_optimizer | _diversify_tpa_products | Selected TPA grey product: PULSE Matt Magsafe Case for iPhone 16-Grey... (sales: 30.8/day)
2025-07-08 16:14:39,963 | INFO     | product_optimizer | _diversify_tpa_products | Selected TPA clear product: Gripp Clear MagSafe Case for Apple iPhone 15 Max  ... (sales: 55.8/day)
2025-07-08 16:14:39,964 | INFO     | product_optimizer | _diversify_tpa_products | Selected TPA white product: Pulse CRYSTAL Case with Metal Camera Stand for iPh... (sales: 27.7/day)
2025-07-08 16:14:39,964 | INFO     | product_optimizer | _diversify_tpa_products | Selected TPA black product: PULSE Matt Magsafe Case for iPhone 16-Black... (sales: 35.4/day)
2025-07-08 16:14:39,964 | INFO     | product_optimizer | _diversify_tpa_products | Selected TPA clear product: Tekne CLEAR Case with Camera stand for iPhone 16 P... (sales: 32.1/day)
2025-07-08 16:14:39,964 | INFO     | product_optimizer | _diversify_tpa_products | Selected TPA white product: Pulse CRYSTAL Case with Metal Camera Stand for iPh... (sales: 25.8/day)
2025-07-08 16:14:39,964 | INFO     | product_optimizer | _diversify_tpa_products | Selected TPA black product: PULSE ARMOUR Case for iPhone 16-Black... (sales: 34.2/day)
2025-07-08 16:14:39,964 | INFO     | product_optimizer | _diversify_tpa_products | Selected TPA clear product: Pulse CLEAR Case with Camera stand for iPhone 16-W... (sales: 29.1/day)
2025-07-08 16:14:39,964 | INFO     | product_optimizer | _diversify_tpa_products | Selected TPA black product: PULSE Aluminium Rugged Magsafe Case for iPhone 16-... (sales: 27.6/day)
2025-07-08 16:14:39,964 | INFO     | product_optimizer | _diversify_tpa_products | Selected TPA clear product: Tekne CLEAR Case with Camera stand for iPhone 16 P... (sales: 28.5/day)
2025-07-08 16:14:39,966 | INFO     | product_optimizer | _diversify_tpa_products | Selected TPA black product: Tekne Matt Magsafe Case for iPhone 16 Pro Max-Blac... (sales: 27.4/day)
2025-07-08 16:14:39,966 | INFO     | product_optimizer | _diversify_tpa_products | TPA color diversity: 13 products selected with maximum unique color representation
2025-07-08 16:14:39,966 | DEBUG    | base_optimizer  | _place_product_on_shelf | Successfully placed Pulse CRYSTAL Case with Metal Camera Stand for iPhone 16-White on Third Party Row 2: 1 facings, 11.0cm wide at position 12.0cm
2025-07-08 16:14:39,966 | DEBUG    | product_optimizer | _try_place_with_half_shelf_logic | Placed TPA product on Third Party Row 2 (TPA section: 0.0cm used)
2025-07-08 16:14:39,966 | INFO     | product_optimizer | _place_brand_products | [TPA] #1: Placed Pulse CRYSTAL Case with Metal ... (sales: 46.0/day)
2025-07-08 16:14:39,967 | DEBUG    | base_optimizer  | _place_product_on_shelf | Successfully placed Pulse Super crystal magsafe case for iPhone 15-Black on Third Party Row 3: 1 facings, 11.0cm wide at position 12.0cm
2025-07-08 16:14:39,967 | DEBUG    | product_optimizer | _try_place_with_half_shelf_logic | Placed TPA product on Third Party Row 3 (TPA section: 0.0cm used)
2025-07-08 16:14:39,967 | INFO     | product_optimizer | _place_brand_products | [TPA] #2: Placed Pulse Super crystal magsafe ca... (sales: 41.0/day)
2025-07-08 16:14:39,967 | DEBUG    | base_optimizer  | _place_product_on_shelf | Successfully placed PULSE Matt Magsafe Case for iPhone 16-Grey on Third Party Row 4: 1 facings, 11.0cm wide at position 12.0cm
2025-07-08 16:14:39,967 | DEBUG    | product_optimizer | _try_place_with_half_shelf_logic | Placed TPA product on Third Party Row 4 (TPA section: 0.0cm used)
2025-07-08 16:14:39,967 | INFO     | product_optimizer | _place_brand_products | [TPA] #3: Placed PULSE Matt Magsafe Case for iP... (sales: 30.8/day)
2025-07-08 16:14:39,967 | DEBUG    | base_optimizer  | _place_product_on_shelf | Successfully placed Gripp Clear MagSafe Case for Apple iPhone 15 Max  6.7  with White Ring - Clear on Apple Premium Row 1: 1 facings, 11.0cm wide at position 23.5cm
2025-07-08 16:14:39,967 | DEBUG    | product_optimizer | _try_place_with_half_shelf_logic | Placed TPA product on Apple Premium Row 1 (TPA section: 0.0cm used)
2025-07-08 16:14:39,967 | INFO     | product_optimizer | _place_brand_products | [TPA] #4: Placed Gripp Clear MagSafe Case for A... (sales: 55.8/day)
2025-07-08 16:14:39,967 | DEBUG    | base_optimizer  | _place_product_on_shelf | Successfully placed Pulse CRYSTAL Case with Metal Camera Stand for iPhone 16 Pro Max-White on Apple Premium Row 2: 1 facings, 11.0cm wide at position 23.5cm
2025-07-08 16:14:39,967 | DEBUG    | product_optimizer | _try_place_with_half_shelf_logic | Placed TPA product on Apple Premium Row 2 (TPA section: 0.0cm used)
2025-07-08 16:14:39,967 | INFO     | product_optimizer | _place_brand_products | [TPA] #5: Placed Pulse CRYSTAL Case with Metal ... (sales: 27.7/day)
2025-07-08 16:14:39,967 | DEBUG    | base_optimizer  | _place_product_on_shelf | Successfully placed PULSE Matt Magsafe Case for iPhone 16-Black on Apple Premium Row 3: 1 facings, 11.0cm wide at position 23.5cm
2025-07-08 16:14:39,967 | DEBUG    | product_optimizer | _try_place_with_half_shelf_logic | Placed TPA product on Apple Premium Row 3 (TPA section: 0.0cm used)
2025-07-08 16:14:39,967 | INFO     | product_optimizer | _place_brand_products | [TPA] #6: Placed PULSE Matt Magsafe Case for iP... (sales: 35.4/day)
2025-07-08 16:14:39,967 | DEBUG    | base_optimizer  | _place_product_on_shelf | Successfully placed Tekne CLEAR Case with Camera stand for iPhone 16 Pro Max-White on Apple Premium Row 4: 1 facings, 11.0cm wide at position 23.5cm
2025-07-08 16:14:39,967 | DEBUG    | product_optimizer | _try_place_with_half_shelf_logic | Placed TPA product on Apple Premium Row 4 (TPA section: 0.0cm used)
2025-07-08 16:14:39,967 | INFO     | product_optimizer | _place_brand_products | [TPA] #7: Placed Tekne CLEAR Case with Camera s... (sales: 32.1/day)
2025-07-08 16:14:39,967 | DEBUG    | base_optimizer  | _place_product_on_shelf | Successfully placed Pulse CRYSTAL Case with Metal Camera Stand for iPhone 16 Plus-White on Third Party Row 1: 1 facings, 11.0cm wide at position 23.5cm
2025-07-08 16:14:39,967 | DEBUG    | product_optimizer | _try_place_with_half_shelf_logic | Placed TPA product on Third Party Row 1 (TPA section: 0.0cm used)
2025-07-08 16:14:39,967 | INFO     | product_optimizer | _place_brand_products | [TPA] #8: Placed Pulse CRYSTAL Case with Metal ... (sales: 25.8/day)
2025-07-08 16:14:39,967 | DEBUG    | base_optimizer  | _place_product_on_shelf | Successfully placed PULSE ARMOUR Case for iPhone 16-Black on Third Party Row 2: 1 facings, 11.0cm wide at position 23.5cm
2025-07-08 16:14:39,967 | DEBUG    | product_optimizer | _try_place_with_half_shelf_logic | Placed TPA product on Third Party Row 2 (TPA section: 0.0cm used)
2025-07-08 16:14:39,967 | INFO     | product_optimizer | _place_brand_products | [TPA] #9: Placed PULSE ARMOUR Case for iPhone 1... (sales: 34.2/day)
2025-07-08 16:14:39,971 | DEBUG    | base_optimizer  | _place_product_on_shelf | Successfully placed Pulse CLEAR Case with Camera stand for iPhone 16-White on Third Party Row 3: 1 facings, 11.0cm wide at position 23.5cm
2025-07-08 16:14:39,971 | DEBUG    | product_optimizer | _try_place_with_half_shelf_logic | Placed TPA product on Third Party Row 3 (TPA section: 0.0cm used)
2025-07-08 16:14:39,971 | INFO     | product_optimizer | _place_brand_products | [TPA] #10: Placed Pulse CLEAR Case with Camera s... (sales: 29.1/day)
2025-07-08 16:14:39,971 | DEBUG    | base_optimizer  | _place_product_on_shelf | Successfully placed PULSE Aluminium Rugged Magsafe Case for iPhone 16-Matt Black on Third Party Row 4: 1 facings, 11.0cm wide at position 23.5cm
2025-07-08 16:14:39,971 | DEBUG    | product_optimizer | _try_place_with_half_shelf_logic | Placed TPA product on Third Party Row 4 (TPA section: 0.0cm used)
2025-07-08 16:14:39,971 | DEBUG    | base_optimizer  | _place_product_on_shelf | Successfully placed Tekne CLEAR Case with Camera stand for iPhone 16 Pro Max-Black on Apple Premium Row 1: 1 facings, 11.0cm wide at position 35.0cm
2025-07-08 16:14:39,971 | DEBUG    | product_optimizer | _try_place_with_half_shelf_logic | Placed TPA product on Apple Premium Row 1 (TPA section: 0.0cm used)
2025-07-08 16:14:39,971 | DEBUG    | base_optimizer  | _place_product_on_shelf | Successfully placed Tekne Matt Magsafe Case for iPhone 16 Pro Max-Black on Apple Premium Row 2: 1 facings, 11.0cm wide at position 35.0cm
2025-07-08 16:14:39,971 | DEBUG    | product_optimizer | _try_place_with_half_shelf_logic | Placed TPA product on Apple Premium Row 2 (TPA section: 0.0cm used)
2025-07-08 16:14:39,971 | DEBUG    | base_optimizer  | _validate_products_placed_sync | Synced products_placed: 26 products actually on shelves
2025-07-08 16:14:39,972 | INFO     | base_optimizer  | create_planogram     | Optimization completed in 0.03s
2025-07-08 16:14:39,972 | INFO     | base_optimizer  | create_planogram     | Placed 26 products with 26 facings
2025-07-08 16:14:39,972 | INFO     | main            | visualize_and_export_results | Creating visualization...
2025-07-08 16:14:39,973 | INFO     | main            | visualize_and_export_results | Creating retail planogram...
2025-07-08 16:14:39,973 | DEBUG    | planogram_visualizer | create_realistic_retail_planogram | Calling create_clean_planogram with save_path=output/iPhone_iPhone 16 Pro Max_flagship_1_sales_velocity_retail.png
2025-07-08 16:14:39,973 | DEBUG    | clean_planogram | create_clean_planogram | create_clean_planogram called with save_path=output/iPhone_iPhone 16 Pro Max_flagship_1_sales_velocity_retail.png
2025-07-08 16:14:39,977 | DEBUG    | clean_planogram | create_clean_planogram | Apple products count: 13
2025-07-08 16:14:39,977 | DEBUG    | clean_planogram | create_clean_planogram | Apple product names: ['iPhone 16 Pro Max Clear Case with MagSafe', 'iPhone 16 Pro Max Silicone Case with MagSafe - Star Fruit', 'iPhone 16 Pro Max Silicone Case with MagSafe - Star Fruit', 'Peak Design Mobile - Everyday Fabric Case - iPhone 16 Pro Max - Sage', 'iPhone 16 Pro Max Silicone Case with MagSafe - Star Fruit', 'Peak Design Mobile - Everyday Clarino Case - iPhone 16 Pro Max - Black', 'iPhone 16 Pro Max Silicone Case with MagSafe - Star Fruit', 'Peak Design Mobile - Everyday Loop Case - iPhone 16 Pro Max - Charcoal', 'iPhone 16 Pro Max Silicone Case with MagSafe - Star Fruit', 'Peak Design Mobile - Everyday Fabric Case - iPhone 16 Pro Max - Sage', 'iPhone 16 Pro Max Silicone Case with MagSafe - Star Fruit', 'iPhone 16 Pro Max Silicone Case with MagSafe - Star Fruit', 'iPhone 16 Pro Max Silicone Case with MagSafe - Star Fruit']
2025-07-08 16:14:39,977 | DEBUG    | clean_planogram | create_clean_planogram | TPA products count: 13
2025-07-08 16:14:39,977 | DEBUG    | clean_planogram | create_clean_planogram | TPA product names: ['Gripp Rubon Magsafe Case for Apple iPhone 15 (6.1) - Grey', 'Tekne CLEAR Case with Camera stand for iPhone 16 Pro Max-Grey', 'Pulse CRYSTAL Case with Metal Camera Stand for iPhone 16 Pro Max-Black', 'Tekne Matt Magsafe Case for iPhone 16 Pro Max-Black', 'PULSE Aluminium Rugged Magsafe Case for iPhone 16-Matt Green', 'Tekne CLEAR Case with Camera stand for iPhone 16 Pro Max-Grey', 'Pulse CRYSTAL Case with Metal Camera Stand for iPhone 16 Plus-Grey', 'Pulse CRYSTAL Case with Metal Camera Stand for iPhone 16-Black', 'PULSE ARMOUR Case for iPhone 16-Dark Blue', 'Pulse Super crystal magsafe case for iPhone 15-Clear', 'Pulse CLEAR Case with Camera stand for iPhone 16-Dark Blue', 'PULSE Aluminium Rugged Magsafe Case for iPhone 16-Matt Green', 'PULSE Aluminium Rugged Magsafe Case for iPhone 16-Matt Green']
2025-07-08 16:14:39,978 | DEBUG    | clean_planogram | create_clean_planogram | Arranged Apple section product names: ['Peak Design Mobile - Everyday Loop Case - iPhone 16 Pro Max - Charcoal', 'Peak Design Mobile - Everyday Clarino Case - iPhone 16 Pro Max - Black', 'Peak Design Mobile - Everyday Fabric Case - iPhone 16 Pro Max - Sage', 'iPhone 16 Pro Max Silicone Case with MagSafe - Star Fruit', 'iPhone 16 Pro Max Clear Case with MagSafe', 'iPhone 16 Pro Max Silicone Case with MagSafe - Star Fruit', 'iPhone 16 Pro Max Silicone Case with MagSafe - Star Fruit', 'Peak Design Mobile - Everyday Fabric Case - iPhone 16 Pro Max - Sage', 'iPhone 16 Pro Max Silicone Case with MagSafe - Star Fruit', 'iPhone 16 Pro Max Silicone Case with MagSafe - Star Fruit', 'Peak Design Mobile - Everyday Loop Case - iPhone 16 Pro Max - Charcoal', 'iPhone 16 Pro Max Silicone Case with MagSafe - Star Fruit', 'iPhone 16 Pro Max Silicone Case with MagSafe - Star Fruit', 'iPhone 16 Pro Max Silicone Case with MagSafe - Star Fruit', 'iPhone 16 Pro Max Silicone Case with MagSafe - Star Fruit', 'iPhone 16 Pro Max Silicone Case with MagSafe - Star Fruit', 'iPhone 16 Pro Max Silicone Case with MagSafe - Star Fruit', 'iPhone 16 Pro Max Silicone Case with MagSafe - Star Fruit', 'iPhone 16 Pro Max Silicone Case with MagSafe - Star Fruit', 'iPhone 16 Pro Max Silicone Case with MagSafe - Star Fruit']
2025-07-08 16:14:39,979 | DEBUG    | clean_planogram | create_clean_planogram | Arranged TPA section product names: ['Pulse Super crystal magsafe case for iPhone 15-Clear', 'Pulse CRYSTAL Case with Metal Camera Stand for iPhone 16-Black', 'Pulse CRYSTAL Case with Metal Camera Stand for iPhone 16 Pro Max-Black', 'Pulse CRYSTAL Case with Metal Camera Stand for iPhone 16 Plus-Grey', 'Pulse CLEAR Case with Camera stand for iPhone 16-Dark Blue', 'PULSE ARMOUR Case for iPhone 16-Dark Blue', 'PULSE Aluminium Rugged Magsafe Case for iPhone 16-Matt Green', 'PULSE Aluminium Rugged Magsafe Case for iPhone 16-Matt Green', 'PULSE Aluminium Rugged Magsafe Case for iPhone 16-Matt Green', 'Tekne Matt Magsafe Case for iPhone 16 Pro Max-Black', 'Tekne CLEAR Case with Camera stand for iPhone 16 Pro Max-Grey', 'Tekne CLEAR Case with Camera stand for iPhone 16 Pro Max-Grey', 'Gripp Rubon Magsafe Case for Apple iPhone 15 (6.1) - Grey', 'Pulse Super crystal magsafe case for iPhone 15-Clear', 'Pulse CRYSTAL Case with Metal Camera Stand for iPhone 16-Black', 'Pulse CRYSTAL Case with Metal Camera Stand for iPhone 16 Pro Max-Black', 'Pulse CRYSTAL Case with Metal Camera Stand for iPhone 16 Plus-Grey', 'Pulse CLEAR Case with Camera stand for iPhone 16-Dark Blue', 'PULSE ARMOUR Case for iPhone 16-Dark Blue', 'PULSE Aluminium Rugged Magsafe Case for iPhone 16-Matt Green']
2025-07-08 16:14:40,033 | DEBUG    | clean_planogram | create_clean_planogram | About to call plt.tight_layout()
2025-07-08 16:14:40,048 | DEBUG    | clean_planogram | create_clean_planogram | plt.tight_layout() completed
2025-07-08 16:14:40,048 | DEBUG    | clean_planogram | create_clean_planogram | save_path = output/iPhone_iPhone 16 Pro Max_flagship_1_sales_velocity_retail.png
2025-07-08 16:14:40,048 | DEBUG    | clean_planogram | create_clean_planogram | About to save planogram...
2025-07-08 16:14:40,863 | DEBUG    | clean_planogram | create_clean_planogram | Successfully saved planogram to output/iPhone_iPhone 16 Pro Max_flagship_1_sales_velocity_retail.png
2025-07-08 16:14:40,864 | INFO     | main            | visualize_and_export_results | Creating Excel export...
2025-07-08 16:14:41,233 | INFO     | excel_exporter  | export_planogram_to_excel | Excel export saved to output\iPhone_iPhone 16 Pro Max_flagship_1_sales_velocity_details.xlsx
2025-07-08 16:14:41,235 | INFO     | base_optimizer  | create_planogram     | Starting optimization with 313 products
2025-07-08 16:14:41,235 | INFO     | base_optimizer  | create_planogram     | After store filtering: 313 products
2025-07-08 16:14:41,235 | INFO     | product_optimizer | optimize             | Running product optimization with strategy: sales_velocity
2025-07-08 16:14:41,235 | INFO     | product_optimizer | _optimize_by_sales   | Brand distribution: {'Gripp': 149, 'Pulse': 99, 'Apple': 12, 'Tekne': 16, 'Hyphen': 19, 'AT Minimal': 7, 'UAG': 10, 'nmaxn': 1}
2025-07-08 16:14:41,236 | DEBUG    | product_optimizer | _sort_by_sales_and_iphone16_priority | Ensured representation: iPhone 16 Pro - iPhone 16 Pro Clear 
2025-07-08 16:14:41,236 | DEBUG    | product_optimizer | _sort_by_sales_and_iphone16_priority | Ensured representation: iPhone 16 Base - Pulse CRYSTAL Case w
2025-07-08 16:14:41,236 | DEBUG    | product_optimizer | _sort_by_sales_and_iphone16_priority | Ensured representation: iPhone 16 Plus - Pulse CRYSTAL Case w
2025-07-08 16:14:41,236 | DEBUG    | product_optimizer | _sort_by_sales_and_iphone16_priority | Ensured representation: iPhone 16 Pro - Gripp STELLAR MagSaf
2025-07-08 16:14:41,236 | DEBUG    | product_optimizer | _sort_by_sales_and_iphone16_priority | Ensured representation: iPhone 16 Pro Max - Tekne CLEAR Case wit
2025-07-08 16:14:41,239 | INFO     | product_optimizer | _optimize_by_sales   | Apple series in top 10: {'iPhone 16 Pro': 10}
2025-07-08 16:14:41,239 | INFO     | product_optimizer | _optimize_by_sales   | Apple products: 12 | Third-party products: 30
2025-07-08 16:14:41,240 | INFO     | product_optimizer | _optimize_by_sales   | Store type: flagship
2025-07-08 16:14:41,240 | INFO     | product_optimizer | _optimize_by_sales   | Strategy: Apple first half, TPA second half (all shelves)
2025-07-08 16:14:41,240 | INFO     | product_optimizer | _optimize_by_sales   | Apple shelves: ['Apple Premium Row 1', 'Apple Premium Row 2', 'Apple Premium Row 3', 'Apple Premium Row 4', 'Third Party Row 1', 'Third Party Row 2', 'Third Party Row 3', 'Third Party Row 4'] | TPA shelves: ['Apple Premium Row 1', 'Apple Premium Row 2', 'Apple Premium Row 3', 'Apple Premium Row 4', 'Third Party Row 1', 'Third Party Row 2', 'Third Party Row 3', 'Third Party Row 4']
2025-07-08 16:14:41,240 | INFO     | product_optimizer | _optimize_by_sales   | Total shelf width available: 536.0cm
2025-07-08 16:14:41,240 | INFO     | product_optimizer | _optimize_by_sales   | === PLACING APPLE PRODUCTS ===
2025-07-08 16:14:41,240 | INFO     | product_optimizer | _diversify_apple_products | Selected Apple clear product: iPhone 16 Pro Clear Case with MagSafe... (sales: 41.0/day)
2025-07-08 16:14:41,241 | INFO     | product_optimizer | _diversify_apple_products | Selected Apple black product: iPhone 16 Pro Silicone Case with MagSafe - Black... (sales: 20.3/day)
2025-07-08 16:14:41,241 | INFO     | product_optimizer | _diversify_apple_products | Selected Apple denim product: iPhone 16 Pro Silicone Case with MagSafe - Denim... (sales: 4.4/day)
2025-07-08 16:14:41,241 | INFO     | product_optimizer | _diversify_apple_products | Selected Apple stone_gray product: iPhone 16 Pro Silicone Case with MagSafe - Stone G... (sales: 3.0/day)
2025-07-08 16:14:41,241 | INFO     | product_optimizer | _diversify_apple_products | Selected Apple ultramarine product: iPhone 16 Pro Silicone Case with MagSafe - Ultrama... (sales: 2.8/day)
2025-07-08 16:14:41,241 | INFO     | product_optimizer | _diversify_apple_products | Selected Apple plum product: iPhone 16 Pro Silicone Case with MagSafe - Plum... (sales: 1.8/day)
2025-07-08 16:14:41,242 | INFO     | product_optimizer | _diversify_apple_products | Selected Apple fuchsia product: iPhone 16 Pro Silicone Case with MagSafe - Fuchsia... (sales: 1.4/day)
2025-07-08 16:14:41,242 | INFO     | product_optimizer | _diversify_apple_products | Selected Apple star_fruit product: iPhone 16 Pro Silicone Case with MagSafe - Star Fr... (sales: 1.1/day)
2025-07-08 16:14:41,242 | INFO     | product_optimizer | _diversify_apple_products | Selected Apple lake_green product: iPhone 16 Pro Silicone Case with MagSafe - Lake Gr... (sales: 0.8/day)
2025-07-08 16:14:41,242 | INFO     | product_optimizer | _diversify_apple_products | Selected Apple clarino product: Peak Design Mobile - Everyday Clarino Case - iPhon... (sales: 0.4/day)
2025-07-08 16:14:41,243 | INFO     | product_optimizer | _diversify_apple_products | Selected Apple fabric product: Peak Design Mobile - Everyday Fabric Case - iPhone... (sales: 0.1/day)
2025-07-08 16:14:41,243 | INFO     | product_optimizer | _diversify_apple_products | Selected Apple clarino product: Peak Design Mobile - Everyday Clarino Case - iPhon... (sales: 0.1/day)
2025-07-08 16:14:41,243 | INFO     | product_optimizer | _diversify_apple_products | Apple color diversity: 12 products selected with maximum unique color representation
2025-07-08 16:14:41,243 | DEBUG    | base_optimizer  | _place_product_on_shelf | Successfully placed iPhone 16 Pro Clear Case with MagSafe on Apple Premium Row 1: 1 facings, 11.0cm wide at position 0.5cm
2025-07-08 16:14:41,243 | DEBUG    | product_optimizer | _try_place_with_half_shelf_logic | Placed Apple product on Apple Premium Row 1 (Apple section: 0.0cm used)
2025-07-08 16:14:41,243 | INFO     | product_optimizer | _place_brand_products | [APPLE] #1: Placed iPhone 16 Pro Clear Case with ... (sales: 41.0/day)
2025-07-08 16:14:41,244 | DEBUG    | base_optimizer  | _place_product_on_shelf | Successfully placed iPhone 16 Pro Silicone Case with MagSafe - Black on Apple Premium Row 2: 1 facings, 11.0cm wide at position 0.5cm
2025-07-08 16:14:41,244 | DEBUG    | product_optimizer | _try_place_with_half_shelf_logic | Placed Apple product on Apple Premium Row 2 (Apple section: 0.0cm used)
2025-07-08 16:14:41,244 | INFO     | product_optimizer | _place_brand_products | [APPLE] #2: Placed iPhone 16 Pro Silicone Case wi... (sales: 20.3/day)
2025-07-08 16:14:41,244 | DEBUG    | base_optimizer  | _place_product_on_shelf | Successfully placed iPhone 16 Pro Silicone Case with MagSafe - Denim on Apple Premium Row 3: 1 facings, 11.0cm wide at position 0.5cm
2025-07-08 16:14:41,244 | DEBUG    | product_optimizer | _try_place_with_half_shelf_logic | Placed Apple product on Apple Premium Row 3 (Apple section: 0.0cm used)
2025-07-08 16:14:41,244 | INFO     | product_optimizer | _place_brand_products | [APPLE] #3: Placed iPhone 16 Pro Silicone Case wi... (sales: 4.4/day)
2025-07-08 16:14:41,245 | DEBUG    | base_optimizer  | _place_product_on_shelf | Successfully placed iPhone 16 Pro Silicone Case with MagSafe - Stone Gray on Apple Premium Row 4: 1 facings, 11.0cm wide at position 0.5cm
2025-07-08 16:14:41,245 | DEBUG    | product_optimizer | _try_place_with_half_shelf_logic | Placed Apple product on Apple Premium Row 4 (Apple section: 0.0cm used)
2025-07-08 16:14:41,245 | INFO     | product_optimizer | _place_brand_products | [APPLE] #4: Placed iPhone 16 Pro Silicone Case wi... (sales: 3.0/day)
2025-07-08 16:14:41,245 | DEBUG    | base_optimizer  | _place_product_on_shelf | Successfully placed iPhone 16 Pro Silicone Case with MagSafe - Ultramarine on Third Party Row 1: 1 facings, 11.0cm wide at position 0.5cm
2025-07-08 16:14:41,245 | DEBUG    | product_optimizer | _try_place_with_half_shelf_logic | Placed Apple product on Third Party Row 1 (Apple section: 0.0cm used)
2025-07-08 16:14:41,245 | INFO     | product_optimizer | _place_brand_products | [APPLE] #5: Placed iPhone 16 Pro Silicone Case wi... (sales: 2.8/day)
2025-07-08 16:14:41,246 | DEBUG    | base_optimizer  | _place_product_on_shelf | Successfully placed iPhone 16 Pro Silicone Case with MagSafe - Plum on Third Party Row 2: 1 facings, 11.0cm wide at position 0.5cm
2025-07-08 16:14:41,246 | DEBUG    | product_optimizer | _try_place_with_half_shelf_logic | Placed Apple product on Third Party Row 2 (Apple section: 0.0cm used)
2025-07-08 16:14:41,246 | INFO     | product_optimizer | _place_brand_products | [APPLE] #6: Placed iPhone 16 Pro Silicone Case wi... (sales: 1.8/day)
2025-07-08 16:14:41,246 | DEBUG    | base_optimizer  | _place_product_on_shelf | Successfully placed iPhone 16 Pro Silicone Case with MagSafe - Fuchsia on Third Party Row 3: 1 facings, 11.0cm wide at position 0.5cm
2025-07-08 16:14:41,246 | DEBUG    | product_optimizer | _try_place_with_half_shelf_logic | Placed Apple product on Third Party Row 3 (Apple section: 0.0cm used)
2025-07-08 16:14:41,247 | INFO     | product_optimizer | _place_brand_products | [APPLE] #7: Placed iPhone 16 Pro Silicone Case wi... (sales: 1.4/day)
2025-07-08 16:14:41,247 | DEBUG    | base_optimizer  | _place_product_on_shelf | Successfully placed iPhone 16 Pro Silicone Case with MagSafe - Star Fruit on Third Party Row 4: 1 facings, 11.0cm wide at position 0.5cm
2025-07-08 16:14:41,247 | DEBUG    | product_optimizer | _try_place_with_half_shelf_logic | Placed Apple product on Third Party Row 4 (Apple section: 0.0cm used)
2025-07-08 16:14:41,247 | INFO     | product_optimizer | _place_brand_products | [APPLE] #8: Placed iPhone 16 Pro Silicone Case wi... (sales: 1.1/day)
2025-07-08 16:14:41,247 | DEBUG    | base_optimizer  | _place_product_on_shelf | Successfully placed iPhone 16 Pro Silicone Case with MagSafe - Lake Green on Apple Premium Row 1: 1 facings, 11.0cm wide at position 12.0cm
2025-07-08 16:14:41,247 | DEBUG    | product_optimizer | _try_place_with_half_shelf_logic | Placed Apple product on Apple Premium Row 1 (Apple section: 11.0cm used)
2025-07-08 16:14:41,247 | INFO     | product_optimizer | _place_brand_products | [APPLE] #9: Placed iPhone 16 Pro Silicone Case wi... (sales: 0.8/day)
2025-07-08 16:14:41,249 | DEBUG    | base_optimizer  | _place_product_on_shelf | Successfully placed Peak Design Mobile - Everyday Clarino Case - iPhone 16 Pro - Tan on Apple Premium Row 2: 1 facings, 11.0cm wide at position 12.0cm
2025-07-08 16:14:41,249 | DEBUG    | product_optimizer | _try_place_with_half_shelf_logic | Placed Apple product on Apple Premium Row 2 (Apple section: 11.0cm used)
2025-07-08 16:14:41,249 | INFO     | product_optimizer | _place_brand_products | [APPLE] #10: Placed Peak Design Mobile - Everyday ... (sales: 0.4/day)
2025-07-08 16:14:41,249 | DEBUG    | base_optimizer  | _place_product_on_shelf | Successfully placed Peak Design Mobile - Everyday Fabric Case - iPhone 16 Pro - Charcoal on Apple Premium Row 3: 1 facings, 11.0cm wide at position 12.0cm
2025-07-08 16:14:41,249 | DEBUG    | product_optimizer | _try_place_with_half_shelf_logic | Placed Apple product on Apple Premium Row 3 (Apple section: 11.0cm used)
2025-07-08 16:14:41,250 | DEBUG    | base_optimizer  | _place_product_on_shelf | Successfully placed Peak Design Mobile - Everyday Clarino Case - iPhone 16 Pro - Black on Apple Premium Row 4: 1 facings, 11.0cm wide at position 12.0cm
2025-07-08 16:14:41,250 | DEBUG    | product_optimizer | _try_place_with_half_shelf_logic | Placed Apple product on Apple Premium Row 4 (Apple section: 11.0cm used)
2025-07-08 16:14:41,250 | INFO     | product_optimizer | _optimize_by_sales   | === PLACING THIRD-PARTY PRODUCTS ===
2025-07-08 16:14:41,250 | INFO     | product_optimizer | _filter_tpa_brands   | Filtered TPA brands: 13 products from ['Pulse', 'Gripp', 'Tekne']
2025-07-08 16:14:41,250 | INFO     | product_optimizer | _diversify_tpa_products | [COLOR DEBUG] Product: 'Pulse CRYSTAL Case with Metal Camera Stand for iPhone 16-White' | Subcat: 'crystal' | Detected color: 'white'
2025-07-08 16:14:41,250 | INFO     | product_optimizer | _diversify_tpa_products | [COLOR DEBUG] Product: 'Pulse Super crystal magsafe case for iPhone 15-Black' | Subcat: 'magsafe' | Detected color: 'black'
2025-07-08 16:14:41,250 | INFO     | product_optimizer | _diversify_tpa_products | [COLOR DEBUG] Product: 'PULSE Matt Magsafe Case for iPhone 16-Black' | Subcat: 'magsafe' | Detected color: 'black'
2025-07-08 16:14:41,250 | INFO     | product_optimizer | _diversify_tpa_products | [COLOR DEBUG] Product: 'PULSE ARMOUR Case for iPhone 16-Black' | Subcat: 'armour' | Detected color: 'black'
2025-07-08 16:14:41,250 | INFO     | product_optimizer | _diversify_tpa_products | [COLOR DEBUG] Product: 'PULSE Matt Magsafe Case for iPhone 16-Grey' | Subcat: 'magsafe' | Detected color: 'grey'
2025-07-08 16:14:41,250 | INFO     | product_optimizer | _diversify_tpa_products | [COLOR DEBUG] Product: 'Pulse CLEAR Case with Camera stand for iPhone 16-White' | Subcat: 'clear' | Detected color: 'clear'
2025-07-08 16:14:41,252 | INFO     | product_optimizer | _diversify_tpa_products | [COLOR DEBUG] Product: 'Pulse CRYSTAL Case with Metal Camera Stand for iPhone 16 Pro Max-White' | Subcat: 'crystal' | Detected color: 'white'
2025-07-08 16:14:41,252 | INFO     | product_optimizer | _diversify_tpa_products | [COLOR DEBUG] Product: 'PULSE Aluminium Rugged Magsafe Case for iPhone 16-Matt Black' | Subcat: 'magsafe' | Detected color: 'black'
2025-07-08 16:14:41,252 | INFO     | product_optimizer | _diversify_tpa_products | [COLOR DEBUG] Product: 'Pulse CRYSTAL Case with Metal Camera Stand for iPhone 16 Plus-White' | Subcat: 'crystal' | Detected color: 'white'
2025-07-08 16:14:41,252 | INFO     | product_optimizer | _diversify_tpa_products | [COLOR DEBUG] Product: 'Tekne CLEAR Case with Camera stand for iPhone 16 Pro Max-White' | Subcat: 'clear' | Detected color: 'clear'
2025-07-08 16:14:41,252 | INFO     | product_optimizer | _diversify_tpa_products | [COLOR DEBUG] Product: 'Tekne CLEAR Case with Camera stand for iPhone 16 Pro Max-Black' | Subcat: 'clear' | Detected color: 'clear'
2025-07-08 16:14:41,252 | INFO     | product_optimizer | _diversify_tpa_products | [COLOR DEBUG] Product: 'Tekne Matt Magsafe Case for iPhone 16 Pro Max-Black' | Subcat: 'magsafe' | Detected color: 'black'
2025-07-08 16:14:41,253 | INFO     | product_optimizer | _diversify_tpa_products | [COLOR DEBUG] Product: 'Gripp Clear MagSafe Case for Apple iPhone 15 Max  6.7  with White Ring - Clear' | Subcat: 'magsafe' | Detected color: 'clear'
2025-07-08 16:14:41,253 | INFO     | product_optimizer | _diversify_tpa_products | Selected TPA white product: Pulse CRYSTAL Case with Metal Camera Stand for iPh... (sales: 46.0/day)
2025-07-08 16:14:41,253 | INFO     | product_optimizer | _diversify_tpa_products | Selected TPA black product: Pulse Super crystal magsafe case for iPhone 15-Bla... (sales: 41.0/day)
2025-07-08 16:14:41,253 | INFO     | product_optimizer | _diversify_tpa_products | Selected TPA grey product: PULSE Matt Magsafe Case for iPhone 16-Grey... (sales: 30.8/day)
2025-07-08 16:14:41,253 | INFO     | product_optimizer | _diversify_tpa_products | Selected TPA clear product: Gripp Clear MagSafe Case for Apple iPhone 15 Max  ... (sales: 55.8/day)
2025-07-08 16:14:41,253 | INFO     | product_optimizer | _diversify_tpa_products | Selected TPA white product: Pulse CRYSTAL Case with Metal Camera Stand for iPh... (sales: 27.7/day)
2025-07-08 16:14:41,253 | INFO     | product_optimizer | _diversify_tpa_products | Selected TPA black product: PULSE Matt Magsafe Case for iPhone 16-Black... (sales: 35.4/day)
2025-07-08 16:14:41,254 | INFO     | product_optimizer | _diversify_tpa_products | Selected TPA clear product: Tekne CLEAR Case with Camera stand for iPhone 16 P... (sales: 32.1/day)
2025-07-08 16:14:41,254 | INFO     | product_optimizer | _diversify_tpa_products | Selected TPA white product: Pulse CRYSTAL Case with Metal Camera Stand for iPh... (sales: 25.8/day)
2025-07-08 16:14:41,254 | INFO     | product_optimizer | _diversify_tpa_products | Selected TPA black product: PULSE ARMOUR Case for iPhone 16-Black... (sales: 34.2/day)
2025-07-08 16:14:41,254 | INFO     | product_optimizer | _diversify_tpa_products | Selected TPA clear product: Pulse CLEAR Case with Camera stand for iPhone 16-W... (sales: 29.1/day)
2025-07-08 16:14:41,254 | INFO     | product_optimizer | _diversify_tpa_products | Selected TPA black product: PULSE Aluminium Rugged Magsafe Case for iPhone 16-... (sales: 27.6/day)
2025-07-08 16:14:41,254 | INFO     | product_optimizer | _diversify_tpa_products | Selected TPA clear product: Tekne CLEAR Case with Camera stand for iPhone 16 P... (sales: 28.5/day)
2025-07-08 16:14:41,255 | INFO     | product_optimizer | _diversify_tpa_products | Selected TPA black product: Tekne Matt Magsafe Case for iPhone 16 Pro Max-Blac... (sales: 27.4/day)
2025-07-08 16:14:41,255 | INFO     | product_optimizer | _diversify_tpa_products | TPA color diversity: 13 products selected with maximum unique color representation
2025-07-08 16:14:41,255 | DEBUG    | base_optimizer  | _place_product_on_shelf | Successfully placed Pulse CRYSTAL Case with Metal Camera Stand for iPhone 16-White on Third Party Row 1: 1 facings, 11.0cm wide at position 12.0cm
2025-07-08 16:14:41,255 | DEBUG    | product_optimizer | _try_place_with_half_shelf_logic | Placed TPA product on Third Party Row 1 (TPA section: 0.0cm used)
2025-07-08 16:14:41,255 | INFO     | product_optimizer | _place_brand_products | [TPA] #1: Placed Pulse CRYSTAL Case with Metal ... (sales: 46.0/day)
2025-07-08 16:14:41,256 | DEBUG    | base_optimizer  | _place_product_on_shelf | Successfully placed Pulse Super crystal magsafe case for iPhone 15-Black on Third Party Row 2: 1 facings, 11.0cm wide at position 12.0cm
2025-07-08 16:14:41,256 | DEBUG    | product_optimizer | _try_place_with_half_shelf_logic | Placed TPA product on Third Party Row 2 (TPA section: 0.0cm used)
2025-07-08 16:14:41,256 | INFO     | product_optimizer | _place_brand_products | [TPA] #2: Placed Pulse Super crystal magsafe ca... (sales: 41.0/day)
2025-07-08 16:14:41,256 | DEBUG    | base_optimizer  | _place_product_on_shelf | Successfully placed PULSE Matt Magsafe Case for iPhone 16-Grey on Third Party Row 3: 1 facings, 11.0cm wide at position 12.0cm
2025-07-08 16:14:41,256 | DEBUG    | product_optimizer | _try_place_with_half_shelf_logic | Placed TPA product on Third Party Row 3 (TPA section: 0.0cm used)
2025-07-08 16:14:41,256 | INFO     | product_optimizer | _place_brand_products | [TPA] #3: Placed PULSE Matt Magsafe Case for iP... (sales: 30.8/day)
2025-07-08 16:14:41,257 | DEBUG    | base_optimizer  | _place_product_on_shelf | Successfully placed Gripp Clear MagSafe Case for Apple iPhone 15 Max  6.7  with White Ring - Clear on Third Party Row 4: 1 facings, 11.0cm wide at position 12.0cm
2025-07-08 16:14:41,257 | DEBUG    | product_optimizer | _try_place_with_half_shelf_logic | Placed TPA product on Third Party Row 4 (TPA section: 0.0cm used)
2025-07-08 16:14:41,257 | INFO     | product_optimizer | _place_brand_products | [TPA] #4: Placed Gripp Clear MagSafe Case for A... (sales: 55.8/day)
2025-07-08 16:14:41,257 | DEBUG    | base_optimizer  | _place_product_on_shelf | Successfully placed Pulse CRYSTAL Case with Metal Camera Stand for iPhone 16 Pro Max-White on Apple Premium Row 1: 1 facings, 11.0cm wide at position 23.5cm
2025-07-08 16:14:41,257 | DEBUG    | product_optimizer | _try_place_with_half_shelf_logic | Placed TPA product on Apple Premium Row 1 (TPA section: 0.0cm used)
2025-07-08 16:14:41,257 | INFO     | product_optimizer | _place_brand_products | [TPA] #5: Placed Pulse CRYSTAL Case with Metal ... (sales: 27.7/day)
2025-07-08 16:14:41,257 | DEBUG    | base_optimizer  | _place_product_on_shelf | Successfully placed PULSE Matt Magsafe Case for iPhone 16-Black on Apple Premium Row 2: 1 facings, 11.0cm wide at position 23.5cm
2025-07-08 16:14:41,257 | DEBUG    | product_optimizer | _try_place_with_half_shelf_logic | Placed TPA product on Apple Premium Row 2 (TPA section: 0.0cm used)
2025-07-08 16:14:41,257 | INFO     | product_optimizer | _place_brand_products | [TPA] #6: Placed PULSE Matt Magsafe Case for iP... (sales: 35.4/day)
2025-07-08 16:14:41,258 | DEBUG    | base_optimizer  | _place_product_on_shelf | Successfully placed Tekne CLEAR Case with Camera stand for iPhone 16 Pro Max-White on Apple Premium Row 3: 1 facings, 11.0cm wide at position 23.5cm
2025-07-08 16:14:41,258 | DEBUG    | product_optimizer | _try_place_with_half_shelf_logic | Placed TPA product on Apple Premium Row 3 (TPA section: 0.0cm used)
2025-07-08 16:14:41,258 | INFO     | product_optimizer | _place_brand_products | [TPA] #7: Placed Tekne CLEAR Case with Camera s... (sales: 32.1/day)
2025-07-08 16:14:41,258 | DEBUG    | base_optimizer  | _place_product_on_shelf | Successfully placed Pulse CRYSTAL Case with Metal Camera Stand for iPhone 16 Plus-White on Apple Premium Row 4: 1 facings, 11.0cm wide at position 23.5cm
2025-07-08 16:14:41,259 | DEBUG    | product_optimizer | _try_place_with_half_shelf_logic | Placed TPA product on Apple Premium Row 4 (TPA section: 0.0cm used)
2025-07-08 16:14:41,259 | INFO     | product_optimizer | _place_brand_products | [TPA] #8: Placed Pulse CRYSTAL Case with Metal ... (sales: 25.8/day)
2025-07-08 16:14:41,259 | DEBUG    | base_optimizer  | _place_product_on_shelf | Successfully placed PULSE ARMOUR Case for iPhone 16-Black on Third Party Row 1: 1 facings, 11.0cm wide at position 23.5cm
2025-07-08 16:14:41,259 | DEBUG    | product_optimizer | _try_place_with_half_shelf_logic | Placed TPA product on Third Party Row 1 (TPA section: 0.0cm used)
2025-07-08 16:14:41,259 | INFO     | product_optimizer | _place_brand_products | [TPA] #9: Placed PULSE ARMOUR Case for iPhone 1... (sales: 34.2/day)
2025-07-08 16:14:41,259 | DEBUG    | base_optimizer  | _place_product_on_shelf | Successfully placed Pulse CLEAR Case with Camera stand for iPhone 16-White on Third Party Row 2: 1 facings, 11.0cm wide at position 23.5cm
2025-07-08 16:14:41,261 | DEBUG    | product_optimizer | _try_place_with_half_shelf_logic | Placed TPA product on Third Party Row 2 (TPA section: 0.0cm used)
2025-07-08 16:14:41,261 | INFO     | product_optimizer | _place_brand_products | [TPA] #10: Placed Pulse CLEAR Case with Camera s... (sales: 29.1/day)
2025-07-08 16:14:41,261 | DEBUG    | base_optimizer  | _place_product_on_shelf | Successfully placed PULSE Aluminium Rugged Magsafe Case for iPhone 16-Matt Black on Third Party Row 3: 1 facings, 11.0cm wide at position 23.5cm
2025-07-08 16:14:41,261 | DEBUG    | product_optimizer | _try_place_with_half_shelf_logic | Placed TPA product on Third Party Row 3 (TPA section: 0.0cm used)
2025-07-08 16:14:41,261 | DEBUG    | base_optimizer  | _place_product_on_shelf | Successfully placed Tekne CLEAR Case with Camera stand for iPhone 16 Pro Max-Black on Third Party Row 4: 1 facings, 11.0cm wide at position 23.5cm
2025-07-08 16:14:41,261 | DEBUG    | product_optimizer | _try_place_with_half_shelf_logic | Placed TPA product on Third Party Row 4 (TPA section: 0.0cm used)
2025-07-08 16:14:41,262 | DEBUG    | base_optimizer  | _place_product_on_shelf | Successfully placed Tekne Matt Magsafe Case for iPhone 16 Pro Max-Black on Apple Premium Row 1: 1 facings, 11.0cm wide at position 35.0cm
2025-07-08 16:14:41,262 | DEBUG    | product_optimizer | _try_place_with_half_shelf_logic | Placed TPA product on Apple Premium Row 1 (TPA section: 0.0cm used)
2025-07-08 16:14:41,262 | DEBUG    | base_optimizer  | _validate_products_placed_sync | Synced products_placed: 25 products actually on shelves
2025-07-08 16:14:41,262 | INFO     | base_optimizer  | create_planogram     | Optimization completed in 0.03s
2025-07-08 16:14:41,262 | INFO     | base_optimizer  | create_planogram     | Placed 25 products with 25 facings
2025-07-08 16:14:41,263 | INFO     | main            | visualize_and_export_results | Creating visualization...
2025-07-08 16:14:41,263 | INFO     | main            | visualize_and_export_results | Creating retail planogram...
2025-07-08 16:14:41,263 | DEBUG    | planogram_visualizer | create_realistic_retail_planogram | Calling create_clean_planogram with save_path=output/iPhone_iPhone 16 Pro_flagship_2_sales_velocity_retail.png
2025-07-08 16:14:41,263 | DEBUG    | clean_planogram | create_clean_planogram | create_clean_planogram called with save_path=output/iPhone_iPhone 16 Pro_flagship_2_sales_velocity_retail.png
2025-07-08 16:14:41,267 | DEBUG    | clean_planogram | create_clean_planogram | Apple products count: 12
2025-07-08 16:14:41,267 | DEBUG    | clean_planogram | create_clean_planogram | Apple product names: ['iPhone 16 Pro Clear Case with MagSafe', 'iPhone 16 Pro Silicone Case with MagSafe - Lake Green', 'iPhone 16 Pro Silicone Case with MagSafe - Lake Green', 'Peak Design Mobile - Everyday Clarino Case - iPhone 16 Pro - Black', 'iPhone 16 Pro Silicone Case with MagSafe - Lake Green', 'Peak Design Mobile - Everyday Fabric Case - iPhone 16 Pro - Charcoal', 'iPhone 16 Pro Silicone Case with MagSafe - Lake Green', 'Peak Design Mobile - Everyday Clarino Case - iPhone 16 Pro - Black', 'iPhone 16 Pro Silicone Case with MagSafe - Lake Green', 'iPhone 16 Pro Silicone Case with MagSafe - Lake Green', 'iPhone 16 Pro Silicone Case with MagSafe - Lake Green', 'iPhone 16 Pro Silicone Case with MagSafe - Lake Green']
2025-07-08 16:14:41,267 | DEBUG    | clean_planogram | create_clean_planogram | TPA products count: 13
2025-07-08 16:14:41,267 | DEBUG    | clean_planogram | create_clean_planogram | TPA product names: ['Pulse CRYSTAL Case with Metal Camera Stand for iPhone 16 Pro Max-Black', 'Tekne Matt Magsafe Case for iPhone 16 Pro Max-Black', 'PULSE Aluminium Rugged Magsafe Case for iPhone 16-Matt Green', 'Tekne CLEAR Case with Camera stand for iPhone 16 Pro Max-Grey', 'Pulse CRYSTAL Case with Metal Camera Stand for iPhone 16 Plus-Grey', 'Pulse CRYSTAL Case with Metal Camera Stand for iPhone 16-Black', 'PULSE ARMOUR Case for iPhone 16-Dark Blue', 'Pulse Super crystal magsafe case for iPhone 15-Clear', 'Pulse CLEAR Case with Camera stand for iPhone 16-Dark Blue', 'PULSE Aluminium Rugged Magsafe Case for iPhone 16-Matt Green', 'PULSE Aluminium Rugged Magsafe Case for iPhone 16-Matt Green', 'Gripp Rubon Magsafe Case for Apple iPhone 15 (6.1) - Grey', 'Tekne CLEAR Case with Camera stand for iPhone 16 Pro Max-Grey']
2025-07-08 16:14:41,267 | DEBUG    | clean_planogram | create_clean_planogram | Arranged Apple section product names: ['iPhone 16 Pro Silicone Case with MagSafe - Lake Green', 'Peak Design Mobile - Everyday Fabric Case - iPhone 16 Pro - Charcoal', 'Peak Design Mobile - Everyday Clarino Case - iPhone 16 Pro - Black', 'iPhone 16 Pro Silicone Case with MagSafe - Lake Green', 'iPhone 16 Pro Clear Case with MagSafe', 'iPhone 16 Pro Silicone Case with MagSafe - Lake Green', 'iPhone 16 Pro Silicone Case with MagSafe - Lake Green', 'iPhone 16 Pro Silicone Case with MagSafe - Lake Green', 'Peak Design Mobile - Everyday Clarino Case - iPhone 16 Pro - Black', 'iPhone 16 Pro Silicone Case with MagSafe - Lake Green', 'Peak Design Mobile - Everyday Clarino Case - iPhone 16 Pro - Black', 'iPhone 16 Pro Silicone Case with MagSafe - Lake Green', 'iPhone 16 Pro Silicone Case with MagSafe - Lake Green', 'iPhone 16 Pro Silicone Case with MagSafe - Lake Green', 'iPhone 16 Pro Silicone Case with MagSafe - Lake Green', 'iPhone 16 Pro Silicone Case with MagSafe - Lake Green', 'iPhone 16 Pro Silicone Case with MagSafe - Lake Green', 'iPhone 16 Pro Silicone Case with MagSafe - Lake Green', 'iPhone 16 Pro Silicone Case with MagSafe - Lake Green', 'iPhone 16 Pro Silicone Case with MagSafe - Lake Green']
2025-07-08 16:14:41,267 | DEBUG    | clean_planogram | create_clean_planogram | Arranged TPA section product names: ['Pulse Super crystal magsafe case for iPhone 15-Clear', 'Pulse CRYSTAL Case with Metal Camera Stand for iPhone 16-Black', 'Pulse CRYSTAL Case with Metal Camera Stand for iPhone 16 Pro Max-Black', 'Pulse CRYSTAL Case with Metal Camera Stand for iPhone 16 Plus-Grey', 'Pulse CLEAR Case with Camera stand for iPhone 16-Dark Blue', 'PULSE ARMOUR Case for iPhone 16-Dark Blue', 'PULSE Aluminium Rugged Magsafe Case for iPhone 16-Matt Green', 'PULSE Aluminium Rugged Magsafe Case for iPhone 16-Matt Green', 'PULSE Aluminium Rugged Magsafe Case for iPhone 16-Matt Green', 'Tekne Matt Magsafe Case for iPhone 16 Pro Max-Black', 'Tekne CLEAR Case with Camera stand for iPhone 16 Pro Max-Grey', 'Tekne CLEAR Case with Camera stand for iPhone 16 Pro Max-Grey', 'Gripp Rubon Magsafe Case for Apple iPhone 15 (6.1) - Grey', 'Pulse Super crystal magsafe case for iPhone 15-Clear', 'Pulse CRYSTAL Case with Metal Camera Stand for iPhone 16-Black', 'Pulse CRYSTAL Case with Metal Camera Stand for iPhone 16 Pro Max-Black', 'Pulse CRYSTAL Case with Metal Camera Stand for iPhone 16 Plus-Grey', 'Pulse CLEAR Case with Camera stand for iPhone 16-Dark Blue', 'PULSE ARMOUR Case for iPhone 16-Dark Blue', 'PULSE Aluminium Rugged Magsafe Case for iPhone 16-Matt Green']
2025-07-08 16:14:41,338 | DEBUG    | clean_planogram | create_clean_planogram | About to call plt.tight_layout()
2025-07-08 16:14:41,352 | DEBUG    | clean_planogram | create_clean_planogram | plt.tight_layout() completed
2025-07-08 16:14:41,352 | DEBUG    | clean_planogram | create_clean_planogram | save_path = output/iPhone_iPhone 16 Pro_flagship_2_sales_velocity_retail.png
2025-07-08 16:14:41,352 | DEBUG    | clean_planogram | create_clean_planogram | About to save planogram...
2025-07-08 16:14:42,111 | DEBUG    | clean_planogram | create_clean_planogram | Successfully saved planogram to output/iPhone_iPhone 16 Pro_flagship_2_sales_velocity_retail.png
2025-07-08 16:14:42,111 | INFO     | main            | visualize_and_export_results | Creating Excel export...
2025-07-08 16:14:42,261 | INFO     | excel_exporter  | export_planogram_to_excel | Excel export saved to output\iPhone_iPhone 16 Pro_flagship_2_sales_velocity_details.xlsx
2025-07-08 16:14:42,263 | INFO     | base_optimizer  | create_planogram     | Starting optimization with 310 products
2025-07-08 16:14:42,263 | INFO     | base_optimizer  | create_planogram     | After store filtering: 310 products
2025-07-08 16:14:42,263 | INFO     | product_optimizer | optimize             | Running product optimization with strategy: sales_velocity
2025-07-08 16:14:42,264 | INFO     | product_optimizer | _optimize_by_sales   | Brand distribution: {'Gripp': 149, 'Pulse': 99, 'Tekne': 16, 'Apple': 9, 'Hyphen': 19, 'AT Minimal': 7, 'UAG': 10, 'nmaxn': 1}
2025-07-08 16:14:42,264 | DEBUG    | product_optimizer | _sort_by_sales_and_iphone16_priority | Ensured representation: iPhone 16 Base - iPhone 16 Clear Case
2025-07-08 16:14:42,264 | DEBUG    | product_optimizer | _sort_by_sales_and_iphone16_priority | Ensured representation: iPhone 16 Base - Pulse CRYSTAL Case w
2025-07-08 16:14:42,264 | DEBUG    | product_optimizer | _sort_by_sales_and_iphone16_priority | Ensured representation: iPhone 16 Plus - Pulse CRYSTAL Case w
2025-07-08 16:14:42,264 | DEBUG    | product_optimizer | _sort_by_sales_and_iphone16_priority | Ensured representation: iPhone 16 Pro - Gripp STELLAR MagSaf
2025-07-08 16:14:42,264 | DEBUG    | product_optimizer | _sort_by_sales_and_iphone16_priority | Ensured representation: iPhone 16 Pro Max - Tekne CLEAR Case wit
2025-07-08 16:14:42,268 | INFO     | product_optimizer | _optimize_by_sales   | Apple series in top 10: {'iPhone 16 Base': 9}
2025-07-08 16:14:42,268 | INFO     | product_optimizer | _optimize_by_sales   | Apple products: 9 | Third-party products: 30
2025-07-08 16:14:42,268 | INFO     | product_optimizer | _optimize_by_sales   | Store type: flagship
2025-07-08 16:14:42,268 | INFO     | product_optimizer | _optimize_by_sales   | Strategy: Apple first half, TPA second half (all shelves)
2025-07-08 16:14:42,268 | INFO     | product_optimizer | _optimize_by_sales   | Apple shelves: ['Apple Premium Row 1', 'Apple Premium Row 2', 'Apple Premium Row 3', 'Apple Premium Row 4', 'Third Party Row 1', 'Third Party Row 2', 'Third Party Row 3', 'Third Party Row 4'] | TPA shelves: ['Apple Premium Row 1', 'Apple Premium Row 2', 'Apple Premium Row 3', 'Apple Premium Row 4', 'Third Party Row 1', 'Third Party Row 2', 'Third Party Row 3', 'Third Party Row 4']
2025-07-08 16:14:42,268 | INFO     | product_optimizer | _optimize_by_sales   | Total shelf width available: 536.0cm
2025-07-08 16:14:42,268 | INFO     | product_optimizer | _optimize_by_sales   | === PLACING APPLE PRODUCTS ===
2025-07-08 16:14:42,268 | INFO     | product_optimizer | _diversify_apple_products | Selected Apple clear product: iPhone 16 Clear Case with MagSafe... (sales: 12.0/day)
2025-07-08 16:14:42,268 | INFO     | product_optimizer | _diversify_apple_products | Selected Apple black product: iPhone 16 Silicone Case with MagSafe - Black... (sales: 7.5/day)
2025-07-08 16:14:42,268 | INFO     | product_optimizer | _diversify_apple_products | Selected Apple lake_green product: iPhone 16 Silicone Case with MagSafe - Lake Green... (sales: 6.3/day)
2025-07-08 16:14:42,268 | INFO     | product_optimizer | _diversify_apple_products | Selected Apple denim product: iPhone 16 Silicone Case with MagSafe - Denim... (sales: 3.5/day)
2025-07-08 16:14:42,269 | INFO     | product_optimizer | _diversify_apple_products | Selected Apple ultramarine product: iPhone 16 Silicone Case with MagSafe - Ultramarine... (sales: 3.3/day)
2025-07-08 16:14:42,269 | INFO     | product_optimizer | _diversify_apple_products | Selected Apple fuchsia product: iPhone 16 Silicone Case with MagSafe - Fuchsia... (sales: 2.2/day)
2025-07-08 16:14:42,269 | INFO     | product_optimizer | _diversify_apple_products | Selected Apple plum product: iPhone 16 Silicone Case with MagSafe - Plum... (sales: 1.7/day)
2025-07-08 16:14:42,269 | INFO     | product_optimizer | _diversify_apple_products | Selected Apple star_fruit product: iPhone 16 Silicone Case with MagSafe - Star Fruit... (sales: 0.8/day)
2025-07-08 16:14:42,269 | INFO     | product_optimizer | _diversify_apple_products | Selected Apple stone_gray product: iPhone 16 Silicone Case with MagSafe - Stone Gray... (sales: 0.5/day)
2025-07-08 16:14:42,269 | INFO     | product_optimizer | _diversify_apple_products | Apple color diversity: 9 products selected with maximum unique color representation
2025-07-08 16:14:42,271 | DEBUG    | base_optimizer  | _place_product_on_shelf | Successfully placed iPhone 16 Clear Case with MagSafe on Apple Premium Row 1: 1 facings, 11.0cm wide at position 0.5cm
2025-07-08 16:14:42,272 | DEBUG    | product_optimizer | _try_place_with_half_shelf_logic | Placed Apple product on Apple Premium Row 1 (Apple section: 0.0cm used)
2025-07-08 16:14:42,272 | INFO     | product_optimizer | _place_brand_products | [APPLE] #1: Placed iPhone 16 Clear Case with MagS... (sales: 12.0/day)
2025-07-08 16:14:42,272 | DEBUG    | base_optimizer  | _place_product_on_shelf | Successfully placed iPhone 16 Silicone Case with MagSafe - Black on Apple Premium Row 2: 1 facings, 11.0cm wide at position 0.5cm
2025-07-08 16:14:42,272 | DEBUG    | product_optimizer | _try_place_with_half_shelf_logic | Placed Apple product on Apple Premium Row 2 (Apple section: 0.0cm used)
2025-07-08 16:14:42,272 | INFO     | product_optimizer | _place_brand_products | [APPLE] #2: Placed iPhone 16 Silicone Case with M... (sales: 7.5/day)
2025-07-08 16:14:42,273 | DEBUG    | base_optimizer  | _place_product_on_shelf | Successfully placed iPhone 16 Silicone Case with MagSafe - Lake Green on Apple Premium Row 3: 1 facings, 11.0cm wide at position 0.5cm
2025-07-08 16:14:42,273 | DEBUG    | product_optimizer | _try_place_with_half_shelf_logic | Placed Apple product on Apple Premium Row 3 (Apple section: 0.0cm used)
2025-07-08 16:14:42,273 | INFO     | product_optimizer | _place_brand_products | [APPLE] #3: Placed iPhone 16 Silicone Case with M... (sales: 6.3/day)
2025-07-08 16:14:42,273 | DEBUG    | base_optimizer  | _place_product_on_shelf | Successfully placed iPhone 16 Silicone Case with MagSafe - Denim on Apple Premium Row 4: 1 facings, 11.0cm wide at position 0.5cm
2025-07-08 16:14:42,273 | DEBUG    | product_optimizer | _try_place_with_half_shelf_logic | Placed Apple product on Apple Premium Row 4 (Apple section: 0.0cm used)
2025-07-08 16:14:42,273 | INFO     | product_optimizer | _place_brand_products | [APPLE] #4: Placed iPhone 16 Silicone Case with M... (sales: 3.5/day)
2025-07-08 16:14:42,274 | DEBUG    | base_optimizer  | _place_product_on_shelf | Successfully placed iPhone 16 Silicone Case with MagSafe - Ultramarine on Third Party Row 1: 1 facings, 11.0cm wide at position 0.5cm
2025-07-08 16:14:42,274 | DEBUG    | product_optimizer | _try_place_with_half_shelf_logic | Placed Apple product on Third Party Row 1 (Apple section: 0.0cm used)
2025-07-08 16:14:42,274 | INFO     | product_optimizer | _place_brand_products | [APPLE] #5: Placed iPhone 16 Silicone Case with M... (sales: 3.3/day)
2025-07-08 16:14:42,274 | DEBUG    | base_optimizer  | _place_product_on_shelf | Successfully placed iPhone 16 Silicone Case with MagSafe - Fuchsia on Third Party Row 2: 1 facings, 11.0cm wide at position 0.5cm
2025-07-08 16:14:42,274 | DEBUG    | product_optimizer | _try_place_with_half_shelf_logic | Placed Apple product on Third Party Row 2 (Apple section: 0.0cm used)
2025-07-08 16:14:42,274 | INFO     | product_optimizer | _place_brand_products | [APPLE] #6: Placed iPhone 16 Silicone Case with M... (sales: 2.2/day)
2025-07-08 16:14:42,275 | DEBUG    | base_optimizer  | _place_product_on_shelf | Successfully placed iPhone 16 Silicone Case with MagSafe - Plum on Third Party Row 3: 1 facings, 11.0cm wide at position 0.5cm
2025-07-08 16:14:42,275 | DEBUG    | product_optimizer | _try_place_with_half_shelf_logic | Placed Apple product on Third Party Row 3 (Apple section: 0.0cm used)
2025-07-08 16:14:42,275 | INFO     | product_optimizer | _place_brand_products | [APPLE] #7: Placed iPhone 16 Silicone Case with M... (sales: 1.7/day)
2025-07-08 16:14:42,275 | DEBUG    | base_optimizer  | _place_product_on_shelf | Successfully placed iPhone 16 Silicone Case with MagSafe - Star Fruit on Third Party Row 4: 1 facings, 11.0cm wide at position 0.5cm
2025-07-08 16:14:42,275 | DEBUG    | product_optimizer | _try_place_with_half_shelf_logic | Placed Apple product on Third Party Row 4 (Apple section: 0.0cm used)
2025-07-08 16:14:42,275 | INFO     | product_optimizer | _place_brand_products | [APPLE] #8: Placed iPhone 16 Silicone Case with M... (sales: 0.8/day)
2025-07-08 16:14:42,276 | DEBUG    | base_optimizer  | _place_product_on_shelf | Successfully placed iPhone 16 Silicone Case with MagSafe - Stone Gray on Apple Premium Row 1: 1 facings, 11.0cm wide at position 12.0cm
2025-07-08 16:14:42,276 | DEBUG    | product_optimizer | _try_place_with_half_shelf_logic | Placed Apple product on Apple Premium Row 1 (Apple section: 11.0cm used)
2025-07-08 16:14:42,276 | INFO     | product_optimizer | _place_brand_products | [APPLE] #9: Placed iPhone 16 Silicone Case with M... (sales: 0.5/day)
2025-07-08 16:14:42,276 | INFO     | product_optimizer | _optimize_by_sales   | === PLACING THIRD-PARTY PRODUCTS ===
2025-07-08 16:14:42,276 | INFO     | product_optimizer | _filter_tpa_brands   | Filtered TPA brands: 13 products from ['Pulse', 'Gripp', 'Tekne']
2025-07-08 16:14:42,276 | INFO     | product_optimizer | _diversify_tpa_products | [COLOR DEBUG] Product: 'Pulse CRYSTAL Case with Metal Camera Stand for iPhone 16-White' | Subcat: 'crystal' | Detected color: 'white'
2025-07-08 16:14:42,276 | INFO     | product_optimizer | _diversify_tpa_products | [COLOR DEBUG] Product: 'Pulse Super crystal magsafe case for iPhone 15-Black' | Subcat: 'magsafe' | Detected color: 'black'
2025-07-08 16:14:42,277 | INFO     | product_optimizer | _diversify_tpa_products | [COLOR DEBUG] Product: 'PULSE Matt Magsafe Case for iPhone 16-Black' | Subcat: 'magsafe' | Detected color: 'black'
2025-07-08 16:14:42,277 | INFO     | product_optimizer | _diversify_tpa_products | [COLOR DEBUG] Product: 'PULSE ARMOUR Case for iPhone 16-Black' | Subcat: 'armour' | Detected color: 'black'
2025-07-08 16:14:42,277 | INFO     | product_optimizer | _diversify_tpa_products | [COLOR DEBUG] Product: 'PULSE Matt Magsafe Case for iPhone 16-Grey' | Subcat: 'magsafe' | Detected color: 'grey'
2025-07-08 16:14:42,278 | INFO     | product_optimizer | _diversify_tpa_products | [COLOR DEBUG] Product: 'Pulse CLEAR Case with Camera stand for iPhone 16-White' | Subcat: 'clear' | Detected color: 'clear'
2025-07-08 16:14:42,278 | INFO     | product_optimizer | _diversify_tpa_products | [COLOR DEBUG] Product: 'Pulse CRYSTAL Case with Metal Camera Stand for iPhone 16 Pro Max-White' | Subcat: 'crystal' | Detected color: 'white'
2025-07-08 16:14:42,278 | INFO     | product_optimizer | _diversify_tpa_products | [COLOR DEBUG] Product: 'PULSE Aluminium Rugged Magsafe Case for iPhone 16-Matt Black' | Subcat: 'magsafe' | Detected color: 'black'
2025-07-08 16:14:42,278 | INFO     | product_optimizer | _diversify_tpa_products | [COLOR DEBUG] Product: 'Pulse CRYSTAL Case with Metal Camera Stand for iPhone 16 Plus-White' | Subcat: 'crystal' | Detected color: 'white'
2025-07-08 16:14:42,278 | INFO     | product_optimizer | _diversify_tpa_products | [COLOR DEBUG] Product: 'Tekne CLEAR Case with Camera stand for iPhone 16 Pro Max-White' | Subcat: 'clear' | Detected color: 'clear'
2025-07-08 16:14:42,278 | INFO     | product_optimizer | _diversify_tpa_products | [COLOR DEBUG] Product: 'Tekne CLEAR Case with Camera stand for iPhone 16 Pro Max-Black' | Subcat: 'clear' | Detected color: 'clear'
2025-07-08 16:14:42,280 | INFO     | product_optimizer | _diversify_tpa_products | [COLOR DEBUG] Product: 'Tekne Matt Magsafe Case for iPhone 16 Pro Max-Black' | Subcat: 'magsafe' | Detected color: 'black'
2025-07-08 16:14:42,280 | INFO     | product_optimizer | _diversify_tpa_products | [COLOR DEBUG] Product: 'Gripp Clear MagSafe Case for Apple iPhone 15 Max  6.7  with White Ring - Clear' | Subcat: 'magsafe' | Detected color: 'clear'
2025-07-08 16:14:42,280 | INFO     | product_optimizer | _diversify_tpa_products | Selected TPA white product: Pulse CRYSTAL Case with Metal Camera Stand for iPh... (sales: 46.0/day)
2025-07-08 16:14:42,280 | INFO     | product_optimizer | _diversify_tpa_products | Selected TPA black product: Pulse Super crystal magsafe case for iPhone 15-Bla... (sales: 41.0/day)
2025-07-08 16:14:42,280 | INFO     | product_optimizer | _diversify_tpa_products | Selected TPA grey product: PULSE Matt Magsafe Case for iPhone 16-Grey... (sales: 30.8/day)
2025-07-08 16:14:42,280 | INFO     | product_optimizer | _diversify_tpa_products | Selected TPA clear product: Gripp Clear MagSafe Case for Apple iPhone 15 Max  ... (sales: 55.8/day)
2025-07-08 16:14:42,281 | INFO     | product_optimizer | _diversify_tpa_products | Selected TPA white product: Pulse CRYSTAL Case with Metal Camera Stand for iPh... (sales: 27.7/day)
2025-07-08 16:14:42,281 | INFO     | product_optimizer | _diversify_tpa_products | Selected TPA black product: PULSE Matt Magsafe Case for iPhone 16-Black... (sales: 35.4/day)
2025-07-08 16:14:42,281 | INFO     | product_optimizer | _diversify_tpa_products | Selected TPA clear product: Tekne CLEAR Case with Camera stand for iPhone 16 P... (sales: 32.1/day)
2025-07-08 16:14:42,281 | INFO     | product_optimizer | _diversify_tpa_products | Selected TPA white product: Pulse CRYSTAL Case with Metal Camera Stand for iPh... (sales: 25.8/day)
2025-07-08 16:14:42,281 | INFO     | product_optimizer | _diversify_tpa_products | Selected TPA black product: PULSE ARMOUR Case for iPhone 16-Black... (sales: 34.2/day)
2025-07-08 16:14:42,281 | INFO     | product_optimizer | _diversify_tpa_products | Selected TPA clear product: Pulse CLEAR Case with Camera stand for iPhone 16-W... (sales: 29.1/day)
2025-07-08 16:14:42,281 | INFO     | product_optimizer | _diversify_tpa_products | Selected TPA black product: PULSE Aluminium Rugged Magsafe Case for iPhone 16-... (sales: 27.6/day)
2025-07-08 16:14:42,281 | INFO     | product_optimizer | _diversify_tpa_products | Selected TPA clear product: Tekne CLEAR Case with Camera stand for iPhone 16 P... (sales: 28.5/day)
2025-07-08 16:14:42,282 | INFO     | product_optimizer | _diversify_tpa_products | Selected TPA black product: Tekne Matt Magsafe Case for iPhone 16 Pro Max-Blac... (sales: 27.4/day)
2025-07-08 16:14:42,282 | INFO     | product_optimizer | _diversify_tpa_products | TPA color diversity: 13 products selected with maximum unique color representation
2025-07-08 16:14:42,282 | DEBUG    | base_optimizer  | _place_product_on_shelf | Successfully placed Pulse CRYSTAL Case with Metal Camera Stand for iPhone 16-White on Apple Premium Row 2: 1 facings, 11.0cm wide at position 12.0cm
2025-07-08 16:14:42,282 | DEBUG    | product_optimizer | _try_place_with_half_shelf_logic | Placed TPA product on Apple Premium Row 2 (TPA section: 0.0cm used)
2025-07-08 16:14:42,282 | INFO     | product_optimizer | _place_brand_products | [TPA] #1: Placed Pulse CRYSTAL Case with Metal ... (sales: 46.0/day)
2025-07-08 16:14:42,282 | DEBUG    | base_optimizer  | _place_product_on_shelf | Successfully placed Pulse Super crystal magsafe case for iPhone 15-Black on Apple Premium Row 3: 1 facings, 11.0cm wide at position 12.0cm
2025-07-08 16:14:42,282 | DEBUG    | product_optimizer | _try_place_with_half_shelf_logic | Placed TPA product on Apple Premium Row 3 (TPA section: 0.0cm used)
2025-07-08 16:14:42,282 | INFO     | product_optimizer | _place_brand_products | [TPA] #2: Placed Pulse Super crystal magsafe ca... (sales: 41.0/day)
2025-07-08 16:14:42,282 | DEBUG    | base_optimizer  | _place_product_on_shelf | Successfully placed PULSE Matt Magsafe Case for iPhone 16-Grey on Apple Premium Row 4: 1 facings, 11.0cm wide at position 12.0cm
2025-07-08 16:14:42,282 | DEBUG    | product_optimizer | _try_place_with_half_shelf_logic | Placed TPA product on Apple Premium Row 4 (TPA section: 0.0cm used)
2025-07-08 16:14:42,282 | INFO     | product_optimizer | _place_brand_products | [TPA] #3: Placed PULSE Matt Magsafe Case for iP... (sales: 30.8/day)
2025-07-08 16:14:42,283 | DEBUG    | base_optimizer  | _place_product_on_shelf | Successfully placed Gripp Clear MagSafe Case for Apple iPhone 15 Max  6.7  with White Ring - Clear on Third Party Row 1: 1 facings, 11.0cm wide at position 12.0cm
2025-07-08 16:14:42,283 | DEBUG    | product_optimizer | _try_place_with_half_shelf_logic | Placed TPA product on Third Party Row 1 (TPA section: 0.0cm used)
2025-07-08 16:14:42,283 | INFO     | product_optimizer | _place_brand_products | [TPA] #4: Placed Gripp Clear MagSafe Case for A... (sales: 55.8/day)
2025-07-08 16:14:42,283 | DEBUG    | base_optimizer  | _place_product_on_shelf | Successfully placed Pulse CRYSTAL Case with Metal Camera Stand for iPhone 16 Pro Max-White on Third Party Row 2: 1 facings, 11.0cm wide at position 12.0cm
2025-07-08 16:14:42,283 | DEBUG    | product_optimizer | _try_place_with_half_shelf_logic | Placed TPA product on Third Party Row 2 (TPA section: 0.0cm used)
2025-07-08 16:14:42,283 | INFO     | product_optimizer | _place_brand_products | [TPA] #5: Placed Pulse CRYSTAL Case with Metal ... (sales: 27.7/day)
2025-07-08 16:14:42,283 | DEBUG    | base_optimizer  | _place_product_on_shelf | Successfully placed PULSE Matt Magsafe Case for iPhone 16-Black on Third Party Row 3: 1 facings, 11.0cm wide at position 12.0cm
2025-07-08 16:14:42,284 | DEBUG    | product_optimizer | _try_place_with_half_shelf_logic | Placed TPA product on Third Party Row 3 (TPA section: 0.0cm used)
2025-07-08 16:14:42,284 | INFO     | product_optimizer | _place_brand_products | [TPA] #6: Placed PULSE Matt Magsafe Case for iP... (sales: 35.4/day)
2025-07-08 16:14:42,285 | DEBUG    | base_optimizer  | _place_product_on_shelf | Successfully placed Tekne CLEAR Case with Camera stand for iPhone 16 Pro Max-White on Third Party Row 4: 1 facings, 11.0cm wide at position 12.0cm
2025-07-08 16:14:42,285 | DEBUG    | product_optimizer | _try_place_with_half_shelf_logic | Placed TPA product on Third Party Row 4 (TPA section: 0.0cm used)
2025-07-08 16:14:42,285 | INFO     | product_optimizer | _place_brand_products | [TPA] #7: Placed Tekne CLEAR Case with Camera s... (sales: 32.1/day)
2025-07-08 16:14:42,285 | DEBUG    | base_optimizer  | _place_product_on_shelf | Successfully placed Pulse CRYSTAL Case with Metal Camera Stand for iPhone 16 Plus-White on Apple Premium Row 1: 1 facings, 11.0cm wide at position 23.5cm
2025-07-08 16:14:42,285 | DEBUG    | product_optimizer | _try_place_with_half_shelf_logic | Placed TPA product on Apple Premium Row 1 (TPA section: 0.0cm used)
2025-07-08 16:14:42,285 | INFO     | product_optimizer | _place_brand_products | [TPA] #8: Placed Pulse CRYSTAL Case with Metal ... (sales: 25.8/day)
2025-07-08 16:14:42,286 | DEBUG    | base_optimizer  | _place_product_on_shelf | Successfully placed PULSE ARMOUR Case for iPhone 16-Black on Apple Premium Row 2: 1 facings, 11.0cm wide at position 23.5cm
2025-07-08 16:14:42,286 | DEBUG    | product_optimizer | _try_place_with_half_shelf_logic | Placed TPA product on Apple Premium Row 2 (TPA section: 0.0cm used)
2025-07-08 16:14:42,286 | INFO     | product_optimizer | _place_brand_products | [TPA] #9: Placed PULSE ARMOUR Case for iPhone 1... (sales: 34.2/day)
2025-07-08 16:14:42,286 | DEBUG    | base_optimizer  | _place_product_on_shelf | Successfully placed Pulse CLEAR Case with Camera stand for iPhone 16-White on Apple Premium Row 3: 1 facings, 11.0cm wide at position 23.5cm
2025-07-08 16:14:42,286 | DEBUG    | product_optimizer | _try_place_with_half_shelf_logic | Placed TPA product on Apple Premium Row 3 (TPA section: 0.0cm used)
2025-07-08 16:14:42,286 | INFO     | product_optimizer | _place_brand_products | [TPA] #10: Placed Pulse CLEAR Case with Camera s... (sales: 29.1/day)
2025-07-08 16:14:42,286 | DEBUG    | base_optimizer  | _place_product_on_shelf | Successfully placed PULSE Aluminium Rugged Magsafe Case for iPhone 16-Matt Black on Apple Premium Row 4: 1 facings, 11.0cm wide at position 23.5cm
2025-07-08 16:14:42,286 | DEBUG    | product_optimizer | _try_place_with_half_shelf_logic | Placed TPA product on Apple Premium Row 4 (TPA section: 0.0cm used)
2025-07-08 16:14:42,287 | DEBUG    | base_optimizer  | _place_product_on_shelf | Successfully placed Tekne CLEAR Case with Camera stand for iPhone 16 Pro Max-Black on Third Party Row 1: 1 facings, 11.0cm wide at position 23.5cm
2025-07-08 16:14:42,287 | DEBUG    | product_optimizer | _try_place_with_half_shelf_logic | Placed TPA product on Third Party Row 1 (TPA section: 0.0cm used)
2025-07-08 16:14:42,287 | DEBUG    | base_optimizer  | _place_product_on_shelf | Successfully placed Tekne Matt Magsafe Case for iPhone 16 Pro Max-Black on Third Party Row 2: 1 facings, 11.0cm wide at position 23.5cm
2025-07-08 16:14:42,288 | DEBUG    | product_optimizer | _try_place_with_half_shelf_logic | Placed TPA product on Third Party Row 2 (TPA section: 0.0cm used)
2025-07-08 16:14:42,288 | DEBUG    | base_optimizer  | _validate_products_placed_sync | Synced products_placed: 22 products actually on shelves
2025-07-08 16:14:42,288 | INFO     | base_optimizer  | create_planogram     | Optimization completed in 0.02s
2025-07-08 16:14:42,288 | INFO     | base_optimizer  | create_planogram     | Placed 22 products with 22 facings
2025-07-08 16:14:42,288 | INFO     | main            | visualize_and_export_results | Creating visualization...
2025-07-08 16:14:42,288 | INFO     | main            | visualize_and_export_results | Creating retail planogram...
2025-07-08 16:14:42,288 | DEBUG    | planogram_visualizer | create_realistic_retail_planogram | Calling create_clean_planogram with save_path=output/iPhone_iPhone 16 Base_flagship_3_sales_velocity_retail.png
2025-07-08 16:14:42,288 | DEBUG    | clean_planogram | create_clean_planogram | create_clean_planogram called with save_path=output/iPhone_iPhone 16 Base_flagship_3_sales_velocity_retail.png
2025-07-08 16:14:42,293 | DEBUG    | clean_planogram | create_clean_planogram | Apple products count: 9
2025-07-08 16:14:42,294 | DEBUG    | clean_planogram | create_clean_planogram | Apple product names: ['iPhone 16 Clear Case with MagSafe', 'iPhone 16 Silicone Case with MagSafe - Stone Gray', 'iPhone 16 Silicone Case with MagSafe - Stone Gray', 'iPhone 16 Silicone Case with MagSafe - Stone Gray', 'iPhone 16 Silicone Case with MagSafe - Stone Gray', 'iPhone 16 Silicone Case with MagSafe - Stone Gray', 'iPhone 16 Silicone Case with MagSafe - Stone Gray', 'iPhone 16 Silicone Case with MagSafe - Stone Gray', 'iPhone 16 Silicone Case with MagSafe - Stone Gray']
2025-07-08 16:14:42,294 | DEBUG    | clean_planogram | create_clean_planogram | TPA products count: 13
2025-07-08 16:14:42,294 | DEBUG    | clean_planogram | create_clean_planogram | TPA product names: ['Pulse CRYSTAL Case with Metal Camera Stand for iPhone 16 Plus-Grey', 'Pulse CRYSTAL Case with Metal Camera Stand for iPhone 16-Black', 'PULSE ARMOUR Case for iPhone 16-Dark Blue', 'Pulse Super crystal magsafe case for iPhone 15-Clear', 'Pulse CLEAR Case with Camera stand for iPhone 16-Dark Blue', 'PULSE Aluminium Rugged Magsafe Case for iPhone 16-Matt Green', 'PULSE Aluminium Rugged Magsafe Case for iPhone 16-Matt Green', 'Gripp Rubon Magsafe Case for Apple iPhone 15 (6.1) - Grey', 'Tekne CLEAR Case with Camera stand for iPhone 16 Pro Max-Grey', 'Pulse CRYSTAL Case with Metal Camera Stand for iPhone 16 Pro Max-Black', 'Tekne Matt Magsafe Case for iPhone 16 Pro Max-Black', 'PULSE Aluminium Rugged Magsafe Case for iPhone 16-Matt Green', 'Tekne CLEAR Case with Camera stand for iPhone 16 Pro Max-Grey']
2025-07-08 16:14:42,294 | DEBUG    | clean_planogram | create_clean_planogram | Arranged Apple section product names: ['iPhone 16 Silicone Case with MagSafe - Stone Gray', 'iPhone 16 Silicone Case with MagSafe - Stone Gray', 'iPhone 16 Silicone Case with MagSafe - Stone Gray', 'iPhone 16 Silicone Case with MagSafe - Stone Gray', 'iPhone 16 Clear Case with MagSafe', 'iPhone 16 Silicone Case with MagSafe - Stone Gray', 'iPhone 16 Silicone Case with MagSafe - Stone Gray', 'iPhone 16 Silicone Case with MagSafe - Stone Gray', 'iPhone 16 Silicone Case with MagSafe - Stone Gray', 'iPhone 16 Silicone Case with MagSafe - Stone Gray', 'iPhone 16 Silicone Case with MagSafe - Stone Gray', 'iPhone 16 Silicone Case with MagSafe - Stone Gray', 'iPhone 16 Silicone Case with MagSafe - Stone Gray', 'iPhone 16 Silicone Case with MagSafe - Stone Gray', 'iPhone 16 Silicone Case with MagSafe - Stone Gray', 'iPhone 16 Silicone Case with MagSafe - Stone Gray', 'iPhone 16 Silicone Case with MagSafe - Stone Gray', 'iPhone 16 Silicone Case with MagSafe - Stone Gray', 'iPhone 16 Silicone Case with MagSafe - Stone Gray', 'iPhone 16 Silicone Case with MagSafe - Stone Gray']
2025-07-08 16:14:42,294 | DEBUG    | clean_planogram | create_clean_planogram | Arranged TPA section product names: ['Pulse Super crystal magsafe case for iPhone 15-Clear', 'Pulse CRYSTAL Case with Metal Camera Stand for iPhone 16-Black', 'Pulse CRYSTAL Case with Metal Camera Stand for iPhone 16 Pro Max-Black', 'Pulse CRYSTAL Case with Metal Camera Stand for iPhone 16 Plus-Grey', 'Pulse CLEAR Case with Camera stand for iPhone 16-Dark Blue', 'PULSE ARMOUR Case for iPhone 16-Dark Blue', 'PULSE Aluminium Rugged Magsafe Case for iPhone 16-Matt Green', 'PULSE Aluminium Rugged Magsafe Case for iPhone 16-Matt Green', 'PULSE Aluminium Rugged Magsafe Case for iPhone 16-Matt Green', 'Tekne Matt Magsafe Case for iPhone 16 Pro Max-Black', 'Tekne CLEAR Case with Camera stand for iPhone 16 Pro Max-Grey', 'Tekne CLEAR Case with Camera stand for iPhone 16 Pro Max-Grey', 'Gripp Rubon Magsafe Case for Apple iPhone 15 (6.1) - Grey', 'Pulse Super crystal magsafe case for iPhone 15-Clear', 'Pulse CRYSTAL Case with Metal Camera Stand for iPhone 16-Black', 'Pulse CRYSTAL Case with Metal Camera Stand for iPhone 16 Pro Max-Black', 'Pulse CRYSTAL Case with Metal Camera Stand for iPhone 16 Plus-Grey', 'Pulse CLEAR Case with Camera stand for iPhone 16-Dark Blue', 'PULSE ARMOUR Case for iPhone 16-Dark Blue', 'PULSE Aluminium Rugged Magsafe Case for iPhone 16-Matt Green']
2025-07-08 16:14:42,352 | DEBUG    | clean_planogram | create_clean_planogram | About to call plt.tight_layout()
2025-07-08 16:14:42,366 | DEBUG    | clean_planogram | create_clean_planogram | plt.tight_layout() completed
2025-07-08 16:14:42,366 | DEBUG    | clean_planogram | create_clean_planogram | save_path = output/iPhone_iPhone 16 Base_flagship_3_sales_velocity_retail.png
2025-07-08 16:14:42,366 | DEBUG    | clean_planogram | create_clean_planogram | About to save planogram...
2025-07-08 16:14:43,087 | DEBUG    | clean_planogram | create_clean_planogram | Successfully saved planogram to output/iPhone_iPhone 16 Base_flagship_3_sales_velocity_retail.png
2025-07-08 16:14:43,087 | INFO     | main            | visualize_and_export_results | Creating Excel export...
2025-07-08 16:14:43,225 | INFO     | excel_exporter  | export_planogram_to_excel | Excel export saved to output\iPhone_iPhone 16 Base_flagship_3_sales_velocity_details.xlsx
2025-07-08 16:14:43,225 | INFO     | base_optimizer  | create_planogram     | Starting optimization with 310 products
2025-07-08 16:14:43,228 | INFO     | base_optimizer  | create_planogram     | After store filtering: 310 products
2025-07-08 16:14:43,228 | INFO     | product_optimizer | optimize             | Running product optimization with strategy: sales_velocity
2025-07-08 16:14:43,228 | INFO     | product_optimizer | _optimize_by_sales   | Brand distribution: {'Gripp': 149, 'Pulse': 99, 'Tekne': 16, 'Apple': 9, 'Hyphen': 19, 'AT Minimal': 7, 'UAG': 10, 'nmaxn': 1}
2025-07-08 16:14:43,228 | DEBUG    | product_optimizer | _sort_by_sales_and_iphone16_priority | Ensured representation: iPhone 16 Plus - iPhone 16 Plus Clear
2025-07-08 16:14:43,228 | DEBUG    | product_optimizer | _sort_by_sales_and_iphone16_priority | Ensured representation: iPhone 16 Base - Pulse CRYSTAL Case w
2025-07-08 16:14:43,228 | DEBUG    | product_optimizer | _sort_by_sales_and_iphone16_priority | Ensured representation: iPhone 16 Plus - Pulse CRYSTAL Case w
2025-07-08 16:14:43,228 | DEBUG    | product_optimizer | _sort_by_sales_and_iphone16_priority | Ensured representation: iPhone 16 Pro - Gripp STELLAR MagSaf
2025-07-08 16:14:43,228 | DEBUG    | product_optimizer | _sort_by_sales_and_iphone16_priority | Ensured representation: iPhone 16 Pro Max - Tekne CLEAR Case wit
2025-07-08 16:14:43,228 | INFO     | product_optimizer | _optimize_by_sales   | Apple series in top 10: {'iPhone 16 Plus': 9}
2025-07-08 16:14:43,228 | INFO     | product_optimizer | _optimize_by_sales   | Apple products: 9 | Third-party products: 30
2025-07-08 16:14:43,228 | INFO     | product_optimizer | _optimize_by_sales   | Store type: flagship
2025-07-08 16:14:43,228 | INFO     | product_optimizer | _optimize_by_sales   | Strategy: Apple first half, TPA second half (all shelves)
2025-07-08 16:14:43,228 | INFO     | product_optimizer | _optimize_by_sales   | Apple shelves: ['Apple Premium Row 1', 'Apple Premium Row 2', 'Apple Premium Row 3', 'Apple Premium Row 4', 'Third Party Row 1', 'Third Party Row 2', 'Third Party Row 3', 'Third Party Row 4'] | TPA shelves: ['Apple Premium Row 1', 'Apple Premium Row 2', 'Apple Premium Row 3', 'Apple Premium Row 4', 'Third Party Row 1', 'Third Party Row 2', 'Third Party Row 3', 'Third Party Row 4']
2025-07-08 16:14:43,233 | INFO     | product_optimizer | _optimize_by_sales   | Total shelf width available: 536.0cm
2025-07-08 16:14:43,233 | INFO     | product_optimizer | _optimize_by_sales   | === PLACING APPLE PRODUCTS ===
2025-07-08 16:14:43,233 | INFO     | product_optimizer | _diversify_apple_products | Selected Apple clear product: iPhone 16 Plus Clear Case with MagSafe... (sales: 8.8/day)
2025-07-08 16:14:43,233 | INFO     | product_optimizer | _diversify_apple_products | Selected Apple fuchsia product: iPhone 16 Plus Silicone Case with MagSafe - Fuchsi... (sales: 2.6/day)
2025-07-08 16:14:43,234 | INFO     | product_optimizer | _diversify_apple_products | Selected Apple black product: iPhone 16 Plus Silicone Case with MagSafe - Black... (sales: 2.5/day)
2025-07-08 16:14:43,234 | INFO     | product_optimizer | _diversify_apple_products | Selected Apple ultramarine product: iPhone 16 Plus Silicone Case with MagSafe - Ultram... (sales: 2.5/day)
2025-07-08 16:14:43,234 | INFO     | product_optimizer | _diversify_apple_products | Selected Apple lake_green product: iPhone 16 Plus Silicone Case with MagSafe - Lake G... (sales: 2.4/day)
2025-07-08 16:14:43,234 | INFO     | product_optimizer | _diversify_apple_products | Selected Apple stone_gray product: iPhone 16 Plus Silicone Case with MagSafe - Stone ... (sales: 1.6/day)
2025-07-08 16:14:43,235 | INFO     | product_optimizer | _diversify_apple_products | Selected Apple denim product: iPhone 16 Plus Silicone Case with MagSafe - Denim... (sales: 1.5/day)
2025-07-08 16:14:43,235 | INFO     | product_optimizer | _diversify_apple_products | Selected Apple plum product: iPhone 16 Plus Silicone Case with MagSafe - Plum... (sales: 1.0/day)
2025-07-08 16:14:43,235 | INFO     | product_optimizer | _diversify_apple_products | Selected Apple star_fruit product: iPhone 16 Plus Silicone Case with MagSafe - Star F... (sales: 0.2/day)
2025-07-08 16:14:43,235 | INFO     | product_optimizer | _diversify_apple_products | Apple color diversity: 9 products selected with maximum unique color representation
2025-07-08 16:14:43,236 | DEBUG    | base_optimizer  | _place_product_on_shelf | Successfully placed iPhone 16 Plus Clear Case with MagSafe on Apple Premium Row 1: 1 facings, 11.0cm wide at position 0.5cm
2025-07-08 16:14:43,236 | DEBUG    | product_optimizer | _try_place_with_half_shelf_logic | Placed Apple product on Apple Premium Row 1 (Apple section: 0.0cm used)
2025-07-08 16:14:43,236 | INFO     | product_optimizer | _place_brand_products | [APPLE] #1: Placed iPhone 16 Plus Clear Case with... (sales: 8.8/day)
2025-07-08 16:14:43,236 | DEBUG    | base_optimizer  | _place_product_on_shelf | Successfully placed iPhone 16 Plus Silicone Case with MagSafe - Fuchsia on Apple Premium Row 2: 1 facings, 11.0cm wide at position 0.5cm
2025-07-08 16:14:43,236 | DEBUG    | product_optimizer | _try_place_with_half_shelf_logic | Placed Apple product on Apple Premium Row 2 (Apple section: 0.0cm used)
2025-07-08 16:14:43,236 | INFO     | product_optimizer | _place_brand_products | [APPLE] #2: Placed iPhone 16 Plus Silicone Case w... (sales: 2.6/day)
2025-07-08 16:14:43,236 | DEBUG    | base_optimizer  | _place_product_on_shelf | Successfully placed iPhone 16 Plus Silicone Case with MagSafe - Black on Apple Premium Row 3: 1 facings, 11.0cm wide at position 0.5cm
2025-07-08 16:14:43,236 | DEBUG    | product_optimizer | _try_place_with_half_shelf_logic | Placed Apple product on Apple Premium Row 3 (Apple section: 0.0cm used)
2025-07-08 16:14:43,236 | INFO     | product_optimizer | _place_brand_products | [APPLE] #3: Placed iPhone 16 Plus Silicone Case w... (sales: 2.5/day)
2025-07-08 16:14:43,236 | DEBUG    | base_optimizer  | _place_product_on_shelf | Successfully placed iPhone 16 Plus Silicone Case with MagSafe - Ultramarine on Apple Premium Row 4: 1 facings, 11.0cm wide at position 0.5cm
2025-07-08 16:14:43,236 | DEBUG    | product_optimizer | _try_place_with_half_shelf_logic | Placed Apple product on Apple Premium Row 4 (Apple section: 0.0cm used)
2025-07-08 16:14:43,236 | INFO     | product_optimizer | _place_brand_products | [APPLE] #4: Placed iPhone 16 Plus Silicone Case w... (sales: 2.5/day)
2025-07-08 16:14:43,236 | DEBUG    | base_optimizer  | _place_product_on_shelf | Successfully placed iPhone 16 Plus Silicone Case with MagSafe - Lake Green on Third Party Row 1: 1 facings, 11.0cm wide at position 0.5cm
2025-07-08 16:14:43,236 | DEBUG    | product_optimizer | _try_place_with_half_shelf_logic | Placed Apple product on Third Party Row 1 (Apple section: 0.0cm used)
2025-07-08 16:14:43,237 | INFO     | product_optimizer | _place_brand_products | [APPLE] #5: Placed iPhone 16 Plus Silicone Case w... (sales: 2.4/day)
2025-07-08 16:14:43,237 | DEBUG    | base_optimizer  | _place_product_on_shelf | Successfully placed iPhone 16 Plus Silicone Case with MagSafe - Stone Gray on Third Party Row 2: 1 facings, 11.0cm wide at position 0.5cm
2025-07-08 16:14:43,237 | DEBUG    | product_optimizer | _try_place_with_half_shelf_logic | Placed Apple product on Third Party Row 2 (Apple section: 0.0cm used)
2025-07-08 16:14:43,237 | INFO     | product_optimizer | _place_brand_products | [APPLE] #6: Placed iPhone 16 Plus Silicone Case w... (sales: 1.6/day)
2025-07-08 16:14:43,237 | DEBUG    | base_optimizer  | _place_product_on_shelf | Successfully placed iPhone 16 Plus Silicone Case with MagSafe - Denim on Third Party Row 3: 1 facings, 11.0cm wide at position 0.5cm
2025-07-08 16:14:43,237 | DEBUG    | product_optimizer | _try_place_with_half_shelf_logic | Placed Apple product on Third Party Row 3 (Apple section: 0.0cm used)
2025-07-08 16:14:43,237 | INFO     | product_optimizer | _place_brand_products | [APPLE] #7: Placed iPhone 16 Plus Silicone Case w... (sales: 1.5/day)
2025-07-08 16:14:43,238 | DEBUG    | base_optimizer  | _place_product_on_shelf | Successfully placed iPhone 16 Plus Silicone Case with MagSafe - Plum on Third Party Row 4: 1 facings, 11.0cm wide at position 0.5cm
2025-07-08 16:14:43,238 | DEBUG    | product_optimizer | _try_place_with_half_shelf_logic | Placed Apple product on Third Party Row 4 (Apple section: 0.0cm used)
2025-07-08 16:14:43,238 | INFO     | product_optimizer | _place_brand_products | [APPLE] #8: Placed iPhone 16 Plus Silicone Case w... (sales: 1.0/day)
2025-07-08 16:14:43,238 | DEBUG    | base_optimizer  | _place_product_on_shelf | Successfully placed iPhone 16 Plus Silicone Case with MagSafe - Star Fruit on Apple Premium Row 1: 1 facings, 11.0cm wide at position 12.0cm
2025-07-08 16:14:43,238 | DEBUG    | product_optimizer | _try_place_with_half_shelf_logic | Placed Apple product on Apple Premium Row 1 (Apple section: 11.0cm used)
2025-07-08 16:14:43,238 | INFO     | product_optimizer | _place_brand_products | [APPLE] #9: Placed iPhone 16 Plus Silicone Case w... (sales: 0.2/day)
2025-07-08 16:14:43,238 | INFO     | product_optimizer | _optimize_by_sales   | === PLACING THIRD-PARTY PRODUCTS ===
2025-07-08 16:14:43,238 | INFO     | product_optimizer | _filter_tpa_brands   | Filtered TPA brands: 13 products from ['Pulse', 'Gripp', 'Tekne']
2025-07-08 16:14:43,238 | INFO     | product_optimizer | _diversify_tpa_products | [COLOR DEBUG] Product: 'Pulse CRYSTAL Case with Metal Camera Stand for iPhone 16-White' | Subcat: 'crystal' | Detected color: 'white'
2025-07-08 16:14:43,238 | INFO     | product_optimizer | _diversify_tpa_products | [COLOR DEBUG] Product: 'Pulse Super crystal magsafe case for iPhone 15-Black' | Subcat: 'magsafe' | Detected color: 'black'
2025-07-08 16:14:43,238 | INFO     | product_optimizer | _diversify_tpa_products | [COLOR DEBUG] Product: 'PULSE Matt Magsafe Case for iPhone 16-Black' | Subcat: 'magsafe' | Detected color: 'black'
2025-07-08 16:14:43,238 | INFO     | product_optimizer | _diversify_tpa_products | [COLOR DEBUG] Product: 'PULSE ARMOUR Case for iPhone 16-Black' | Subcat: 'armour' | Detected color: 'black'
2025-07-08 16:14:43,238 | INFO     | product_optimizer | _diversify_tpa_products | [COLOR DEBUG] Product: 'PULSE Matt Magsafe Case for iPhone 16-Grey' | Subcat: 'magsafe' | Detected color: 'grey'
2025-07-08 16:14:43,238 | INFO     | product_optimizer | _diversify_tpa_products | [COLOR DEBUG] Product: 'Pulse CLEAR Case with Camera stand for iPhone 16-White' | Subcat: 'clear' | Detected color: 'clear'
2025-07-08 16:14:43,238 | INFO     | product_optimizer | _diversify_tpa_products | [COLOR DEBUG] Product: 'Pulse CRYSTAL Case with Metal Camera Stand for iPhone 16 Pro Max-White' | Subcat: 'crystal' | Detected color: 'white'
2025-07-08 16:14:43,238 | INFO     | product_optimizer | _diversify_tpa_products | [COLOR DEBUG] Product: 'PULSE Aluminium Rugged Magsafe Case for iPhone 16-Matt Black' | Subcat: 'magsafe' | Detected color: 'black'
2025-07-08 16:14:43,238 | INFO     | product_optimizer | _diversify_tpa_products | [COLOR DEBUG] Product: 'Pulse CRYSTAL Case with Metal Camera Stand for iPhone 16 Plus-White' | Subcat: 'crystal' | Detected color: 'white'
2025-07-08 16:14:43,238 | INFO     | product_optimizer | _diversify_tpa_products | [COLOR DEBUG] Product: 'Tekne CLEAR Case with Camera stand for iPhone 16 Pro Max-White' | Subcat: 'clear' | Detected color: 'clear'
2025-07-08 16:14:43,238 | INFO     | product_optimizer | _diversify_tpa_products | [COLOR DEBUG] Product: 'Tekne CLEAR Case with Camera stand for iPhone 16 Pro Max-Black' | Subcat: 'clear' | Detected color: 'clear'
2025-07-08 16:14:43,238 | INFO     | product_optimizer | _diversify_tpa_products | [COLOR DEBUG] Product: 'Tekne Matt Magsafe Case for iPhone 16 Pro Max-Black' | Subcat: 'magsafe' | Detected color: 'black'
2025-07-08 16:14:43,238 | INFO     | product_optimizer | _diversify_tpa_products | [COLOR DEBUG] Product: 'Gripp Clear MagSafe Case for Apple iPhone 15 Max  6.7  with White Ring - Clear' | Subcat: 'magsafe' | Detected color: 'clear'
2025-07-08 16:14:43,238 | INFO     | product_optimizer | _diversify_tpa_products | Selected TPA white product: Pulse CRYSTAL Case with Metal Camera Stand for iPh... (sales: 46.0/day)
2025-07-08 16:14:43,238 | INFO     | product_optimizer | _diversify_tpa_products | Selected TPA black product: Pulse Super crystal magsafe case for iPhone 15-Bla... (sales: 41.0/day)
2025-07-08 16:14:43,238 | INFO     | product_optimizer | _diversify_tpa_products | Selected TPA grey product: PULSE Matt Magsafe Case for iPhone 16-Grey... (sales: 30.8/day)
2025-07-08 16:14:43,238 | INFO     | product_optimizer | _diversify_tpa_products | Selected TPA clear product: Gripp Clear MagSafe Case for Apple iPhone 15 Max  ... (sales: 55.8/day)
2025-07-08 16:14:43,238 | INFO     | product_optimizer | _diversify_tpa_products | Selected TPA white product: Pulse CRYSTAL Case with Metal Camera Stand for iPh... (sales: 27.7/day)
2025-07-08 16:14:43,242 | INFO     | product_optimizer | _diversify_tpa_products | Selected TPA black product: PULSE Matt Magsafe Case for iPhone 16-Black... (sales: 35.4/day)
2025-07-08 16:14:43,242 | INFO     | product_optimizer | _diversify_tpa_products | Selected TPA clear product: Tekne CLEAR Case with Camera stand for iPhone 16 P... (sales: 32.1/day)
2025-07-08 16:14:43,242 | INFO     | product_optimizer | _diversify_tpa_products | Selected TPA white product: Pulse CRYSTAL Case with Metal Camera Stand for iPh... (sales: 25.8/day)
2025-07-08 16:14:43,242 | INFO     | product_optimizer | _diversify_tpa_products | Selected TPA black product: PULSE ARMOUR Case for iPhone 16-Black... (sales: 34.2/day)
2025-07-08 16:14:43,242 | INFO     | product_optimizer | _diversify_tpa_products | Selected TPA clear product: Pulse CLEAR Case with Camera stand for iPhone 16-W... (sales: 29.1/day)
2025-07-08 16:14:43,242 | INFO     | product_optimizer | _diversify_tpa_products | Selected TPA black product: PULSE Aluminium Rugged Magsafe Case for iPhone 16-... (sales: 27.6/day)
2025-07-08 16:14:43,243 | INFO     | product_optimizer | _diversify_tpa_products | Selected TPA clear product: Tekne CLEAR Case with Camera stand for iPhone 16 P... (sales: 28.5/day)
2025-07-08 16:14:43,243 | INFO     | product_optimizer | _diversify_tpa_products | Selected TPA black product: Tekne Matt Magsafe Case for iPhone 16 Pro Max-Blac... (sales: 27.4/day)
2025-07-08 16:14:43,243 | INFO     | product_optimizer | _diversify_tpa_products | TPA color diversity: 13 products selected with maximum unique color representation
2025-07-08 16:14:43,244 | DEBUG    | base_optimizer  | _place_product_on_shelf | Successfully placed Pulse CRYSTAL Case with Metal Camera Stand for iPhone 16-White on Apple Premium Row 2: 1 facings, 11.0cm wide at position 12.0cm
2025-07-08 16:14:43,244 | DEBUG    | product_optimizer | _try_place_with_half_shelf_logic | Placed TPA product on Apple Premium Row 2 (TPA section: 0.0cm used)
2025-07-08 16:14:43,244 | INFO     | product_optimizer | _place_brand_products | [TPA] #1: Placed Pulse CRYSTAL Case with Metal ... (sales: 46.0/day)
2025-07-08 16:14:43,244 | DEBUG    | base_optimizer  | _place_product_on_shelf | Successfully placed Pulse Super crystal magsafe case for iPhone 15-Black on Apple Premium Row 3: 1 facings, 11.0cm wide at position 12.0cm
2025-07-08 16:14:43,244 | DEBUG    | product_optimizer | _try_place_with_half_shelf_logic | Placed TPA product on Apple Premium Row 3 (TPA section: 0.0cm used)
2025-07-08 16:14:43,244 | INFO     | product_optimizer | _place_brand_products | [TPA] #2: Placed Pulse Super crystal magsafe ca... (sales: 41.0/day)
2025-07-08 16:14:43,244 | DEBUG    | base_optimizer  | _place_product_on_shelf | Successfully placed PULSE Matt Magsafe Case for iPhone 16-Grey on Apple Premium Row 4: 1 facings, 11.0cm wide at position 12.0cm
2025-07-08 16:14:43,244 | DEBUG    | product_optimizer | _try_place_with_half_shelf_logic | Placed TPA product on Apple Premium Row 4 (TPA section: 0.0cm used)
2025-07-08 16:14:43,244 | INFO     | product_optimizer | _place_brand_products | [TPA] #3: Placed PULSE Matt Magsafe Case for iP... (sales: 30.8/day)
2025-07-08 16:14:43,244 | DEBUG    | base_optimizer  | _place_product_on_shelf | Successfully placed Gripp Clear MagSafe Case for Apple iPhone 15 Max  6.7  with White Ring - Clear on Third Party Row 1: 1 facings, 11.0cm wide at position 12.0cm
2025-07-08 16:14:43,244 | DEBUG    | product_optimizer | _try_place_with_half_shelf_logic | Placed TPA product on Third Party Row 1 (TPA section: 0.0cm used)
2025-07-08 16:14:43,244 | INFO     | product_optimizer | _place_brand_products | [TPA] #4: Placed Gripp Clear MagSafe Case for A... (sales: 55.8/day)
2025-07-08 16:14:43,245 | DEBUG    | base_optimizer  | _place_product_on_shelf | Successfully placed Pulse CRYSTAL Case with Metal Camera Stand for iPhone 16 Pro Max-White on Third Party Row 2: 1 facings, 11.0cm wide at position 12.0cm
2025-07-08 16:14:43,245 | DEBUG    | product_optimizer | _try_place_with_half_shelf_logic | Placed TPA product on Third Party Row 2 (TPA section: 0.0cm used)
2025-07-08 16:14:43,245 | INFO     | product_optimizer | _place_brand_products | [TPA] #5: Placed Pulse CRYSTAL Case with Metal ... (sales: 27.7/day)
2025-07-08 16:14:43,245 | DEBUG    | base_optimizer  | _place_product_on_shelf | Successfully placed PULSE Matt Magsafe Case for iPhone 16-Black on Third Party Row 3: 1 facings, 11.0cm wide at position 12.0cm
2025-07-08 16:14:43,245 | DEBUG    | product_optimizer | _try_place_with_half_shelf_logic | Placed TPA product on Third Party Row 3 (TPA section: 0.0cm used)
2025-07-08 16:14:43,245 | INFO     | product_optimizer | _place_brand_products | [TPA] #6: Placed PULSE Matt Magsafe Case for iP... (sales: 35.4/day)
2025-07-08 16:14:43,246 | DEBUG    | base_optimizer  | _place_product_on_shelf | Successfully placed Tekne CLEAR Case with Camera stand for iPhone 16 Pro Max-White on Third Party Row 4: 1 facings, 11.0cm wide at position 12.0cm
2025-07-08 16:14:43,246 | DEBUG    | product_optimizer | _try_place_with_half_shelf_logic | Placed TPA product on Third Party Row 4 (TPA section: 0.0cm used)
2025-07-08 16:14:43,246 | INFO     | product_optimizer | _place_brand_products | [TPA] #7: Placed Tekne CLEAR Case with Camera s... (sales: 32.1/day)
2025-07-08 16:14:43,246 | DEBUG    | base_optimizer  | _place_product_on_shelf | Successfully placed Pulse CRYSTAL Case with Metal Camera Stand for iPhone 16 Plus-White on Apple Premium Row 1: 1 facings, 11.0cm wide at position 23.5cm
2025-07-08 16:14:43,246 | DEBUG    | product_optimizer | _try_place_with_half_shelf_logic | Placed TPA product on Apple Premium Row 1 (TPA section: 0.0cm used)
2025-07-08 16:14:43,246 | INFO     | product_optimizer | _place_brand_products | [TPA] #8: Placed Pulse CRYSTAL Case with Metal ... (sales: 25.8/day)
2025-07-08 16:14:43,246 | DEBUG    | base_optimizer  | _place_product_on_shelf | Successfully placed PULSE ARMOUR Case for iPhone 16-Black on Apple Premium Row 2: 1 facings, 11.0cm wide at position 23.5cm
2025-07-08 16:14:43,246 | DEBUG    | product_optimizer | _try_place_with_half_shelf_logic | Placed TPA product on Apple Premium Row 2 (TPA section: 0.0cm used)
2025-07-08 16:14:43,246 | INFO     | product_optimizer | _place_brand_products | [TPA] #9: Placed PULSE ARMOUR Case for iPhone 1... (sales: 34.2/day)
2025-07-08 16:14:43,246 | DEBUG    | base_optimizer  | _place_product_on_shelf | Successfully placed Pulse CLEAR Case with Camera stand for iPhone 16-White on Apple Premium Row 3: 1 facings, 11.0cm wide at position 23.5cm
2025-07-08 16:14:43,246 | DEBUG    | product_optimizer | _try_place_with_half_shelf_logic | Placed TPA product on Apple Premium Row 3 (TPA section: 0.0cm used)
2025-07-08 16:14:43,247 | INFO     | product_optimizer | _place_brand_products | [TPA] #10: Placed Pulse CLEAR Case with Camera s... (sales: 29.1/day)
2025-07-08 16:14:43,247 | DEBUG    | base_optimizer  | _place_product_on_shelf | Successfully placed PULSE Aluminium Rugged Magsafe Case for iPhone 16-Matt Black on Apple Premium Row 4: 1 facings, 11.0cm wide at position 23.5cm
2025-07-08 16:14:43,247 | DEBUG    | product_optimizer | _try_place_with_half_shelf_logic | Placed TPA product on Apple Premium Row 4 (TPA section: 0.0cm used)
2025-07-08 16:14:43,247 | DEBUG    | base_optimizer  | _place_product_on_shelf | Successfully placed Tekne CLEAR Case with Camera stand for iPhone 16 Pro Max-Black on Third Party Row 1: 1 facings, 11.0cm wide at position 23.5cm
2025-07-08 16:14:43,247 | DEBUG    | product_optimizer | _try_place_with_half_shelf_logic | Placed TPA product on Third Party Row 1 (TPA section: 0.0cm used)
2025-07-08 16:14:43,247 | DEBUG    | base_optimizer  | _place_product_on_shelf | Successfully placed Tekne Matt Magsafe Case for iPhone 16 Pro Max-Black on Third Party Row 2: 1 facings, 11.0cm wide at position 23.5cm
2025-07-08 16:14:43,247 | DEBUG    | product_optimizer | _try_place_with_half_shelf_logic | Placed TPA product on Third Party Row 2 (TPA section: 0.0cm used)
2025-07-08 16:14:43,247 | DEBUG    | base_optimizer  | _validate_products_placed_sync | Synced products_placed: 22 products actually on shelves
2025-07-08 16:14:43,248 | INFO     | base_optimizer  | create_planogram     | Optimization completed in 0.02s
2025-07-08 16:14:43,248 | INFO     | base_optimizer  | create_planogram     | Placed 22 products with 22 facings
2025-07-08 16:14:43,248 | INFO     | main            | visualize_and_export_results | Creating visualization...
2025-07-08 16:14:43,248 | INFO     | main            | visualize_and_export_results | Creating retail planogram...
2025-07-08 16:14:43,249 | DEBUG    | planogram_visualizer | create_realistic_retail_planogram | Calling create_clean_planogram with save_path=output/iPhone_iPhone 16 Plus_flagship_4_sales_velocity_retail.png
2025-07-08 16:14:43,249 | DEBUG    | clean_planogram | create_clean_planogram | create_clean_planogram called with save_path=output/iPhone_iPhone 16 Plus_flagship_4_sales_velocity_retail.png
2025-07-08 16:14:43,250 | DEBUG    | clean_planogram | create_clean_planogram | Apple products count: 9
2025-07-08 16:14:43,250 | DEBUG    | clean_planogram | create_clean_planogram | Apple product names: ['iPhone 16 Plus Clear Case with MagSafe', 'iPhone 16 Plus Silicone Case with MagSafe - Star Fruit', 'iPhone 16 Plus Silicone Case with MagSafe - Star Fruit', 'iPhone 16 Plus Silicone Case with MagSafe - Star Fruit', 'iPhone 16 Plus Silicone Case with MagSafe - Star Fruit', 'iPhone 16 Plus Silicone Case with MagSafe - Star Fruit', 'iPhone 16 Plus Silicone Case with MagSafe - Star Fruit', 'iPhone 16 Plus Silicone Case with MagSafe - Star Fruit', 'iPhone 16 Plus Silicone Case with MagSafe - Star Fruit']
2025-07-08 16:14:43,250 | DEBUG    | clean_planogram | create_clean_planogram | TPA products count: 13
2025-07-08 16:14:43,250 | DEBUG    | clean_planogram | create_clean_planogram | TPA product names: ['Pulse CRYSTAL Case with Metal Camera Stand for iPhone 16 Plus-Grey', 'Pulse CRYSTAL Case with Metal Camera Stand for iPhone 16-Black', 'PULSE ARMOUR Case for iPhone 16-Dark Blue', 'Pulse Super crystal magsafe case for iPhone 15-Clear', 'Pulse CLEAR Case with Camera stand for iPhone 16-Dark Blue', 'PULSE Aluminium Rugged Magsafe Case for iPhone 16-Matt Green', 'PULSE Aluminium Rugged Magsafe Case for iPhone 16-Matt Green', 'Gripp Rubon Magsafe Case for Apple iPhone 15 (6.1) - Grey', 'Tekne CLEAR Case with Camera stand for iPhone 16 Pro Max-Grey', 'Pulse CRYSTAL Case with Metal Camera Stand for iPhone 16 Pro Max-Black', 'Tekne Matt Magsafe Case for iPhone 16 Pro Max-Black', 'PULSE Aluminium Rugged Magsafe Case for iPhone 16-Matt Green', 'Tekne CLEAR Case with Camera stand for iPhone 16 Pro Max-Grey']
2025-07-08 16:14:43,250 | DEBUG    | clean_planogram | create_clean_planogram | Arranged Apple section product names: ['iPhone 16 Plus Silicone Case with MagSafe - Star Fruit', 'iPhone 16 Plus Silicone Case with MagSafe - Star Fruit', 'iPhone 16 Plus Silicone Case with MagSafe - Star Fruit', 'iPhone 16 Plus Silicone Case with MagSafe - Star Fruit', 'iPhone 16 Plus Clear Case with MagSafe', 'iPhone 16 Plus Silicone Case with MagSafe - Star Fruit', 'iPhone 16 Plus Silicone Case with MagSafe - Star Fruit', 'iPhone 16 Plus Silicone Case with MagSafe - Star Fruit', 'iPhone 16 Plus Silicone Case with MagSafe - Star Fruit', 'iPhone 16 Plus Silicone Case with MagSafe - Star Fruit', 'iPhone 16 Plus Silicone Case with MagSafe - Star Fruit', 'iPhone 16 Plus Silicone Case with MagSafe - Star Fruit', 'iPhone 16 Plus Silicone Case with MagSafe - Star Fruit', 'iPhone 16 Plus Silicone Case with MagSafe - Star Fruit', 'iPhone 16 Plus Silicone Case with MagSafe - Star Fruit', 'iPhone 16 Plus Silicone Case with MagSafe - Star Fruit', 'iPhone 16 Plus Silicone Case with MagSafe - Star Fruit', 'iPhone 16 Plus Silicone Case with MagSafe - Star Fruit', 'iPhone 16 Plus Silicone Case with MagSafe - Star Fruit', 'iPhone 16 Plus Silicone Case with MagSafe - Star Fruit']
2025-07-08 16:14:43,250 | DEBUG    | clean_planogram | create_clean_planogram | Arranged TPA section product names: ['Pulse Super crystal magsafe case for iPhone 15-Clear', 'Pulse CRYSTAL Case with Metal Camera Stand for iPhone 16-Black', 'Pulse CRYSTAL Case with Metal Camera Stand for iPhone 16 Pro Max-Black', 'Pulse CRYSTAL Case with Metal Camera Stand for iPhone 16 Plus-Grey', 'Pulse CLEAR Case with Camera stand for iPhone 16-Dark Blue', 'PULSE ARMOUR Case for iPhone 16-Dark Blue', 'PULSE Aluminium Rugged Magsafe Case for iPhone 16-Matt Green', 'PULSE Aluminium Rugged Magsafe Case for iPhone 16-Matt Green', 'PULSE Aluminium Rugged Magsafe Case for iPhone 16-Matt Green', 'Tekne Matt Magsafe Case for iPhone 16 Pro Max-Black', 'Tekne CLEAR Case with Camera stand for iPhone 16 Pro Max-Grey', 'Tekne CLEAR Case with Camera stand for iPhone 16 Pro Max-Grey', 'Gripp Rubon Magsafe Case for Apple iPhone 15 (6.1) - Grey', 'Pulse Super crystal magsafe case for iPhone 15-Clear', 'Pulse CRYSTAL Case with Metal Camera Stand for iPhone 16-Black', 'Pulse CRYSTAL Case with Metal Camera Stand for iPhone 16 Pro Max-Black', 'Pulse CRYSTAL Case with Metal Camera Stand for iPhone 16 Plus-Grey', 'Pulse CLEAR Case with Camera stand for iPhone 16-Dark Blue', 'PULSE ARMOUR Case for iPhone 16-Dark Blue', 'PULSE Aluminium Rugged Magsafe Case for iPhone 16-Matt Green']
2025-07-08 16:14:43,311 | DEBUG    | clean_planogram | create_clean_planogram | About to call plt.tight_layout()
2025-07-08 16:14:43,327 | DEBUG    | clean_planogram | create_clean_planogram | plt.tight_layout() completed
2025-07-08 16:14:43,327 | DEBUG    | clean_planogram | create_clean_planogram | save_path = output/iPhone_iPhone 16 Plus_flagship_4_sales_velocity_retail.png
2025-07-08 16:14:43,327 | DEBUG    | clean_planogram | create_clean_planogram | About to save planogram...
2025-07-08 16:14:44,059 | DEBUG    | clean_planogram | create_clean_planogram | Successfully saved planogram to output/iPhone_iPhone 16 Plus_flagship_4_sales_velocity_retail.png
2025-07-08 16:14:44,059 | INFO     | main            | visualize_and_export_results | Creating Excel export...
2025-07-08 16:14:44,195 | INFO     | excel_exporter  | export_planogram_to_excel | Excel export saved to output\iPhone_iPhone 16 Plus_flagship_4_sales_velocity_details.xlsx
2025-07-08 16:14:44,197 | INFO     | base_optimizer  | create_planogram     | Starting optimization with 301 products
2025-07-08 16:14:44,197 | INFO     | base_optimizer  | create_planogram     | After store filtering: 301 products
2025-07-08 16:14:44,197 | INFO     | product_optimizer | optimize             | Running product optimization with strategy: sales_velocity
2025-07-08 16:14:44,197 | INFO     | product_optimizer | _optimize_by_sales   | Brand distribution: {'Gripp': 149, 'Pulse': 99, 'Tekne': 16, 'Hyphen': 19, 'AT Minimal': 7, 'UAG': 10, 'nmaxn': 1}
2025-07-08 16:14:44,197 | DEBUG    | product_optimizer | _sort_by_sales_and_iphone16_priority | Ensured representation: iPhone 16 Base - Pulse CRYSTAL Case w
2025-07-08 16:14:44,197 | DEBUG    | product_optimizer | _sort_by_sales_and_iphone16_priority | Ensured representation: iPhone 16 Plus - Pulse CRYSTAL Case w
2025-07-08 16:14:44,197 | DEBUG    | product_optimizer | _sort_by_sales_and_iphone16_priority | Ensured representation: iPhone 16 Pro - Gripp STELLAR MagSaf
2025-07-08 16:14:44,197 | DEBUG    | product_optimizer | _sort_by_sales_and_iphone16_priority | Ensured representation: iPhone 16 Pro Max - Tekne CLEAR Case wit
2025-07-08 16:14:44,202 | INFO     | product_optimizer | _optimize_by_sales   | Apple products: 0 | Third-party products: 30
2025-07-08 16:14:44,204 | INFO     | product_optimizer | _optimize_by_sales   | Store type: flagship
2025-07-08 16:14:44,204 | INFO     | product_optimizer | _optimize_by_sales   | Strategy: Apple first half, TPA second half (all shelves)
2025-07-08 16:14:44,204 | INFO     | product_optimizer | _optimize_by_sales   | Apple shelves: ['Apple Premium Row 1', 'Apple Premium Row 2', 'Apple Premium Row 3', 'Apple Premium Row 4', 'Third Party Row 1', 'Third Party Row 2', 'Third Party Row 3', 'Third Party Row 4'] | TPA shelves: ['Apple Premium Row 1', 'Apple Premium Row 2', 'Apple Premium Row 3', 'Apple Premium Row 4', 'Third Party Row 1', 'Third Party Row 2', 'Third Party Row 3', 'Third Party Row 4']
2025-07-08 16:14:44,204 | INFO     | product_optimizer | _optimize_by_sales   | Total shelf width available: 536.0cm
2025-07-08 16:14:44,205 | INFO     | product_optimizer | _optimize_by_sales   | === PLACING APPLE PRODUCTS ===
2025-07-08 16:14:44,205 | INFO     | product_optimizer | _diversify_apple_products | Apple color diversity: 0 products selected with maximum unique color representation
2025-07-08 16:14:44,205 | INFO     | product_optimizer | _optimize_by_sales   | === PLACING THIRD-PARTY PRODUCTS ===
2025-07-08 16:14:44,205 | INFO     | product_optimizer | _filter_tpa_brands   | Filtered TPA brands: 13 products from ['Pulse', 'Gripp', 'Tekne']
2025-07-08 16:14:44,206 | INFO     | product_optimizer | _diversify_tpa_products | [COLOR DEBUG] Product: 'Pulse CRYSTAL Case with Metal Camera Stand for iPhone 16-White' | Subcat: 'crystal' | Detected color: 'white'
2025-07-08 16:14:44,206 | INFO     | product_optimizer | _diversify_tpa_products | [COLOR DEBUG] Product: 'Pulse Super crystal magsafe case for iPhone 15-Black' | Subcat: 'magsafe' | Detected color: 'black'
2025-07-08 16:14:44,206 | INFO     | product_optimizer | _diversify_tpa_products | [COLOR DEBUG] Product: 'PULSE Matt Magsafe Case for iPhone 16-Black' | Subcat: 'magsafe' | Detected color: 'black'
2025-07-08 16:14:44,206 | INFO     | product_optimizer | _diversify_tpa_products | [COLOR DEBUG] Product: 'PULSE ARMOUR Case for iPhone 16-Black' | Subcat: 'armour' | Detected color: 'black'
2025-07-08 16:14:44,206 | INFO     | product_optimizer | _diversify_tpa_products | [COLOR DEBUG] Product: 'PULSE Matt Magsafe Case for iPhone 16-Grey' | Subcat: 'magsafe' | Detected color: 'grey'
2025-07-08 16:14:44,206 | INFO     | product_optimizer | _diversify_tpa_products | [COLOR DEBUG] Product: 'Pulse CLEAR Case with Camera stand for iPhone 16-White' | Subcat: 'clear' | Detected color: 'clear'
2025-07-08 16:14:44,206 | INFO     | product_optimizer | _diversify_tpa_products | [COLOR DEBUG] Product: 'Pulse CRYSTAL Case with Metal Camera Stand for iPhone 16 Pro Max-White' | Subcat: 'crystal' | Detected color: 'white'
2025-07-08 16:14:44,206 | INFO     | product_optimizer | _diversify_tpa_products | [COLOR DEBUG] Product: 'PULSE Aluminium Rugged Magsafe Case for iPhone 16-Matt Black' | Subcat: 'magsafe' | Detected color: 'black'
2025-07-08 16:14:44,206 | INFO     | product_optimizer | _diversify_tpa_products | [COLOR DEBUG] Product: 'Pulse CRYSTAL Case with Metal Camera Stand for iPhone 16 Plus-White' | Subcat: 'crystal' | Detected color: 'white'
2025-07-08 16:14:44,206 | INFO     | product_optimizer | _diversify_tpa_products | [COLOR DEBUG] Product: 'Tekne CLEAR Case with Camera stand for iPhone 16 Pro Max-White' | Subcat: 'clear' | Detected color: 'clear'
2025-07-08 16:14:44,206 | INFO     | product_optimizer | _diversify_tpa_products | [COLOR DEBUG] Product: 'Tekne CLEAR Case with Camera stand for iPhone 16 Pro Max-Black' | Subcat: 'clear' | Detected color: 'clear'
2025-07-08 16:14:44,207 | INFO     | product_optimizer | _diversify_tpa_products | [COLOR DEBUG] Product: 'Tekne Matt Magsafe Case for iPhone 16 Pro Max-Black' | Subcat: 'magsafe' | Detected color: 'black'
2025-07-08 16:14:44,207 | INFO     | product_optimizer | _diversify_tpa_products | [COLOR DEBUG] Product: 'Gripp Clear MagSafe Case for Apple iPhone 15 Max  6.7  with White Ring - Clear' | Subcat: 'magsafe' | Detected color: 'clear'
2025-07-08 16:14:44,207 | INFO     | product_optimizer | _diversify_tpa_products | Selected TPA white product: Pulse CRYSTAL Case with Metal Camera Stand for iPh... (sales: 46.0/day)
2025-07-08 16:14:44,207 | INFO     | product_optimizer | _diversify_tpa_products | Selected TPA black product: Pulse Super crystal magsafe case for iPhone 15-Bla... (sales: 41.0/day)
2025-07-08 16:14:44,207 | INFO     | product_optimizer | _diversify_tpa_products | Selected TPA grey product: PULSE Matt Magsafe Case for iPhone 16-Grey... (sales: 30.8/day)
2025-07-08 16:14:44,207 | INFO     | product_optimizer | _diversify_tpa_products | Selected TPA clear product: Gripp Clear MagSafe Case for Apple iPhone 15 Max  ... (sales: 55.8/day)
2025-07-08 16:14:44,207 | INFO     | product_optimizer | _diversify_tpa_products | Selected TPA white product: Pulse CRYSTAL Case with Metal Camera Stand for iPh... (sales: 27.7/day)
2025-07-08 16:14:44,208 | INFO     | product_optimizer | _diversify_tpa_products | Selected TPA black product: PULSE Matt Magsafe Case for iPhone 16-Black... (sales: 35.4/day)
2025-07-08 16:14:44,208 | INFO     | product_optimizer | _diversify_tpa_products | Selected TPA clear product: Tekne CLEAR Case with Camera stand for iPhone 16 P... (sales: 32.1/day)
2025-07-08 16:14:44,208 | INFO     | product_optimizer | _diversify_tpa_products | Selected TPA white product: Pulse CRYSTAL Case with Metal Camera Stand for iPh... (sales: 25.8/day)
2025-07-08 16:14:44,208 | INFO     | product_optimizer | _diversify_tpa_products | Selected TPA black product: PULSE ARMOUR Case for iPhone 16-Black... (sales: 34.2/day)
2025-07-08 16:14:44,209 | INFO     | product_optimizer | _diversify_tpa_products | Selected TPA clear product: Pulse CLEAR Case with Camera stand for iPhone 16-W... (sales: 29.1/day)
2025-07-08 16:14:44,210 | INFO     | product_optimizer | _diversify_tpa_products | Selected TPA black product: PULSE Aluminium Rugged Magsafe Case for iPhone 16-... (sales: 27.6/day)
2025-07-08 16:14:44,210 | INFO     | product_optimizer | _diversify_tpa_products | Selected TPA clear product: Tekne CLEAR Case with Camera stand for iPhone 16 P... (sales: 28.5/day)
2025-07-08 16:14:44,210 | INFO     | product_optimizer | _diversify_tpa_products | Selected TPA black product: Tekne Matt Magsafe Case for iPhone 16 Pro Max-Blac... (sales: 27.4/day)
2025-07-08 16:14:44,210 | INFO     | product_optimizer | _diversify_tpa_products | TPA color diversity: 13 products selected with maximum unique color representation
2025-07-08 16:14:44,210 | DEBUG    | base_optimizer  | _place_product_on_shelf | Successfully placed Pulse CRYSTAL Case with Metal Camera Stand for iPhone 16-White on Apple Premium Row 1: 1 facings, 11.0cm wide at position 0.5cm
2025-07-08 16:14:44,210 | DEBUG    | product_optimizer | _try_place_with_half_shelf_logic | Placed TPA product on Apple Premium Row 1 (TPA section: 0.0cm used)
2025-07-08 16:14:44,210 | INFO     | product_optimizer | _place_brand_products | [TPA] #1: Placed Pulse CRYSTAL Case with Metal ... (sales: 46.0/day)
2025-07-08 16:14:44,210 | DEBUG    | base_optimizer  | _place_product_on_shelf | Successfully placed Pulse Super crystal magsafe case for iPhone 15-Black on Apple Premium Row 2: 1 facings, 11.0cm wide at position 0.5cm
2025-07-08 16:14:44,210 | DEBUG    | product_optimizer | _try_place_with_half_shelf_logic | Placed TPA product on Apple Premium Row 2 (TPA section: 0.0cm used)
2025-07-08 16:14:44,211 | INFO     | product_optimizer | _place_brand_products | [TPA] #2: Placed Pulse Super crystal magsafe ca... (sales: 41.0/day)
2025-07-08 16:14:44,211 | DEBUG    | base_optimizer  | _place_product_on_shelf | Successfully placed PULSE Matt Magsafe Case for iPhone 16-Grey on Apple Premium Row 3: 1 facings, 11.0cm wide at position 0.5cm
2025-07-08 16:14:44,211 | DEBUG    | product_optimizer | _try_place_with_half_shelf_logic | Placed TPA product on Apple Premium Row 3 (TPA section: 0.0cm used)
2025-07-08 16:14:44,211 | INFO     | product_optimizer | _place_brand_products | [TPA] #3: Placed PULSE Matt Magsafe Case for iP... (sales: 30.8/day)
2025-07-08 16:14:44,211 | DEBUG    | base_optimizer  | _place_product_on_shelf | Successfully placed Gripp Clear MagSafe Case for Apple iPhone 15 Max  6.7  with White Ring - Clear on Apple Premium Row 4: 1 facings, 11.0cm wide at position 0.5cm
2025-07-08 16:14:44,211 | DEBUG    | product_optimizer | _try_place_with_half_shelf_logic | Placed TPA product on Apple Premium Row 4 (TPA section: 0.0cm used)
2025-07-08 16:14:44,211 | INFO     | product_optimizer | _place_brand_products | [TPA] #4: Placed Gripp Clear MagSafe Case for A... (sales: 55.8/day)
2025-07-08 16:14:44,211 | DEBUG    | base_optimizer  | _place_product_on_shelf | Successfully placed Pulse CRYSTAL Case with Metal Camera Stand for iPhone 16 Pro Max-White on Third Party Row 1: 1 facings, 11.0cm wide at position 0.5cm
2025-07-08 16:14:44,211 | DEBUG    | product_optimizer | _try_place_with_half_shelf_logic | Placed TPA product on Third Party Row 1 (TPA section: 0.0cm used)
2025-07-08 16:14:44,211 | INFO     | product_optimizer | _place_brand_products | [TPA] #5: Placed Pulse CRYSTAL Case with Metal ... (sales: 27.7/day)
2025-07-08 16:14:44,211 | DEBUG    | base_optimizer  | _place_product_on_shelf | Successfully placed PULSE Matt Magsafe Case for iPhone 16-Black on Third Party Row 2: 1 facings, 11.0cm wide at position 0.5cm
2025-07-08 16:14:44,211 | DEBUG    | product_optimizer | _try_place_with_half_shelf_logic | Placed TPA product on Third Party Row 2 (TPA section: 0.0cm used)
2025-07-08 16:14:44,211 | INFO     | product_optimizer | _place_brand_products | [TPA] #6: Placed PULSE Matt Magsafe Case for iP... (sales: 35.4/day)
2025-07-08 16:14:44,211 | DEBUG    | base_optimizer  | _place_product_on_shelf | Successfully placed Tekne CLEAR Case with Camera stand for iPhone 16 Pro Max-White on Third Party Row 3: 1 facings, 11.0cm wide at position 0.5cm
2025-07-08 16:14:44,211 | DEBUG    | product_optimizer | _try_place_with_half_shelf_logic | Placed TPA product on Third Party Row 3 (TPA section: 0.0cm used)
2025-07-08 16:14:44,211 | INFO     | product_optimizer | _place_brand_products | [TPA] #7: Placed Tekne CLEAR Case with Camera s... (sales: 32.1/day)
2025-07-08 16:14:44,211 | DEBUG    | base_optimizer  | _place_product_on_shelf | Successfully placed Pulse CRYSTAL Case with Metal Camera Stand for iPhone 16 Plus-White on Third Party Row 4: 1 facings, 11.0cm wide at position 0.5cm
2025-07-08 16:14:44,211 | DEBUG    | product_optimizer | _try_place_with_half_shelf_logic | Placed TPA product on Third Party Row 4 (TPA section: 0.0cm used)
2025-07-08 16:14:44,211 | INFO     | product_optimizer | _place_brand_products | [TPA] #8: Placed Pulse CRYSTAL Case with Metal ... (sales: 25.8/day)
2025-07-08 16:14:44,211 | DEBUG    | base_optimizer  | _place_product_on_shelf | Successfully placed PULSE ARMOUR Case for iPhone 16-Black on Apple Premium Row 1: 1 facings, 11.0cm wide at position 12.0cm
2025-07-08 16:14:44,211 | DEBUG    | product_optimizer | _try_place_with_half_shelf_logic | Placed TPA product on Apple Premium Row 1 (TPA section: 0.0cm used)
2025-07-08 16:14:44,211 | INFO     | product_optimizer | _place_brand_products | [TPA] #9: Placed PULSE ARMOUR Case for iPhone 1... (sales: 34.2/day)
2025-07-08 16:14:44,211 | DEBUG    | base_optimizer  | _place_product_on_shelf | Successfully placed Pulse CLEAR Case with Camera stand for iPhone 16-White on Apple Premium Row 2: 1 facings, 11.0cm wide at position 12.0cm
2025-07-08 16:14:44,211 | DEBUG    | product_optimizer | _try_place_with_half_shelf_logic | Placed TPA product on Apple Premium Row 2 (TPA section: 0.0cm used)
2025-07-08 16:14:44,211 | INFO     | product_optimizer | _place_brand_products | [TPA] #10: Placed Pulse CLEAR Case with Camera s... (sales: 29.1/day)
2025-07-08 16:14:44,215 | DEBUG    | base_optimizer  | _place_product_on_shelf | Successfully placed PULSE Aluminium Rugged Magsafe Case for iPhone 16-Matt Black on Apple Premium Row 3: 1 facings, 11.0cm wide at position 12.0cm
2025-07-08 16:14:44,215 | DEBUG    | product_optimizer | _try_place_with_half_shelf_logic | Placed TPA product on Apple Premium Row 3 (TPA section: 0.0cm used)
2025-07-08 16:14:44,215 | DEBUG    | base_optimizer  | _place_product_on_shelf | Successfully placed Tekne CLEAR Case with Camera stand for iPhone 16 Pro Max-Black on Apple Premium Row 4: 1 facings, 11.0cm wide at position 12.0cm
2025-07-08 16:14:44,215 | DEBUG    | product_optimizer | _try_place_with_half_shelf_logic | Placed TPA product on Apple Premium Row 4 (TPA section: 0.0cm used)
2025-07-08 16:14:44,215 | DEBUG    | base_optimizer  | _place_product_on_shelf | Successfully placed Tekne Matt Magsafe Case for iPhone 16 Pro Max-Black on Third Party Row 1: 1 facings, 11.0cm wide at position 12.0cm
2025-07-08 16:14:44,215 | DEBUG    | product_optimizer | _try_place_with_half_shelf_logic | Placed TPA product on Third Party Row 1 (TPA section: 0.0cm used)
2025-07-08 16:14:44,216 | DEBUG    | base_optimizer  | _validate_products_placed_sync | Synced products_placed: 13 products actually on shelves
2025-07-08 16:14:44,216 | INFO     | base_optimizer  | create_planogram     | Optimization completed in 0.02s
2025-07-08 16:14:44,216 | INFO     | base_optimizer  | create_planogram     | Placed 13 products with 13 facings
2025-07-08 16:14:44,216 | INFO     | main            | visualize_and_export_results | Creating visualization...
2025-07-08 16:14:44,216 | INFO     | main            | visualize_and_export_results | Creating retail planogram...
2025-07-08 16:14:44,216 | DEBUG    | planogram_visualizer | create_realistic_retail_planogram | Calling create_clean_planogram with save_path=output/iPhone_flagship_tpa_only_sales_velocity_retail.png
2025-07-08 16:14:44,216 | DEBUG    | clean_planogram | create_clean_planogram | create_clean_planogram called with save_path=output/iPhone_flagship_tpa_only_sales_velocity_retail.png
2025-07-08 16:14:44,249 | DEBUG    | clean_planogram | create_clean_planogram | Apple products count: 0
2025-07-08 16:14:44,249 | DEBUG    | clean_planogram | create_clean_planogram | Apple product names: []
2025-07-08 16:14:44,249 | DEBUG    | clean_planogram | create_clean_planogram | TPA products count: 13
2025-07-08 16:14:44,249 | DEBUG    | clean_planogram | create_clean_planogram | TPA product names: ['Pulse CRYSTAL Case with Metal Camera Stand for iPhone 16-Black', 'PULSE ARMOUR Case for iPhone 16-Dark Blue', 'Pulse Super crystal magsafe case for iPhone 15-Clear', 'Pulse CLEAR Case with Camera stand for iPhone 16-Dark Blue', 'PULSE Aluminium Rugged Magsafe Case for iPhone 16-Matt Green', 'PULSE Aluminium Rugged Magsafe Case for iPhone 16-Matt Green', 'Gripp Rubon Magsafe Case for Apple iPhone 15 (6.1) - Grey', 'Tekne CLEAR Case with Camera stand for iPhone 16 Pro Max-Grey', 'Pulse CRYSTAL Case with Metal Camera Stand for iPhone 16 Pro Max-Black', 'Tekne Matt Magsafe Case for iPhone 16 Pro Max-Black', 'PULSE Aluminium Rugged Magsafe Case for iPhone 16-Matt Green', 'Tekne CLEAR Case with Camera stand for iPhone 16 Pro Max-Grey', 'Pulse CRYSTAL Case with Metal Camera Stand for iPhone 16 Plus-Grey']
2025-07-08 16:14:44,249 | DEBUG    | clean_planogram | create_clean_planogram | Arranged Apple section product names: ['None', 'None', 'None', 'None', 'None', 'None', 'None', 'None', 'None', 'None', 'None', 'None', 'None', 'None', 'None', 'None', 'None', 'None', 'None', 'None']
2025-07-08 16:14:44,249 | DEBUG    | clean_planogram | create_clean_planogram | Arranged TPA section product names: ['Pulse Super crystal magsafe case for iPhone 15-Clear', 'Pulse CRYSTAL Case with Metal Camera Stand for iPhone 16-Black', 'Pulse CRYSTAL Case with Metal Camera Stand for iPhone 16 Pro Max-Black', 'Pulse CRYSTAL Case with Metal Camera Stand for iPhone 16 Plus-Grey', 'Pulse CLEAR Case with Camera stand for iPhone 16-Dark Blue', 'PULSE ARMOUR Case for iPhone 16-Dark Blue', 'PULSE Aluminium Rugged Magsafe Case for iPhone 16-Matt Green', 'PULSE Aluminium Rugged Magsafe Case for iPhone 16-Matt Green', 'PULSE Aluminium Rugged Magsafe Case for iPhone 16-Matt Green', 'Tekne Matt Magsafe Case for iPhone 16 Pro Max-Black', 'Tekne CLEAR Case with Camera stand for iPhone 16 Pro Max-Grey', 'Tekne CLEAR Case with Camera stand for iPhone 16 Pro Max-Grey', 'Gripp Rubon Magsafe Case for Apple iPhone 15 (6.1) - Grey', 'Pulse Super crystal magsafe case for iPhone 15-Clear', 'Pulse CRYSTAL Case with Metal Camera Stand for iPhone 16-Black', 'Pulse CRYSTAL Case with Metal Camera Stand for iPhone 16 Pro Max-Black', 'Pulse CRYSTAL Case with Metal Camera Stand for iPhone 16 Plus-Grey', 'Pulse CLEAR Case with Camera stand for iPhone 16-Dark Blue', 'PULSE ARMOUR Case for iPhone 16-Dark Blue', 'PULSE Aluminium Rugged Magsafe Case for iPhone 16-Matt Green']
2025-07-08 16:14:44,281 | DEBUG    | clean_planogram | create_clean_planogram | About to call plt.tight_layout()
2025-07-08 16:14:44,287 | DEBUG    | clean_planogram | create_clean_planogram | plt.tight_layout() completed
2025-07-08 16:14:44,287 | DEBUG    | clean_planogram | create_clean_planogram | save_path = output/iPhone_flagship_tpa_only_sales_velocity_retail.png
2025-07-08 16:14:44,287 | DEBUG    | clean_planogram | create_clean_planogram | About to save planogram...
2025-07-08 16:14:44,892 | DEBUG    | clean_planogram | create_clean_planogram | Successfully saved planogram to output/iPhone_flagship_tpa_only_sales_velocity_retail.png
2025-07-08 16:14:44,892 | INFO     | main            | visualize_and_export_results | Creating Excel export...
2025-07-08 16:14:45,042 | INFO     | excel_exporter  | export_planogram_to_excel | Excel export saved to output\iPhone_flagship_tpa_only_sales_velocity_details.xlsx
2025-07-08 16:14:57,409 | INFO     | logger          | __init__             | Logging initialized. Log file: logs\planogram_20250708.log
2025-07-08 16:15:16,461 | INFO     | logger          | __init__             | Logging initialized. Log file: logs\planogram_20250708.log
2025-07-08 16:15:16,461 | ERROR    | main            | interactive_mode     | Error in interactive mode: EOF when reading a line
Traceback (most recent call last):
  File "C:\Users\Shivansh Pal\Desktop\Planogram_Project\main.py", line 48, in interactive_mode
    run_lob_optimization(loader, logger)
  File "C:\Users\Shivansh Pal\Desktop\Planogram_Project\main.py", line 227, in run_lob_optimization
    lob_choice = input("\nSelect LOB (1-4): ").strip()
                 ^^^^^^^^^^^^^^^^^^^^^^^^^^^^^
EOFError: EOF when reading a line
