2025-07-21 11:54:47,365 - engineio.server - INFO - Server initialized for eventlet.
2025-07-21 11:54:47,375 - __main__ - INFO - Starting simplified Planogram Web UI backend
2025-07-21 11:54:47,376 - __main__ - INFO - Project root: c:\Users\Shivansh Pal\Desktop\Planogram_Project
2025-07-21 11:54:47,445 - werkzeug - INFO -  * Restarting with watchdog (windowsapi)
2025-07-21 11:54:48,365 - engineio.server - INFO - Server initialized for eventlet.
2025-07-21 11:54:48,369 - __main__ - INFO - Starting simplified Planogram Web UI backend
2025-07-21 11:54:48,369 - __main__ - INFO - Project root: c:\Users\Shivansh Pal\Desktop\Planogram_Project
2025-07-21 11:54:48,386 - werkzeug - WARNING -  * Debugger is active!
2025-07-21 11:54:48,389 - werkzeug - INFO -  * Debugger PIN: 567-306-382
2025-07-21 11:57:55,108 - engineio.server - INFO - Server initialized for eventlet.
2025-07-21 11:57:55,111 - __main__ - INFO - Starting simplified Planogram Web UI backend
2025-07-21 11:57:55,112 - __main__ - INFO - Project root: c:\Users\Shivansh Pal\Desktop\Planogram_Project
2025-07-21 11:57:55,122 - werkzeug - INFO -  * Restarting with watchdog (windowsapi)
2025-07-21 11:57:56,070 - engineio.server - INFO - Server initialized for eventlet.
2025-07-21 11:57:56,074 - __main__ - INFO - Starting simplified Planogram Web UI backend
2025-07-21 11:57:56,074 - __main__ - INFO - Project root: c:\Users\Shivansh Pal\Desktop\Planogram_Project
2025-07-21 11:57:56,085 - werkzeug - WARNING -  * Debugger is active!
2025-07-21 11:57:56,087 - werkzeug - INFO -  * Debugger PIN: 567-306-382
2025-07-21 12:00:50,375 - engineio.server - INFO - 9IWcLpVZ0ZjfphNQAAAA: Sending packet OPEN data {'sid': '9IWcLpVZ0ZjfphNQAAAA', 'upgrades': [], 'pingTimeout': 20000, 'pingInterval': 25000, 'maxPayload': 1000000}
2025-07-21 12:00:50,376 - engineio.server - INFO - 9IWcLpVZ0ZjfphNQAAAA: Received request to upgrade to websocket
2025-07-21 12:00:50,377 - engineio.server - INFO - 9IWcLpVZ0ZjfphNQAAAA: Upgrade to websocket successful
2025-07-21 12:00:50,382 - engineio.server - INFO - 9IWcLpVZ0ZjfphNQAAAA: Received packet MESSAGE data 0
2025-07-21 12:00:50,384 - __main__ - INFO - Client connected: e72k57Pe-oBVep3ZAAAB
2025-07-21 12:00:50,384 - socketio.server - INFO - emitting event "connected" to e72k57Pe-oBVep3ZAAAB [/]
2025-07-21 12:00:50,384 - engineio.server - INFO - 9IWcLpVZ0ZjfphNQAAAA: Sending packet MESSAGE data 2["connected",{"message":"Connected to Planogram API"}]
2025-07-21 12:00:50,385 - engineio.server - INFO - 9IWcLpVZ0ZjfphNQAAAA: Sending packet MESSAGE data 0{"sid":"e72k57Pe-oBVep3ZAAAB"}
2025-07-21 12:00:56,997 - simple_runner - INFO - Created job 2eaa33de-e011-4d02-842d-6c6330e3cacc of type cohort
2025-07-21 12:00:56,998 - socketio.server - INFO - emitting event "job_status" to 2eaa33de-e011-4d02-842d-6c6330e3cacc [/]
2025-07-21 12:00:57,036 - engineio.server - INFO - 9IWcLpVZ0ZjfphNQAAAA: Received packet MESSAGE data 2["join_job",{"job_id":"2eaa33de-e011-4d02-842d-6c6330e3cacc"}]
2025-07-21 12:00:57,037 - socketio.server - INFO - received event "join_job" from e72k57Pe-oBVep3ZAAAB [/]
2025-07-21 12:00:57,037 - socketio.server - INFO - e72k57Pe-oBVep3ZAAAB is entering room 2eaa33de-e011-4d02-842d-6c6330e3cacc [/]
2025-07-21 12:00:57,037 - __main__ - INFO - Client e72k57Pe-oBVep3ZAAAB joined job room: 2eaa33de-e011-4d02-842d-6c6330e3cacc
2025-07-21 12:00:57,037 - socketio.server - INFO - emitting event "job_status" to e72k57Pe-oBVep3ZAAAB [/]
2025-07-21 12:00:57,037 - engineio.server - INFO - 9IWcLpVZ0ZjfphNQAAAA: Sending packet MESSAGE data 2["job_status",{"job_id":"2eaa33de-e011-4d02-842d-6c6330e3cacc","status":"running","progress":0,"logs":[]}]
2025-07-21 12:00:57,536 - engineio.server - INFO - 9IWcLpVZ0ZjfphNQAAAA: Received packet MESSAGE data 2["get_job_status",{"job_id":"2eaa33de-e011-4d02-842d-6c6330e3cacc"}]
2025-07-21 12:00:57,537 - socketio.server - INFO - received event "get_job_status" from e72k57Pe-oBVep3ZAAAB [/]
2025-07-21 12:00:57,537 - engineio.server - INFO - 9IWcLpVZ0ZjfphNQAAAA: Received packet MESSAGE data 2["get_job_logs_stream",{"job_id":"2eaa33de-e011-4d02-842d-6c6330e3cacc","limit":50}]
2025-07-21 12:00:57,537 - socketio.server - INFO - received event "get_job_logs_stream" from e72k57Pe-oBVep3ZAAAB [/]
2025-07-21 12:00:58,038 - engineio.server - INFO - 9IWcLpVZ0ZjfphNQAAAA: Received packet MESSAGE data 2["leave_job",{"job_id":"2eaa33de-e011-4d02-842d-6c6330e3cacc"}]
2025-07-21 12:00:58,039 - socketio.server - INFO - received event "leave_job" from e72k57Pe-oBVep3ZAAAB [/]
2025-07-21 12:00:58,039 - engineio.server - INFO - 9IWcLpVZ0ZjfphNQAAAA: Received packet MESSAGE data 2["join_job",{"job_id":"2eaa33de-e011-4d02-842d-6c6330e3cacc"}]
2025-07-21 12:00:58,039 - socketio.server - INFO - received event "join_job" from e72k57Pe-oBVep3ZAAAB [/]
2025-07-21 12:00:58,040 - socketio.server - INFO - e72k57Pe-oBVep3ZAAAB is leaving room 2eaa33de-e011-4d02-842d-6c6330e3cacc [/]
2025-07-21 12:00:58,040 - __main__ - INFO - Client e72k57Pe-oBVep3ZAAAB left job room: 2eaa33de-e011-4d02-842d-6c6330e3cacc
2025-07-21 12:00:58,041 - socketio.server - INFO - e72k57Pe-oBVep3ZAAAB is entering room 2eaa33de-e011-4d02-842d-6c6330e3cacc [/]
2025-07-21 12:00:58,041 - __main__ - INFO - Client e72k57Pe-oBVep3ZAAAB joined job room: 2eaa33de-e011-4d02-842d-6c6330e3cacc
2025-07-21 12:00:58,041 - socketio.server - INFO - emitting event "job_status" to e72k57Pe-oBVep3ZAAAB [/]
2025-07-21 12:00:58,042 - engineio.server - INFO - 9IWcLpVZ0ZjfphNQAAAA: Sending packet MESSAGE data 2["job_status",{"job_id":"2eaa33de-e011-4d02-842d-6c6330e3cacc","status":"running","progress":0,"logs":[]}]
2025-07-21 12:00:58,554 - engineio.server - INFO - 9IWcLpVZ0ZjfphNQAAAA: Received packet MESSAGE data 2["get_job_status",{"job_id":"2eaa33de-e011-4d02-842d-6c6330e3cacc"}]
2025-07-21 12:00:58,555 - socketio.server - INFO - received event "get_job_status" from e72k57Pe-oBVep3ZAAAB [/]
2025-07-21 12:00:58,555 - engineio.server - INFO - 9IWcLpVZ0ZjfphNQAAAA: Received packet MESSAGE data 2["get_job_logs_stream",{"job_id":"2eaa33de-e011-4d02-842d-6c6330e3cacc","limit":50}]
2025-07-21 12:00:58,555 - socketio.server - INFO - received event "get_job_logs_stream" from e72k57Pe-oBVep3ZAAAB [/]
2025-07-21 12:01:00,363 - socketio.server - INFO - emitting event "job_status" to 2eaa33de-e011-4d02-842d-6c6330e3cacc [/]
2025-07-21 12:01:00,363 - engineio.server - INFO - 9IWcLpVZ0ZjfphNQAAAA: Sending packet MESSAGE data 2["job_status",{"job_id":"2eaa33de-e011-4d02-842d-6c6330e3cacc","status":"running","progress":30,"logs":["12:01:00 | INFO     | Saved planogram: output\\cohort_planograms\\mac_cohort_detailed_flagship.png"],"timestamp":"2025-07-21T12:01:00.363234"}]
2025-07-21 12:01:00,364 - socketio.server - INFO - emitting event "job_status" to 2eaa33de-e011-4d02-842d-6c6330e3cacc [/]
2025-07-21 12:01:00,364 - engineio.server - INFO - 9IWcLpVZ0ZjfphNQAAAA: Sending packet MESSAGE data 2["job_status",{"job_id":"2eaa33de-e011-4d02-842d-6c6330e3cacc","status":"running","progress":95,"logs":["SUCCESS: Cohort planogram generated: output\\cohort_planograms\\mac_cohort_detailed_flagship.png"],"timestamp":"2025-07-21T12:01:00.364222"}]
2025-07-21 12:01:00,559 - socketio.server - INFO - emitting event "job_status" to 2eaa33de-e011-4d02-842d-6c6330e3cacc [/]
2025-07-21 12:01:00,560 - engineio.server - INFO - 9IWcLpVZ0ZjfphNQAAAA: Sending packet MESSAGE data 2["job_status",{"job_id":"2eaa33de-e011-4d02-842d-6c6330e3cacc","status":"completed","progress":100,"logs":["Operation completed successfully"],"timestamp":"2025-07-21T12:01:00.559782"}]
2025-07-21 12:01:00,560 - socketio.server - INFO - emitting event "optimization_complete" to 2eaa33de-e011-4d02-842d-6c6330e3cacc [/]
2025-07-21 12:01:00,560 - engineio.server - INFO - 9IWcLpVZ0ZjfphNQAAAA: Sending packet MESSAGE data 2["optimization_complete",{"job_id":"2eaa33de-e011-4d02-842d-6c6330e3cacc","result":{"success":true,"return_code":0,"files":[{"name":"mac_cohort_detailed_flagship.png","type":"planogram","path":"cohort_planograms\\mac_cohort_detailed_flagship.png","url":"/api/files/cohort_planograms/mac_cohort_detailed_flagship.png","download_url":"/api/files/cohort_planograms/mac_cohort_detailed_flagship.png/download"},{"name":"mac_cohort_detailed_flagship.png","type":"planogram","path":"cohort_planograms\\mac_cohort_detailed_flagship.png","url":"/api/files/cohort_planograms/mac_cohort_detailed_flagship.png","download_url":"/api/files/cohort_planograms/mac_cohort_detailed_flagship.png/download"}],"logs_count":9},"timestamp":"2025-07-21T12:01:00.560515"}]
2025-07-21 12:01:02,075 - engineio.server - INFO - 9IWcLpVZ0ZjfphNQAAAA: Received packet MESSAGE data 2["leave_job",{"job_id":"2eaa33de-e011-4d02-842d-6c6330e3cacc"}]
2025-07-21 12:01:02,075 - socketio.server - INFO - received event "leave_job" from e72k57Pe-oBVep3ZAAAB [/]
2025-07-21 12:01:02,075 - socketio.server - INFO - e72k57Pe-oBVep3ZAAAB is leaving room 2eaa33de-e011-4d02-842d-6c6330e3cacc [/]
2025-07-21 12:01:02,076 - __main__ - INFO - Client e72k57Pe-oBVep3ZAAAB left job room: 2eaa33de-e011-4d02-842d-6c6330e3cacc
2025-07-21 12:01:15,394 - engineio.server - INFO - 9IWcLpVZ0ZjfphNQAAAA: Sending packet PING data None
2025-07-21 12:01:36,768 - engineio.server - INFO - 0pEiv2YiGHME-1ZmAAAC: Sending packet OPEN data {'sid': '0pEiv2YiGHME-1ZmAAAC', 'upgrades': [], 'pingTimeout': 20000, 'pingInterval': 25000, 'maxPayload': 1000000}
2025-07-21 12:01:36,768 - engineio.server - INFO - 0pEiv2YiGHME-1ZmAAAC: Received request to upgrade to websocket
2025-07-21 12:01:36,769 - engineio.server - INFO - 0pEiv2YiGHME-1ZmAAAC: Upgrade to websocket successful
2025-07-21 12:01:36,771 - engineio.server - INFO - 0pEiv2YiGHME-1ZmAAAC: Received packet MESSAGE data 0
2025-07-21 12:01:36,772 - __main__ - INFO - Client connected: sOzhcdvRXd5PpF9VAAAD
2025-07-21 12:01:36,772 - socketio.server - INFO - emitting event "connected" to sOzhcdvRXd5PpF9VAAAD [/]
2025-07-21 12:01:36,772 - engineio.server - INFO - 0pEiv2YiGHME-1ZmAAAC: Sending packet MESSAGE data 2["connected",{"message":"Connected to Planogram API"}]
2025-07-21 12:01:36,772 - engineio.server - INFO - 0pEiv2YiGHME-1ZmAAAC: Sending packet MESSAGE data 0{"sid":"sOzhcdvRXd5PpF9VAAAD"}
2025-07-21 12:01:43,049 - __main__ - INFO - Client disconnected: e72k57Pe-oBVep3ZAAAB
2025-07-21 12:02:01,787 - engineio.server - INFO - 0pEiv2YiGHME-1ZmAAAC: Sending packet PING data None
2025-07-21 12:02:01,788 - engineio.server - INFO - 0pEiv2YiGHME-1ZmAAAC: Received packet PONG data 
2025-07-21 12:02:26,802 - engineio.server - INFO - 0pEiv2YiGHME-1ZmAAAC: Sending packet PING data None
2025-07-21 12:02:26,804 - engineio.server - INFO - 0pEiv2YiGHME-1ZmAAAC: Received packet PONG data 
2025-07-21 12:02:50,324 - werkzeug - INFO -  * Detected change in 'c:\\Users\\Shivansh Pal\\Desktop\\Planogram_Project\\web-ui\\backend\\simple_app.py', reloading
2025-07-21 12:02:50,325 - werkzeug - INFO -  * Detected change in 'c:\\Users\\Shivansh Pal\\Desktop\\Planogram_Project\\web-ui\\backend\\simple_app.py', reloading
2025-07-21 12:02:50,326 - werkzeug - INFO -  * Detected change in 'c:\\Users\\Shivansh Pal\\Desktop\\Planogram_Project\\web-ui\\backend\\simple_app.py', reloading
2025-07-21 12:02:50,326 - werkzeug - INFO -  * Detected change in 'c:\\Users\\Shivansh Pal\\Desktop\\Planogram_Project\\web-ui\\backend\\simple_app.py', reloading
2025-07-21 12:02:51,225 - werkzeug - INFO -  * Restarting with watchdog (windowsapi)
2025-07-21 12:02:51,370 - werkzeug - INFO -  * Restarting with watchdog (windowsapi)
2025-07-21 12:02:52,507 - engineio.server - INFO - Server initialized for eventlet.
2025-07-21 12:02:52,514 - __main__ - INFO - Starting simplified Planogram Web UI backend
2025-07-21 12:02:52,514 - __main__ - INFO - Project root: c:\Users\Shivansh Pal\Desktop\Planogram_Project
2025-07-21 12:02:52,527 - werkzeug - WARNING -  * Debugger is active!
2025-07-21 12:02:52,530 - werkzeug - INFO -  * Debugger PIN: 567-306-382
2025-07-21 12:02:52,671 - engineio.server - INFO - Server initialized for eventlet.
2025-07-21 12:02:52,674 - engineio.server - INFO - LhkBa-O1fZqoMBV1AAAA: Sending packet OPEN data {'sid': 'LhkBa-O1fZqoMBV1AAAA', 'upgrades': [], 'pingTimeout': 20000, 'pingInterval': 25000, 'maxPayload': 1000000}
2025-07-21 12:02:52,674 - engineio.server - INFO - LhkBa-O1fZqoMBV1AAAA: Received request to upgrade to websocket
2025-07-21 12:02:52,674 - engineio.server - INFO - LhkBa-O1fZqoMBV1AAAA: Upgrade to websocket successful
2025-07-21 12:02:52,676 - engineio.server - INFO - LhkBa-O1fZqoMBV1AAAA: Received packet MESSAGE data 0
2025-07-21 12:02:52,677 - __main__ - INFO - Client connected: a0WpXuFLEuRvfExZAAAB
2025-07-21 12:02:52,677 - socketio.server - INFO - emitting event "connected" to a0WpXuFLEuRvfExZAAAB [/]
2025-07-21 12:02:52,677 - engineio.server - INFO - LhkBa-O1fZqoMBV1AAAA: Sending packet MESSAGE data 2["connected",{"message":"Connected to Planogram API"}]
2025-07-21 12:02:52,677 - engineio.server - INFO - LhkBa-O1fZqoMBV1AAAA: Sending packet MESSAGE data 0{"sid":"a0WpXuFLEuRvfExZAAAB"}
2025-07-21 12:02:52,682 - __main__ - INFO - Starting simplified Planogram Web UI backend
2025-07-21 12:02:52,682 - __main__ - INFO - Project root: c:\Users\Shivansh Pal\Desktop\Planogram_Project
2025-07-21 12:02:52,697 - werkzeug - WARNING -  * Debugger is active!
2025-07-21 12:02:52,700 - werkzeug - INFO -  * Debugger PIN: 567-306-382
2025-07-21 12:02:52,717 - werkzeug - INFO -  * Detected change in 'C:\\Python313\\Lib\\threading.py', reloading
2025-07-21 12:02:53,633 - werkzeug - INFO -  * Restarting with watchdog (windowsapi)
2025-07-21 12:02:53,817 - werkzeug - INFO -  * Restarting with watchdog (windowsapi)
2025-07-21 12:02:55,105 - engineio.server - INFO - Server initialized for eventlet.
2025-07-21 12:02:55,112 - __main__ - INFO - Starting simplified Planogram Web UI backend
2025-07-21 12:02:55,112 - __main__ - INFO - Project root: c:\Users\Shivansh Pal\Desktop\Planogram_Project
2025-07-21 12:02:55,127 - werkzeug - WARNING -  * Debugger is active!
2025-07-21 12:02:55,130 - werkzeug - INFO -  * Debugger PIN: 567-306-382
2025-07-21 12:02:55,265 - engineio.server - INFO - Server initialized for eventlet.
2025-07-21 12:02:55,272 - __main__ - INFO - Starting simplified Planogram Web UI backend
2025-07-21 12:02:55,272 - __main__ - INFO - Project root: c:\Users\Shivansh Pal\Desktop\Planogram_Project
2025-07-21 12:02:55,287 - werkzeug - WARNING -  * Debugger is active!
2025-07-21 12:02:55,290 - werkzeug - INFO -  * Debugger PIN: 567-306-382
2025-07-21 12:02:55,659 - engineio.server - INFO - OFW3zUZ5w9XxxJF1AAAA: Sending packet OPEN data {'sid': 'OFW3zUZ5w9XxxJF1AAAA', 'upgrades': [], 'pingTimeout': 20000, 'pingInterval': 25000, 'maxPayload': 1000000}
2025-07-21 12:02:55,659 - engineio.server - INFO - OFW3zUZ5w9XxxJF1AAAA: Received request to upgrade to websocket
2025-07-21 12:02:55,660 - engineio.server - INFO - OFW3zUZ5w9XxxJF1AAAA: Upgrade to websocket successful
2025-07-21 12:02:55,661 - engineio.server - INFO - OFW3zUZ5w9XxxJF1AAAA: Received packet MESSAGE data 0
2025-07-21 12:02:55,662 - __main__ - INFO - Client connected: 8jji5ZrJXalOtna7AAAB
2025-07-21 12:02:55,662 - socketio.server - INFO - emitting event "connected" to 8jji5ZrJXalOtna7AAAB [/]
2025-07-21 12:02:55,662 - engineio.server - INFO - OFW3zUZ5w9XxxJF1AAAA: Sending packet MESSAGE data 2["connected",{"message":"Connected to Planogram API"}]
2025-07-21 12:02:55,663 - engineio.server - INFO - OFW3zUZ5w9XxxJF1AAAA: Sending packet MESSAGE data 0{"sid":"8jji5ZrJXalOtna7AAAB"}
2025-07-21 12:03:20,673 - engineio.server - INFO - OFW3zUZ5w9XxxJF1AAAA: Sending packet PING data None
2025-07-21 12:03:20,674 - engineio.server - INFO - OFW3zUZ5w9XxxJF1AAAA: Received packet PONG data 
2025-07-21 12:03:45,680 - engineio.server - INFO - OFW3zUZ5w9XxxJF1AAAA: Sending packet PING data None
2025-07-21 12:03:45,682 - engineio.server - INFO - OFW3zUZ5w9XxxJF1AAAA: Received packet PONG data 
2025-07-21 12:04:10,687 - engineio.server - INFO - OFW3zUZ5w9XxxJF1AAAA: Sending packet PING data None
2025-07-21 12:04:10,689 - engineio.server - INFO - OFW3zUZ5w9XxxJF1AAAA: Received packet PONG data 
2025-07-21 12:04:35,194 - simple_runner - INFO - Created job a2e73c4a-a92b-4637-b063-264dea7106cc of type cohort
2025-07-21 12:04:35,195 - socketio.server - INFO - emitting event "job_status" to a2e73c4a-a92b-4637-b063-264dea7106cc [/]
2025-07-21 12:04:35,224 - engineio.server - INFO - OFW3zUZ5w9XxxJF1AAAA: Received packet MESSAGE data 2["join_job",{"job_id":"a2e73c4a-a92b-4637-b063-264dea7106cc"}]
2025-07-21 12:04:35,225 - socketio.server - INFO - received event "join_job" from 8jji5ZrJXalOtna7AAAB [/]
2025-07-21 12:04:35,225 - socketio.server - INFO - 8jji5ZrJXalOtna7AAAB is entering room a2e73c4a-a92b-4637-b063-264dea7106cc [/]
2025-07-21 12:04:35,225 - __main__ - INFO - Client 8jji5ZrJXalOtna7AAAB joined job room: a2e73c4a-a92b-4637-b063-264dea7106cc
2025-07-21 12:04:35,225 - socketio.server - INFO - emitting event "job_status" to 8jji5ZrJXalOtna7AAAB [/]
2025-07-21 12:04:35,225 - engineio.server - INFO - OFW3zUZ5w9XxxJF1AAAA: Sending packet MESSAGE data 2["job_status",{"job_id":"a2e73c4a-a92b-4637-b063-264dea7106cc","status":"running","progress":0,"logs":[]}]
2025-07-21 12:04:35,704 - engineio.server - INFO - OFW3zUZ5w9XxxJF1AAAA: Sending packet PING data None
2025-07-21 12:04:35,705 - engineio.server - INFO - OFW3zUZ5w9XxxJF1AAAA: Received packet PONG data 
2025-07-21 12:04:35,720 - engineio.server - INFO - OFW3zUZ5w9XxxJF1AAAA: Received packet MESSAGE data 2["get_job_status",{"job_id":"a2e73c4a-a92b-4637-b063-264dea7106cc"}]
2025-07-21 12:04:35,720 - socketio.server - INFO - received event "get_job_status" from 8jji5ZrJXalOtna7AAAB [/]
2025-07-21 12:04:35,720 - engineio.server - INFO - OFW3zUZ5w9XxxJF1AAAA: Received packet MESSAGE data 2["get_job_logs_stream",{"job_id":"a2e73c4a-a92b-4637-b063-264dea7106cc","limit":50}]
2025-07-21 12:04:35,721 - socketio.server - INFO - received event "get_job_logs_stream" from 8jji5ZrJXalOtna7AAAB [/]
2025-07-21 12:04:36,231 - engineio.server - INFO - OFW3zUZ5w9XxxJF1AAAA: Received packet MESSAGE data 2["leave_job",{"job_id":"a2e73c4a-a92b-4637-b063-264dea7106cc"}]
2025-07-21 12:04:36,231 - socketio.server - INFO - received event "leave_job" from 8jji5ZrJXalOtna7AAAB [/]
2025-07-21 12:04:36,231 - engineio.server - INFO - OFW3zUZ5w9XxxJF1AAAA: Received packet MESSAGE data 2["join_job",{"job_id":"a2e73c4a-a92b-4637-b063-264dea7106cc"}]
2025-07-21 12:04:36,231 - socketio.server - INFO - received event "join_job" from 8jji5ZrJXalOtna7AAAB [/]
2025-07-21 12:04:36,232 - socketio.server - INFO - 8jji5ZrJXalOtna7AAAB is leaving room a2e73c4a-a92b-4637-b063-264dea7106cc [/]
2025-07-21 12:04:36,232 - __main__ - INFO - Client 8jji5ZrJXalOtna7AAAB left job room: a2e73c4a-a92b-4637-b063-264dea7106cc
2025-07-21 12:04:36,232 - socketio.server - INFO - 8jji5ZrJXalOtna7AAAB is entering room a2e73c4a-a92b-4637-b063-264dea7106cc [/]
2025-07-21 12:04:36,233 - __main__ - INFO - Client 8jji5ZrJXalOtna7AAAB joined job room: a2e73c4a-a92b-4637-b063-264dea7106cc
2025-07-21 12:04:36,233 - socketio.server - INFO - emitting event "job_status" to 8jji5ZrJXalOtna7AAAB [/]
2025-07-21 12:04:36,233 - engineio.server - INFO - OFW3zUZ5w9XxxJF1AAAA: Sending packet MESSAGE data 2["job_status",{"job_id":"a2e73c4a-a92b-4637-b063-264dea7106cc","status":"running","progress":0,"logs":["[12:04:36] 12:04:36 | INFO     | Loaded 23287 cohort records","[12:04:36] 12:04:36 | INFO     | Retrieved 946 records for LOB: Mac","[12:04:36] 12:04:36 | INFO     | Generating Mac cohort planogram for flagship store","[12:04:36] 12:04:36 | INFO     | Loaded 23287 cohort records","[12:04:36] 12:04:36 | INFO     | Retrieved 946 records for LOB: Mac"]}]
2025-07-21 12:04:36,741 - engineio.server - INFO - OFW3zUZ5w9XxxJF1AAAA: Received packet MESSAGE data 2["get_job_status",{"job_id":"a2e73c4a-a92b-4637-b063-264dea7106cc"}]
2025-07-21 12:04:36,741 - socketio.server - INFO - received event "get_job_status" from 8jji5ZrJXalOtna7AAAB [/]
2025-07-21 12:04:36,741 - engineio.server - INFO - OFW3zUZ5w9XxxJF1AAAA: Received packet MESSAGE data 2["get_job_logs_stream",{"job_id":"a2e73c4a-a92b-4637-b063-264dea7106cc","limit":50}]
2025-07-21 12:04:36,742 - socketio.server - INFO - received event "get_job_logs_stream" from 8jji5ZrJXalOtna7AAAB [/]
2025-07-21 12:04:36,853 - socketio.server - INFO - emitting event "job_status" to a2e73c4a-a92b-4637-b063-264dea7106cc [/]
2025-07-21 12:04:36,854 - engineio.server - INFO - OFW3zUZ5w9XxxJF1AAAA: Sending packet MESSAGE data 2["job_status",{"job_id":"a2e73c4a-a92b-4637-b063-264dea7106cc","status":"running","progress":95,"logs":["SUCCESS: Cohort planogram generated: output\\cohort_planograms\\mac_cohort_detailed_flagship.png"],"timestamp":"2025-07-21T12:04:36.853773"}]
2025-07-21 12:04:36,950 - socketio.server - INFO - emitting event "job_status" to a2e73c4a-a92b-4637-b063-264dea7106cc [/]
2025-07-21 12:04:36,950 - engineio.server - INFO - OFW3zUZ5w9XxxJF1AAAA: Sending packet MESSAGE data 2["job_status",{"job_id":"a2e73c4a-a92b-4637-b063-264dea7106cc","status":"completed","progress":100,"logs":["Operation completed successfully"],"timestamp":"2025-07-21T12:04:36.950388"}]
2025-07-21 12:04:36,950 - socketio.server - INFO - emitting event "optimization_complete" to a2e73c4a-a92b-4637-b063-264dea7106cc [/]
2025-07-21 12:04:36,950 - engineio.server - INFO - OFW3zUZ5w9XxxJF1AAAA: Sending packet MESSAGE data 2["optimization_complete",{"job_id":"a2e73c4a-a92b-4637-b063-264dea7106cc","result":{"success":true,"return_code":0,"files":[{"name":"mac_cohort_detailed_flagship.png","type":"planogram","path":"cohort_planograms\\mac_cohort_detailed_flagship.png","url":"/api/files/cohort_planograms/mac_cohort_detailed_flagship.png","download_url":"/api/files/cohort_planograms/mac_cohort_detailed_flagship.png/download"},{"name":"mac_cohort_detailed_flagship.png","type":"planogram","path":"cohort_planograms\\mac_cohort_detailed_flagship.png","url":"/api/files/cohort_planograms/mac_cohort_detailed_flagship.png","download_url":"/api/files/cohort_planograms/mac_cohort_detailed_flagship.png/download"}],"logs_count":9},"timestamp":"2025-07-21T12:04:36.950648"}]
2025-07-21 12:04:38,257 - engineio.server - INFO - OFW3zUZ5w9XxxJF1AAAA: Received packet MESSAGE data 2["leave_job",{"job_id":"a2e73c4a-a92b-4637-b063-264dea7106cc"}]
2025-07-21 12:04:38,258 - socketio.server - INFO - received event "leave_job" from 8jji5ZrJXalOtna7AAAB [/]
2025-07-21 12:04:38,258 - socketio.server - INFO - 8jji5ZrJXalOtna7AAAB is leaving room a2e73c4a-a92b-4637-b063-264dea7106cc [/]
2025-07-21 12:04:38,258 - __main__ - INFO - Client 8jji5ZrJXalOtna7AAAB left job room: a2e73c4a-a92b-4637-b063-264dea7106cc
2025-07-21 12:05:00,713 - engineio.server - INFO - OFW3zUZ5w9XxxJF1AAAA: Sending packet PING data None
2025-07-21 12:05:21,245 - __main__ - INFO - Client disconnected: 8jji5ZrJXalOtna7AAAB
2025-07-21 12:05:23,681 - engineio.server - INFO - TLfvMa-EaqB5BQlrAAAC: Sending packet OPEN data {'sid': 'TLfvMa-EaqB5BQlrAAAC', 'upgrades': [], 'pingTimeout': 20000, 'pingInterval': 25000, 'maxPayload': 1000000}
2025-07-21 12:05:23,681 - engineio.server - INFO - TLfvMa-EaqB5BQlrAAAC: Received request to upgrade to websocket
2025-07-21 12:05:23,681 - engineio.server - INFO - TLfvMa-EaqB5BQlrAAAC: Upgrade to websocket successful
2025-07-21 12:05:23,683 - engineio.server - INFO - TLfvMa-EaqB5BQlrAAAC: Received packet MESSAGE data 0
2025-07-21 12:05:23,683 - __main__ - INFO - Client connected: QjmVPCiCW7MB8WhuAAAD
2025-07-21 12:05:23,684 - socketio.server - INFO - emitting event "connected" to QjmVPCiCW7MB8WhuAAAD [/]
2025-07-21 12:05:23,684 - engineio.server - INFO - TLfvMa-EaqB5BQlrAAAC: Sending packet MESSAGE data 2["connected",{"message":"Connected to Planogram API"}]
2025-07-21 12:05:23,684 - engineio.server - INFO - TLfvMa-EaqB5BQlrAAAC: Sending packet MESSAGE data 0{"sid":"QjmVPCiCW7MB8WhuAAAD"}
2025-07-21 12:05:48,687 - engineio.server - INFO - TLfvMa-EaqB5BQlrAAAC: Sending packet PING data None
2025-07-21 12:05:48,688 - engineio.server - INFO - TLfvMa-EaqB5BQlrAAAC: Received packet PONG data 
2025-07-21 12:06:13,698 - engineio.server - INFO - TLfvMa-EaqB5BQlrAAAC: Sending packet PING data None
2025-07-21 12:06:13,698 - engineio.server - INFO - TLfvMa-EaqB5BQlrAAAC: Received packet PONG data 
2025-07-21 12:06:14,951 - werkzeug - INFO -  * Detected change in 'c:\\Users\\Shivansh Pal\\Desktop\\Planogram_Project\\web-ui\\backend\\app.py', reloading
2025-07-21 12:06:14,951 - werkzeug - INFO -  * Detected change in 'c:\\Users\\Shivansh Pal\\Desktop\\Planogram_Project\\web-ui\\backend\\app.py', reloading
2025-07-21 12:06:14,952 - werkzeug - INFO -  * Detected change in 'c:\\Users\\Shivansh Pal\\Desktop\\Planogram_Project\\web-ui\\backend\\integration.py', reloading
2025-07-21 12:06:14,952 - werkzeug - INFO -  * Detected change in 'c:\\Users\\Shivansh Pal\\Desktop\\Planogram_Project\\web-ui\\backend\\integration.py', reloading
2025-07-21 12:06:14,952 - werkzeug - INFO -  * Detected change in 'c:\\Users\\Shivansh Pal\\Desktop\\Planogram_Project\\web-ui\\backend\\file_manager.py', reloading
2025-07-21 12:06:14,952 - werkzeug - INFO -  * Detected change in 'c:\\Users\\Shivansh Pal\\Desktop\\Planogram_Project\\web-ui\\backend\\file_manager.py', reloading
2025-07-21 12:06:14,953 - werkzeug - INFO -  * Detected change in 'c:\\Users\\Shivansh Pal\\Desktop\\Planogram_Project\\web-ui\\backend\\progress_tracker.py', reloading
2025-07-21 12:06:14,953 - werkzeug - INFO -  * Detected change in 'c:\\Users\\Shivansh Pal\\Desktop\\Planogram_Project\\web-ui\\backend\\progress_tracker.py', reloading
2025-07-21 12:06:14,953 - werkzeug - INFO -  * Detected change in 'c:\\Users\\Shivansh Pal\\Desktop\\Planogram_Project\\web-ui\\backend\\test_optimization.py', reloading
2025-07-21 12:06:14,953 - werkzeug - INFO -  * Detected change in 'c:\\Users\\Shivansh Pal\\Desktop\\Planogram_Project\\web-ui\\backend\\test_optimization.py', reloading
2025-07-21 12:06:14,954 - werkzeug - INFO -  * Detected change in 'c:\\Users\\Shivansh Pal\\Desktop\\Planogram_Project\\web-ui\\backend\\test_progress_tracker.py', reloading
2025-07-21 12:06:14,954 - werkzeug - INFO -  * Detected change in 'c:\\Users\\Shivansh Pal\\Desktop\\Planogram_Project\\web-ui\\backend\\test_progress_tracker.py', reloading
2025-07-21 12:06:15,387 - werkzeug - INFO -  * Detected change in 'C:\\Python313\\Lib\\uuid.py', reloading
2025-07-21 12:06:15,387 - werkzeug - INFO -  * Detected change in 'C:\\Python313\\Lib\\uuid.py', reloading
2025-07-21 12:06:15,388 - werkzeug - INFO -  * Detected change in 'C:\\Users\\Shivansh Pal\\AppData\\Roaming\\Python\\Python313\\site-packages\\flask\\__init__.py', reloading
2025-07-21 12:06:15,388 - werkzeug - INFO -  * Detected change in 'C:\\Users\\Shivansh Pal\\AppData\\Roaming\\Python\\Python313\\site-packages\\flask\\__init__.py', reloading
2025-07-21 12:06:15,389 - werkzeug - INFO -  * Detected change in 'C:\\Users\\Shivansh Pal\\AppData\\Roaming\\Python\\Python313\\site-packages\\flask\\app.py', reloading
2025-07-21 12:06:15,389 - werkzeug - INFO -  * Detected change in 'C:\\Users\\Shivansh Pal\\AppData\\Roaming\\Python\\Python313\\site-packages\\flask\\app.py', reloading
2025-07-21 12:06:15,390 - werkzeug - INFO -  * Detected change in 'C:\\Users\\Shivansh Pal\\AppData\\Roaming\\Python\\Python313\\site-packages\\flask\\sansio\\app.py', reloading
2025-07-21 12:06:15,390 - werkzeug - INFO -  * Detected change in 'C:\\Users\\Shivansh Pal\\AppData\\Roaming\\Python\\Python313\\site-packages\\flask\\sansio\\app.py', reloading
2025-07-21 12:06:15,390 - werkzeug - INFO -  * Detected change in 'C:\\Users\\Shivansh Pal\\AppData\\Roaming\\Python\\Python313\\site-packages\\flask\\sansio\\scaffold.py', reloading
2025-07-21 12:06:15,390 - werkzeug - INFO -  * Detected change in 'C:\\Users\\Shivansh Pal\\AppData\\Roaming\\Python\\Python313\\site-packages\\flask\\sansio\\scaffold.py', reloading
2025-07-21 12:06:15,392 - werkzeug - INFO -  * Detected change in 'C:\\Python313\\Lib\\datetime.py', reloading
2025-07-21 12:06:15,392 - werkzeug - INFO -  * Detected change in 'C:\\Python313\\Lib\\datetime.py', reloading
2025-07-21 12:06:15,393 - werkzeug - INFO -  * Detected change in 'C:\\Python313\\Lib\\_pydatetime.py', reloading
2025-07-21 12:06:15,393 - werkzeug - INFO -  * Detected change in 'C:\\Python313\\Lib\\_pydatetime.py', reloading
2025-07-21 12:06:15,393 - werkzeug - INFO -  * Detected change in 'C:\\Python313\\Lib\\typing.py', reloading
2025-07-21 12:06:15,393 - werkzeug - INFO -  * Detected change in 'C:\\Python313\\Lib\\typing.py', reloading
2025-07-21 12:06:15,393 - werkzeug - INFO -  * Detected change in 'C:\\Python313\\Lib\\dataclasses.py', reloading
2025-07-21 12:06:15,394 - werkzeug - INFO -  * Detected change in 'C:\\Python313\\Lib\\dataclasses.py', reloading
2025-07-21 12:06:15,394 - werkzeug - INFO -  * Detected change in 'C:\\Python313\\Lib\\enum.py', reloading
2025-07-21 12:06:15,394 - werkzeug - INFO -  * Detected change in 'C:\\Python313\\Lib\\shutil.py', reloading
2025-07-21 12:06:15,394 - werkzeug - INFO -  * Detected change in 'C:\\Python313\\Lib\\enum.py', reloading
2025-07-21 12:06:15,394 - werkzeug - INFO -  * Detected change in 'C:\\Python313\\Lib\\shutil.py', reloading
2025-07-21 12:06:15,695 - werkzeug - INFO -  * Restarting with watchdog (windowsapi)
2025-07-21 12:06:15,711 - werkzeug - INFO -  * Restarting with watchdog (windowsapi)
2025-07-21 12:06:16,828 - engineio.server - INFO - Server initialized for eventlet.
2025-07-21 12:06:16,835 - __main__ - INFO - Starting simplified Planogram Web UI backend
2025-07-21 12:06:16,835 - __main__ - INFO - Project root: c:\Users\Shivansh Pal\Desktop\Planogram_Project
2025-07-21 12:06:16,850 - engineio.server - INFO - Server initialized for eventlet.
2025-07-21 12:06:16,858 - __main__ - INFO - Starting simplified Planogram Web UI backend
2025-07-21 12:06:16,858 - __main__ - INFO - Project root: c:\Users\Shivansh Pal\Desktop\Planogram_Project
2025-07-21 12:06:16,858 - werkzeug - WARNING -  * Debugger is active!
2025-07-21 12:06:16,860 - werkzeug - INFO -  * Debugger PIN: 567-306-382
2025-07-21 12:06:16,871 - werkzeug - WARNING -  * Debugger is active!
2025-07-21 12:06:16,875 - werkzeug - INFO -  * Debugger PIN: 567-306-382
2025-07-21 12:06:17,685 - engineio.server - INFO - xQ443LX6IEuAH-EDAAAA: Sending packet OPEN data {'sid': 'xQ443LX6IEuAH-EDAAAA', 'upgrades': [], 'pingTimeout': 20000, 'pingInterval': 25000, 'maxPayload': 1000000}
2025-07-21 12:06:17,685 - engineio.server - INFO - xQ443LX6IEuAH-EDAAAA: Received request to upgrade to websocket
2025-07-21 12:06:17,686 - engineio.server - INFO - xQ443LX6IEuAH-EDAAAA: Upgrade to websocket successful
2025-07-21 12:06:17,688 - engineio.server - INFO - xQ443LX6IEuAH-EDAAAA: Received packet MESSAGE data 0
2025-07-21 12:06:17,689 - __main__ - INFO - Client connected: tvfIZjvu5x1uwVqeAAAB
2025-07-21 12:06:17,689 - socketio.server - INFO - emitting event "connected" to tvfIZjvu5x1uwVqeAAAB [/]
2025-07-21 12:06:17,689 - engineio.server - INFO - xQ443LX6IEuAH-EDAAAA: Sending packet MESSAGE data 2["connected",{"message":"Connected to Planogram API"}]
2025-07-21 12:06:17,689 - engineio.server - INFO - xQ443LX6IEuAH-EDAAAA: Sending packet MESSAGE data 0{"sid":"tvfIZjvu5x1uwVqeAAAB"}
2025-07-21 12:06:42,687 - engineio.server - INFO - xQ443LX6IEuAH-EDAAAA: Sending packet PING data None
2025-07-21 12:06:42,688 - engineio.server - INFO - xQ443LX6IEuAH-EDAAAA: Received packet PONG data 
2025-07-21 12:06:49,597 - werkzeug - INFO -  * Detected change in 'c:\\Users\\Shivansh Pal\\Desktop\\Planogram_Project\\web-ui\\backend\\api\\__init__.py', reloading
2025-07-21 12:06:49,597 - werkzeug - INFO -  * Detected change in 'c:\\Users\\Shivansh Pal\\Desktop\\Planogram_Project\\web-ui\\backend\\api\\__init__.py', reloading
2025-07-21 12:06:50,374 - werkzeug - INFO -  * Restarting with watchdog (windowsapi)
2025-07-21 12:06:50,379 - werkzeug - INFO -  * Restarting with watchdog (windowsapi)
2025-07-21 12:06:51,410 - engineio.server - INFO - Server initialized for eventlet.
2025-07-21 12:06:51,420 - __main__ - INFO - Starting simplified Planogram Web UI backend
2025-07-21 12:06:51,420 - __main__ - INFO - Project root: c:\Users\Shivansh Pal\Desktop\Planogram_Project
2025-07-21 12:06:51,426 - engineio.server - INFO - Server initialized for eventlet.
2025-07-21 12:06:51,433 - __main__ - INFO - Starting simplified Planogram Web UI backend
2025-07-21 12:06:51,433 - __main__ - INFO - Project root: c:\Users\Shivansh Pal\Desktop\Planogram_Project
2025-07-21 12:06:51,436 - werkzeug - WARNING -  * Debugger is active!
2025-07-21 12:06:51,439 - werkzeug - INFO -  * Debugger PIN: 567-306-382
2025-07-21 12:06:51,447 - werkzeug - WARNING -  * Debugger is active!
2025-07-21 12:06:51,450 - werkzeug - INFO -  * Debugger PIN: 567-306-382
2025-07-21 12:06:52,686 - engineio.server - INFO - HUaAKQOsTkVlWKUQAAAA: Sending packet OPEN data {'sid': 'HUaAKQOsTkVlWKUQAAAA', 'upgrades': [], 'pingTimeout': 20000, 'pingInterval': 25000, 'maxPayload': 1000000}
2025-07-21 12:06:52,686 - engineio.server - INFO - HUaAKQOsTkVlWKUQAAAA: Received request to upgrade to websocket
2025-07-21 12:06:52,687 - engineio.server - INFO - HUaAKQOsTkVlWKUQAAAA: Upgrade to websocket successful
2025-07-21 12:06:52,689 - engineio.server - INFO - HUaAKQOsTkVlWKUQAAAA: Received packet MESSAGE data 0
2025-07-21 12:06:52,690 - __main__ - INFO - Client connected: AKrV4ITL3Eu3EtP3AAAB
2025-07-21 12:06:52,690 - socketio.server - INFO - emitting event "connected" to AKrV4ITL3Eu3EtP3AAAB [/]
2025-07-21 12:06:52,690 - engineio.server - INFO - HUaAKQOsTkVlWKUQAAAA: Sending packet MESSAGE data 2["connected",{"message":"Connected to Planogram API"}]
2025-07-21 12:06:52,690 - engineio.server - INFO - HUaAKQOsTkVlWKUQAAAA: Sending packet MESSAGE data 0{"sid":"AKrV4ITL3Eu3EtP3AAAB"}
2025-07-21 12:07:17,700 - engineio.server - INFO - HUaAKQOsTkVlWKUQAAAA: Sending packet PING data None
2025-07-21 12:07:17,703 - engineio.server - INFO - HUaAKQOsTkVlWKUQAAAA: Received packet PONG data 
2025-07-21 12:07:42,704 - engineio.server - INFO - HUaAKQOsTkVlWKUQAAAA: Sending packet PING data None
2025-07-21 12:07:42,705 - engineio.server - INFO - HUaAKQOsTkVlWKUQAAAA: Received packet PONG data 
2025-07-21 12:08:07,717 - engineio.server - INFO - HUaAKQOsTkVlWKUQAAAA: Sending packet PING data None
2025-07-21 12:08:07,718 - engineio.server - INFO - HUaAKQOsTkVlWKUQAAAA: Received packet PONG data 
2025-07-21 12:08:32,725 - engineio.server - INFO - HUaAKQOsTkVlWKUQAAAA: Sending packet PING data None
2025-07-21 12:08:32,726 - engineio.server - INFO - HUaAKQOsTkVlWKUQAAAA: Received packet PONG data 
2025-07-21 12:08:57,727 - engineio.server - INFO - HUaAKQOsTkVlWKUQAAAA: Sending packet PING data None
2025-07-21 12:08:57,728 - engineio.server - INFO - HUaAKQOsTkVlWKUQAAAA: Received packet PONG data 
2025-07-21 12:09:22,737 - engineio.server - INFO - HUaAKQOsTkVlWKUQAAAA: Sending packet PING data None
2025-07-21 12:09:22,738 - engineio.server - INFO - HUaAKQOsTkVlWKUQAAAA: Received packet PONG data 
2025-07-21 12:09:30,296 - simple_runner - INFO - Created job da99983b-0afb-4b5a-ba88-97f4241658db of type category
2025-07-21 12:09:30,298 - socketio.server - INFO - emitting event "job_status" to da99983b-0afb-4b5a-ba88-97f4241658db [/]
2025-07-21 12:09:30,321 - engineio.server - INFO - HUaAKQOsTkVlWKUQAAAA: Received packet MESSAGE data 2["join_job",{"job_id":"da99983b-0afb-4b5a-ba88-97f4241658db"}]
2025-07-21 12:09:30,321 - socketio.server - INFO - received event "join_job" from AKrV4ITL3Eu3EtP3AAAB [/]
2025-07-21 12:09:30,321 - socketio.server - INFO - AKrV4ITL3Eu3EtP3AAAB is entering room da99983b-0afb-4b5a-ba88-97f4241658db [/]
2025-07-21 12:09:30,321 - __main__ - INFO - Client AKrV4ITL3Eu3EtP3AAAB joined job room: da99983b-0afb-4b5a-ba88-97f4241658db
2025-07-21 12:09:30,321 - socketio.server - INFO - emitting event "job_status" to AKrV4ITL3Eu3EtP3AAAB [/]
2025-07-21 12:09:30,321 - engineio.server - INFO - HUaAKQOsTkVlWKUQAAAA: Sending packet MESSAGE data 2["job_status",{"job_id":"da99983b-0afb-4b5a-ba88-97f4241658db","status":"running","progress":0,"logs":[]}]
2025-07-21 12:09:30,820 - engineio.server - INFO - HUaAKQOsTkVlWKUQAAAA: Received packet MESSAGE data 2["get_job_status",{"job_id":"da99983b-0afb-4b5a-ba88-97f4241658db"}]
2025-07-21 12:09:30,820 - socketio.server - INFO - received event "get_job_status" from AKrV4ITL3Eu3EtP3AAAB [/]
2025-07-21 12:09:30,820 - engineio.server - INFO - HUaAKQOsTkVlWKUQAAAA: Received packet MESSAGE data 2["get_job_logs_stream",{"job_id":"da99983b-0afb-4b5a-ba88-97f4241658db","limit":50}]
2025-07-21 12:09:30,821 - socketio.server - INFO - received event "get_job_logs_stream" from AKrV4ITL3Eu3EtP3AAAB [/]
2025-07-21 12:09:31,031 - werkzeug - INFO -  * Detected change in 'C:\\Python313\\Lib\\statistics.py', reloading
2025-07-21 12:09:31,091 - werkzeug - INFO -  * Detected change in 'C:\\Python313\\Lib\\fileinput.py', reloading
2025-07-21 12:09:31,091 - werkzeug - INFO -  * Detected change in 'C:\\Python313\\Lib\\fileinput.py', reloading
2025-07-21 12:09:31,123 - werkzeug - INFO -  * Detected change in 'C:\\Python313\\Lib\\unittest\\__init__.py', reloading
2025-07-21 12:09:31,123 - werkzeug - INFO -  * Detected change in 'C:\\Python313\\Lib\\unittest\\__init__.py', reloading
2025-07-21 12:09:31,133 - werkzeug - INFO -  * Detected change in 'C:\\Python313\\Lib\\unittest\\result.py', reloading
2025-07-21 12:09:31,133 - werkzeug - INFO -  * Detected change in 'C:\\Python313\\Lib\\unittest\\result.py', reloading
2025-07-21 12:09:31,141 - werkzeug - INFO -  * Detected change in 'C:\\Python313\\Lib\\unittest\\util.py', reloading
2025-07-21 12:09:31,142 - werkzeug - INFO -  * Detected change in 'C:\\Python313\\Lib\\unittest\\util.py', reloading
2025-07-21 12:09:31,154 - werkzeug - INFO -  * Detected change in 'C:\\Python313\\Lib\\unittest\\case.py', reloading
2025-07-21 12:09:31,154 - werkzeug - INFO -  * Detected change in 'C:\\Python313\\Lib\\unittest\\case.py', reloading
2025-07-21 12:09:31,174 - werkzeug - INFO -  * Detected change in 'C:\\Python313\\Lib\\unittest\\suite.py', reloading
2025-07-21 12:09:31,174 - werkzeug - INFO -  * Detected change in 'C:\\Python313\\Lib\\unittest\\suite.py', reloading
2025-07-21 12:09:31,204 - werkzeug - INFO -  * Detected change in 'C:\\Python313\\Lib\\unittest\\loader.py', reloading
2025-07-21 12:09:31,204 - werkzeug - INFO -  * Detected change in 'C:\\Python313\\Lib\\unittest\\loader.py', reloading
2025-07-21 12:09:31,235 - werkzeug - INFO -  * Detected change in 'C:\\Python313\\Lib\\unittest\\main.py', reloading
2025-07-21 12:09:31,263 - werkzeug - INFO -  * Detected change in 'C:\\Python313\\Lib\\unittest\\runner.py', reloading
2025-07-21 12:09:31,263 - werkzeug - INFO -  * Detected change in 'C:\\Python313\\Lib\\unittest\\runner.py', reloading
2025-07-21 12:09:31,288 - werkzeug - INFO -  * Detected change in 'C:\\Python313\\Lib\\unittest\\signals.py', reloading
2025-07-21 12:09:31,288 - werkzeug - INFO -  * Detected change in 'C:\\Python313\\Lib\\unittest\\signals.py', reloading
2025-07-21 12:09:31,313 - engineio.server - INFO - HUaAKQOsTkVlWKUQAAAA: Received packet MESSAGE data 2["leave_job",{"job_id":"da99983b-0afb-4b5a-ba88-97f4241658db"}]
2025-07-21 12:09:31,313 - socketio.server - INFO - received event "leave_job" from AKrV4ITL3Eu3EtP3AAAB [/]
2025-07-21 12:09:31,313 - engineio.server - INFO - HUaAKQOsTkVlWKUQAAAA: Received packet MESSAGE data 2["join_job",{"job_id":"da99983b-0afb-4b5a-ba88-97f4241658db"}]
2025-07-21 12:09:31,313 - socketio.server - INFO - received event "join_job" from AKrV4ITL3Eu3EtP3AAAB [/]
2025-07-21 12:09:31,314 - socketio.server - INFO - AKrV4ITL3Eu3EtP3AAAB is leaving room da99983b-0afb-4b5a-ba88-97f4241658db [/]
2025-07-21 12:09:31,314 - __main__ - INFO - Client AKrV4ITL3Eu3EtP3AAAB left job room: da99983b-0afb-4b5a-ba88-97f4241658db
2025-07-21 12:09:31,314 - socketio.server - INFO - AKrV4ITL3Eu3EtP3AAAB is entering room da99983b-0afb-4b5a-ba88-97f4241658db [/]
2025-07-21 12:09:31,314 - __main__ - INFO - Client AKrV4ITL3Eu3EtP3AAAB joined job room: da99983b-0afb-4b5a-ba88-97f4241658db
2025-07-21 12:09:31,314 - socketio.server - INFO - emitting event "job_status" to AKrV4ITL3Eu3EtP3AAAB [/]
2025-07-21 12:09:31,315 - engineio.server - INFO - HUaAKQOsTkVlWKUQAAAA: Sending packet MESSAGE data 2["job_status",{"job_id":"da99983b-0afb-4b5a-ba88-97f4241658db","status":"running","progress":0,"logs":[]}]
2025-07-21 12:09:31,608 - werkzeug - INFO -  * Restarting with watchdog (windowsapi)
2025-07-21 12:09:31,632 - werkzeug - INFO -  * Restarting with watchdog (windowsapi)
2025-07-21 12:09:32,415 - engineio.server - INFO - Server initialized for eventlet.
2025-07-21 12:09:32,420 - __main__ - INFO - Starting simplified Planogram Web UI backend
2025-07-21 12:09:32,420 - __main__ - INFO - Project root: c:\Users\Shivansh Pal\Desktop\Planogram_Project
2025-07-21 12:09:32,428 - werkzeug - WARNING -  * Debugger is active!
2025-07-21 12:09:32,430 - werkzeug - INFO -  * Debugger PIN: 567-306-382
2025-07-21 12:09:32,432 - engineio.server - INFO - Server initialized for eventlet.
2025-07-21 12:09:32,436 - __main__ - INFO - Starting simplified Planogram Web UI backend
2025-07-21 12:09:32,436 - __main__ - INFO - Project root: c:\Users\Shivansh Pal\Desktop\Planogram_Project
2025-07-21 12:09:32,444 - werkzeug - WARNING -  * Debugger is active!
2025-07-21 12:09:32,446 - werkzeug - INFO -  * Debugger PIN: 567-306-382
2025-07-21 12:09:32,676 - engineio.server - INFO - GvGIuep69ijKlWnEAAAA: Sending packet OPEN data {'sid': 'GvGIuep69ijKlWnEAAAA', 'upgrades': [], 'pingTimeout': 20000, 'pingInterval': 25000, 'maxPayload': 1000000}
2025-07-21 12:09:32,677 - engineio.server - INFO - GvGIuep69ijKlWnEAAAA: Received request to upgrade to websocket
2025-07-21 12:09:32,677 - engineio.server - INFO - GvGIuep69ijKlWnEAAAA: Upgrade to websocket successful
2025-07-21 12:09:32,678 - engineio.server - INFO - GvGIuep69ijKlWnEAAAA: Received packet MESSAGE data 0
2025-07-21 12:09:32,679 - __main__ - INFO - Client connected: NCvVREjqcTo02w97AAAB
2025-07-21 12:09:32,679 - socketio.server - INFO - emitting event "connected" to NCvVREjqcTo02w97AAAB [/]
2025-07-21 12:09:32,679 - engineio.server - INFO - GvGIuep69ijKlWnEAAAA: Sending packet MESSAGE data 2["connected",{"message":"Connected to Planogram API"}]
2025-07-21 12:09:32,679 - engineio.server - INFO - GvGIuep69ijKlWnEAAAA: Sending packet MESSAGE data 0{"sid":"NCvVREjqcTo02w97AAAB"}
2025-07-21 12:09:40,324 - engineio.server - INFO - GvGIuep69ijKlWnEAAAA: Received packet MESSAGE data 2["leave_job",{"job_id":"da99983b-0afb-4b5a-ba88-97f4241658db"}]
2025-07-21 12:09:40,324 - socketio.server - INFO - received event "leave_job" from NCvVREjqcTo02w97AAAB [/]
2025-07-21 12:09:40,325 - socketio.server - INFO - NCvVREjqcTo02w97AAAB is leaving room da99983b-0afb-4b5a-ba88-97f4241658db [/]
2025-07-21 12:09:40,325 - __main__ - INFO - Client NCvVREjqcTo02w97AAAB left job room: da99983b-0afb-4b5a-ba88-97f4241658db
2025-07-21 12:09:57,692 - engineio.server - INFO - GvGIuep69ijKlWnEAAAA: Sending packet PING data None
2025-07-21 12:09:57,693 - engineio.server - INFO - GvGIuep69ijKlWnEAAAA: Received packet PONG data 
2025-07-21 12:10:22,704 - engineio.server - INFO - GvGIuep69ijKlWnEAAAA: Sending packet PING data None
2025-07-21 12:10:22,706 - engineio.server - INFO - GvGIuep69ijKlWnEAAAA: Received packet PONG data 
2025-07-21 12:10:47,721 - engineio.server - INFO - GvGIuep69ijKlWnEAAAA: Sending packet PING data None
2025-07-21 12:10:47,722 - engineio.server - INFO - GvGIuep69ijKlWnEAAAA: Received packet PONG data 
2025-07-21 12:11:12,738 - engineio.server - INFO - GvGIuep69ijKlWnEAAAA: Sending packet PING data None
2025-07-21 12:11:12,739 - engineio.server - INFO - GvGIuep69ijKlWnEAAAA: Received packet PONG data 
2025-07-21 12:11:37,753 - engineio.server - INFO - GvGIuep69ijKlWnEAAAA: Sending packet PING data None
2025-07-21 12:11:37,754 - engineio.server - INFO - GvGIuep69ijKlWnEAAAA: Received packet PONG data 
2025-07-21 12:12:02,768 - engineio.server - INFO - GvGIuep69ijKlWnEAAAA: Sending packet PING data None
2025-07-21 12:12:02,770 - engineio.server - INFO - GvGIuep69ijKlWnEAAAA: Received packet PONG data 
2025-07-21 12:12:27,779 - engineio.server - INFO - GvGIuep69ijKlWnEAAAA: Sending packet PING data None
2025-07-21 12:12:27,780 - engineio.server - INFO - GvGIuep69ijKlWnEAAAA: Received packet PONG data 
2025-07-21 12:12:52,785 - engineio.server - INFO - GvGIuep69ijKlWnEAAAA: Sending packet PING data None
2025-07-21 12:12:52,786 - engineio.server - INFO - GvGIuep69ijKlWnEAAAA: Received packet PONG data 
2025-07-21 12:13:17,793 - engineio.server - INFO - GvGIuep69ijKlWnEAAAA: Sending packet PING data None
2025-07-21 12:13:17,795 - engineio.server - INFO - GvGIuep69ijKlWnEAAAA: Received packet PONG data 
2025-07-21 12:13:42,801 - engineio.server - INFO - GvGIuep69ijKlWnEAAAA: Sending packet PING data None
2025-07-21 12:13:42,803 - engineio.server - INFO - GvGIuep69ijKlWnEAAAA: Received packet PONG data 
2025-07-21 12:14:07,816 - engineio.server - INFO - GvGIuep69ijKlWnEAAAA: Sending packet PING data None
2025-07-21 12:14:07,817 - engineio.server - INFO - GvGIuep69ijKlWnEAAAA: Received packet PONG data 
2025-07-21 12:14:32,831 - engineio.server - INFO - GvGIuep69ijKlWnEAAAA: Sending packet PING data None
2025-07-21 12:14:32,832 - engineio.server - INFO - GvGIuep69ijKlWnEAAAA: Received packet PONG data 
2025-07-21 12:14:57,836 - engineio.server - INFO - GvGIuep69ijKlWnEAAAA: Sending packet PING data None
2025-07-21 12:14:57,837 - engineio.server - INFO - GvGIuep69ijKlWnEAAAA: Received packet PONG data 
2025-07-21 12:15:11,265 - engineio.server - INFO - Server initialized for eventlet.
2025-07-21 12:15:11,270 - __main__ - INFO - Starting simplified Planogram Web UI backend
2025-07-21 12:15:11,270 - __main__ - INFO - Project root: C:\Users\Shivansh Pal\Desktop\Planogram_Project
2025-07-21 12:15:11,278 - werkzeug - INFO -  * Restarting with watchdog (windowsapi)
2025-07-21 12:15:12,034 - engineio.server - INFO - Server initialized for eventlet.
2025-07-21 12:15:12,039 - __main__ - INFO - Starting simplified Planogram Web UI backend
2025-07-21 12:15:12,040 - __main__ - INFO - Project root: C:\Users\Shivansh Pal\Desktop\Planogram_Project
2025-07-21 12:15:12,054 - werkzeug - WARNING -  * Debugger is active!
2025-07-21 12:15:12,056 - werkzeug - INFO -  * Debugger PIN: 567-306-382
2025-07-21 12:15:22,842 - engineio.server - INFO - GvGIuep69ijKlWnEAAAA: Sending packet PING data None
2025-07-21 12:15:22,843 - engineio.server - INFO - GvGIuep69ijKlWnEAAAA: Received packet PONG data 
2025-07-21 12:15:47,844 - engineio.server - INFO - GvGIuep69ijKlWnEAAAA: Sending packet PING data None
2025-07-21 12:15:47,846 - engineio.server - INFO - GvGIuep69ijKlWnEAAAA: Received packet PONG data 
2025-07-21 12:15:57,554 - engineio.server - INFO - Server initialized for eventlet.
2025-07-21 12:15:57,562 - __main__ - INFO - Starting simplified Planogram Web UI backend
2025-07-21 12:15:57,562 - __main__ - INFO - Project root: C:\Users\Shivansh Pal\Desktop\Planogram_Project
2025-07-21 12:15:57,571 - werkzeug - INFO -  * Restarting with watchdog (windowsapi)
2025-07-21 12:15:58,354 - engineio.server - INFO - Server initialized for eventlet.
2025-07-21 12:15:58,360 - __main__ - INFO - Starting simplified Planogram Web UI backend
2025-07-21 12:15:58,360 - __main__ - INFO - Project root: C:\Users\Shivansh Pal\Desktop\Planogram_Project
2025-07-21 12:15:58,369 - werkzeug - WARNING -  * Debugger is active!
2025-07-21 12:15:58,372 - werkzeug - INFO -  * Debugger PIN: 567-306-382
2025-07-21 12:16:12,861 - engineio.server - INFO - GvGIuep69ijKlWnEAAAA: Sending packet PING data None
2025-07-21 12:16:12,862 - engineio.server - INFO - GvGIuep69ijKlWnEAAAA: Received packet PONG data 
2025-07-21 12:16:37,866 - engineio.server - INFO - GvGIuep69ijKlWnEAAAA: Sending packet PING data None
2025-07-21 12:16:37,867 - engineio.server - INFO - GvGIuep69ijKlWnEAAAA: Received packet PONG data 
2025-07-21 12:17:02,874 - engineio.server - INFO - GvGIuep69ijKlWnEAAAA: Sending packet PING data None
2025-07-21 12:17:02,875 - engineio.server - INFO - GvGIuep69ijKlWnEAAAA: Received packet PONG data 
2025-07-21 12:17:27,885 - engineio.server - INFO - GvGIuep69ijKlWnEAAAA: Sending packet PING data None
2025-07-21 12:17:27,887 - engineio.server - INFO - GvGIuep69ijKlWnEAAAA: Received packet PONG data 
2025-07-21 12:17:52,890 - engineio.server - INFO - GvGIuep69ijKlWnEAAAA: Sending packet PING data None
2025-07-21 12:17:52,892 - engineio.server - INFO - GvGIuep69ijKlWnEAAAA: Received packet PONG data 
2025-07-21 12:18:17,900 - engineio.server - INFO - GvGIuep69ijKlWnEAAAA: Sending packet PING data None
2025-07-21 12:18:17,901 - engineio.server - INFO - GvGIuep69ijKlWnEAAAA: Received packet PONG data 
2025-07-21 12:18:42,911 - engineio.server - INFO - GvGIuep69ijKlWnEAAAA: Sending packet PING data None
2025-07-21 12:18:42,914 - engineio.server - INFO - GvGIuep69ijKlWnEAAAA: Received packet PONG data 
2025-07-21 12:19:07,928 - engineio.server - INFO - GvGIuep69ijKlWnEAAAA: Sending packet PING data None
2025-07-21 12:19:07,929 - engineio.server - INFO - GvGIuep69ijKlWnEAAAA: Received packet PONG data 
2025-07-21 12:19:32,943 - engineio.server - INFO - GvGIuep69ijKlWnEAAAA: Sending packet PING data None
2025-07-21 12:19:32,944 - engineio.server - INFO - GvGIuep69ijKlWnEAAAA: Received packet PONG data 
2025-07-21 12:19:57,793 - engineio.server - INFO - Server initialized for eventlet.
2025-07-21 12:19:57,797 - __main__ - INFO - Starting simplified Planogram Web UI backend
2025-07-21 12:19:57,797 - __main__ - INFO - Project root: c:\Users\Shivansh Pal\Desktop\Planogram_Project
2025-07-21 12:19:57,807 - werkzeug - INFO -  * Restarting with watchdog (windowsapi)
2025-07-21 12:19:58,533 - engineio.server - INFO - Server initialized for eventlet.
2025-07-21 12:19:58,537 - __main__ - INFO - Starting simplified Planogram Web UI backend
2025-07-21 12:19:58,537 - __main__ - INFO - Project root: c:\Users\Shivansh Pal\Desktop\Planogram_Project
2025-07-21 12:19:58,547 - werkzeug - WARNING -  * Debugger is active!
2025-07-21 12:19:58,549 - werkzeug - INFO -  * Debugger PIN: 567-306-382
2025-07-21 12:19:58,711 - engineio.server - INFO - vqrfbawI4RRtS0hWAAAA: Sending packet OPEN data {'sid': 'vqrfbawI4RRtS0hWAAAA', 'upgrades': [], 'pingTimeout': 20000, 'pingInterval': 25000, 'maxPayload': 1000000}
2025-07-21 12:19:58,711 - engineio.server - INFO - vqrfbawI4RRtS0hWAAAA: Received request to upgrade to websocket
2025-07-21 12:19:58,711 - engineio.server - INFO - vqrfbawI4RRtS0hWAAAA: Upgrade to websocket successful
2025-07-21 12:19:58,714 - engineio.server - INFO - vqrfbawI4RRtS0hWAAAA: Received packet MESSAGE data 0
2025-07-21 12:19:58,714 - __main__ - INFO - Client connected: jcHO2VhPdrAvimkbAAAB
2025-07-21 12:19:58,715 - socketio.server - INFO - emitting event "connected" to jcHO2VhPdrAvimkbAAAB [/]
2025-07-21 12:19:58,715 - engineio.server - INFO - vqrfbawI4RRtS0hWAAAA: Sending packet MESSAGE data 2["connected",{"message":"Connected to Planogram API"}]
2025-07-21 12:19:58,715 - engineio.server - INFO - vqrfbawI4RRtS0hWAAAA: Sending packet MESSAGE data 0{"sid":"jcHO2VhPdrAvimkbAAAB"}
2025-07-21 12:20:14,285 - __main__ - INFO - Client disconnected: jcHO2VhPdrAvimkbAAAB
2025-07-21 12:20:28,062 - engineio.server - INFO - r1ypWBv-NFY1bLKQAAAC: Sending packet OPEN data {'sid': 'r1ypWBv-NFY1bLKQAAAC', 'upgrades': [], 'pingTimeout': 20000, 'pingInterval': 25000, 'maxPayload': 1000000}
2025-07-21 12:20:28,062 - engineio.server - INFO - r1ypWBv-NFY1bLKQAAAC: Received request to upgrade to websocket
2025-07-21 12:20:28,063 - engineio.server - INFO - r1ypWBv-NFY1bLKQAAAC: Upgrade to websocket successful
2025-07-21 12:20:28,067 - engineio.server - INFO - r1ypWBv-NFY1bLKQAAAC: Received packet MESSAGE data 0
2025-07-21 12:20:28,068 - __main__ - INFO - Client connected: MvLAG8uLUlksYdyLAAAD
2025-07-21 12:20:28,069 - socketio.server - INFO - emitting event "connected" to MvLAG8uLUlksYdyLAAAD [/]
2025-07-21 12:20:28,069 - engineio.server - INFO - r1ypWBv-NFY1bLKQAAAC: Sending packet MESSAGE data 2["connected",{"message":"Connected to Planogram API"}]
2025-07-21 12:20:28,069 - engineio.server - INFO - r1ypWBv-NFY1bLKQAAAC: Sending packet MESSAGE data 0{"sid":"MvLAG8uLUlksYdyLAAAD"}
2025-07-21 12:20:53,075 - engineio.server - INFO - r1ypWBv-NFY1bLKQAAAC: Sending packet PING data None
2025-07-21 12:20:53,076 - engineio.server - INFO - r1ypWBv-NFY1bLKQAAAC: Received packet PONG data 
2025-07-21 12:20:56,202 - __main__ - INFO - Client disconnected: MvLAG8uLUlksYdyLAAAD
2025-07-21 12:22:29,157 - engineio.server - INFO - Server initialized for eventlet.
2025-07-21 12:22:29,161 - __main__ - INFO - Starting simplified Planogram Web UI backend
2025-07-21 12:22:29,161 - __main__ - INFO - Project root: C:\Users\Shivansh Pal\Desktop\Planogram_Project
2025-07-21 12:22:29,178 - werkzeug - INFO -  * Restarting with watchdog (windowsapi)
2025-07-21 12:22:29,847 - engineio.server - INFO - Server initialized for eventlet.
2025-07-21 12:22:29,851 - __main__ - INFO - Starting simplified Planogram Web UI backend
2025-07-21 12:22:29,852 - __main__ - INFO - Project root: C:\Users\Shivansh Pal\Desktop\Planogram_Project
2025-07-21 12:22:29,860 - werkzeug - WARNING -  * Debugger is active!
2025-07-21 12:22:29,862 - werkzeug - INFO -  * Debugger PIN: 567-306-382
2025-07-21 12:23:05,743 - engineio.server - INFO - Server initialized for eventlet.
2025-07-21 12:23:05,747 - __main__ - INFO - Starting simplified Planogram Web UI backend
2025-07-21 12:23:05,747 - __main__ - INFO - Project root: C:\Users\Shivansh Pal\Desktop\Planogram_Project
2025-07-21 12:23:05,757 - werkzeug - INFO -  * Restarting with watchdog (windowsapi)
2025-07-21 12:23:06,434 - engineio.server - INFO - Server initialized for eventlet.
2025-07-21 12:23:06,439 - __main__ - INFO - Starting simplified Planogram Web UI backend
2025-07-21 12:23:06,439 - __main__ - INFO - Project root: C:\Users\Shivansh Pal\Desktop\Planogram_Project
2025-07-21 12:23:06,447 - werkzeug - WARNING -  * Debugger is active!
2025-07-21 12:23:06,450 - werkzeug - INFO -  * Debugger PIN: 567-306-382
2025-07-21 12:23:23,904 - engineio.server - INFO - FnaG4-6zd3grgJbuAAAA: Sending packet OPEN data {'sid': 'FnaG4-6zd3grgJbuAAAA', 'upgrades': [], 'pingTimeout': 20000, 'pingInterval': 25000, 'maxPayload': 1000000}
2025-07-21 12:23:23,905 - engineio.server - INFO - FnaG4-6zd3grgJbuAAAA: Received request to upgrade to websocket
2025-07-21 12:23:23,906 - engineio.server - INFO - FnaG4-6zd3grgJbuAAAA: Upgrade to websocket successful
2025-07-21 12:23:23,914 - engineio.server - INFO - FnaG4-6zd3grgJbuAAAA: Received packet MESSAGE data 0
2025-07-21 12:23:23,915 - __main__ - INFO - Client connected: SiRF2vQ0mgTWuq4DAAAB
2025-07-21 12:23:23,915 - socketio.server - INFO - emitting event "connected" to SiRF2vQ0mgTWuq4DAAAB [/]
2025-07-21 12:23:23,915 - engineio.server - INFO - FnaG4-6zd3grgJbuAAAA: Sending packet MESSAGE data 2["connected",{"message":"Connected to Planogram API"}]
2025-07-21 12:23:23,916 - engineio.server - INFO - FnaG4-6zd3grgJbuAAAA: Sending packet MESSAGE data 0{"sid":"SiRF2vQ0mgTWuq4DAAAB"}
2025-07-21 12:23:28,685 - engineio.server - INFO - FnaG4-6zd3grgJbuAAAA: Received packet MESSAGE data 1
2025-07-21 12:23:28,686 - __main__ - INFO - Client disconnected: SiRF2vQ0mgTWuq4DAAAB
2025-07-21 12:23:29,001 - engineio.server - INFO - KGFaA7Jc-6yUMpQEAAAC: Sending packet OPEN data {'sid': 'KGFaA7Jc-6yUMpQEAAAC', 'upgrades': [], 'pingTimeout': 20000, 'pingInterval': 25000, 'maxPayload': 1000000}
2025-07-21 12:23:29,002 - engineio.server - INFO - KGFaA7Jc-6yUMpQEAAAC: Received request to upgrade to websocket
2025-07-21 12:23:29,002 - engineio.server - INFO - KGFaA7Jc-6yUMpQEAAAC: Upgrade to websocket successful
2025-07-21 12:23:29,004 - engineio.server - INFO - KGFaA7Jc-6yUMpQEAAAC: Received packet MESSAGE data 0
2025-07-21 12:23:29,005 - __main__ - INFO - Client connected: UqUj-6QTT3P03kRcAAAD
2025-07-21 12:23:29,005 - socketio.server - INFO - emitting event "connected" to UqUj-6QTT3P03kRcAAAD [/]
2025-07-21 12:23:29,005 - engineio.server - INFO - KGFaA7Jc-6yUMpQEAAAC: Sending packet MESSAGE data 2["connected",{"message":"Connected to Planogram API"}]
2025-07-21 12:23:29,006 - engineio.server - INFO - KGFaA7Jc-6yUMpQEAAAC: Sending packet MESSAGE data 0{"sid":"UqUj-6QTT3P03kRcAAAD"}
2025-07-21 12:23:33,977 - engineio.server - INFO - KGFaA7Jc-6yUMpQEAAAC: Received packet MESSAGE data 1
2025-07-21 12:23:33,978 - __main__ - INFO - Client disconnected: UqUj-6QTT3P03kRcAAAD
2025-07-21 12:23:48,597 - simple_runner - INFO - Created job 1ed7e8c6-0f0c-4d9f-b57f-51f294e2ae0d of type lob
2025-07-21 12:23:48,599 - socketio.server - INFO - emitting event "job_status" to 1ed7e8c6-0f0c-4d9f-b57f-51f294e2ae0d [/]
2025-07-21 12:23:48,934 - engineio.server - INFO - CIILOoadKRGPIGOuAAAE: Sending packet OPEN data {'sid': 'CIILOoadKRGPIGOuAAAE', 'upgrades': [], 'pingTimeout': 20000, 'pingInterval': 25000, 'maxPayload': 1000000}
2025-07-21 12:23:48,935 - engineio.server - INFO - CIILOoadKRGPIGOuAAAE: Received request to upgrade to websocket
2025-07-21 12:23:48,935 - engineio.server - INFO - CIILOoadKRGPIGOuAAAE: Upgrade to websocket successful
2025-07-21 12:23:48,936 - engineio.server - INFO - CIILOoadKRGPIGOuAAAE: Received packet MESSAGE data 0
2025-07-21 12:23:48,936 - __main__ - INFO - Client connected: T4r550yVnNmYsJWaAAAF
2025-07-21 12:23:48,936 - socketio.server - INFO - emitting event "connected" to T4r550yVnNmYsJWaAAAF [/]
2025-07-21 12:23:48,936 - engineio.server - INFO - CIILOoadKRGPIGOuAAAE: Sending packet MESSAGE data 2["connected",{"message":"Connected to Planogram API"}]
2025-07-21 12:23:48,937 - engineio.server - INFO - CIILOoadKRGPIGOuAAAE: Sending packet MESSAGE data 0{"sid":"T4r550yVnNmYsJWaAAAF"}
2025-07-21 12:23:48,938 - engineio.server - INFO - CIILOoadKRGPIGOuAAAE: Received packet MESSAGE data 2["join_job",{"job_id":"1ed7e8c6-0f0c-4d9f-b57f-51f294e2ae0d"}]
2025-07-21 12:23:48,938 - socketio.server - INFO - received event "join_job" from T4r550yVnNmYsJWaAAAF [/]
2025-07-21 12:23:48,938 - socketio.server - INFO - T4r550yVnNmYsJWaAAAF is entering room 1ed7e8c6-0f0c-4d9f-b57f-51f294e2ae0d [/]
2025-07-21 12:23:48,938 - __main__ - INFO - Client T4r550yVnNmYsJWaAAAF joined job room: 1ed7e8c6-0f0c-4d9f-b57f-51f294e2ae0d
2025-07-21 12:23:48,939 - socketio.server - INFO - emitting event "job_status" to T4r550yVnNmYsJWaAAAF [/]
2025-07-21 12:23:48,939 - engineio.server - INFO - CIILOoadKRGPIGOuAAAE: Sending packet MESSAGE data 2["job_status",{"job_id":"1ed7e8c6-0f0c-4d9f-b57f-51f294e2ae0d","status":"running","progress":0,"logs":[]}]
2025-07-21 12:23:49,617 - engineio.server - INFO - CIILOoadKRGPIGOuAAAE: Received packet MESSAGE data 2["leave_job",{"job_id":"1ed7e8c6-0f0c-4d9f-b57f-51f294e2ae0d"}]
2025-07-21 12:23:49,617 - socketio.server - INFO - received event "leave_job" from T4r550yVnNmYsJWaAAAF [/]
2025-07-21 12:23:49,618 - engineio.server - INFO - CIILOoadKRGPIGOuAAAE: Received packet MESSAGE data 2["join_job",{"job_id":"1ed7e8c6-0f0c-4d9f-b57f-51f294e2ae0d"}]
2025-07-21 12:23:49,618 - socketio.server - INFO - received event "join_job" from T4r550yVnNmYsJWaAAAF [/]
2025-07-21 12:23:49,619 - socketio.server - INFO - T4r550yVnNmYsJWaAAAF is leaving room 1ed7e8c6-0f0c-4d9f-b57f-51f294e2ae0d [/]
2025-07-21 12:23:49,619 - __main__ - INFO - Client T4r550yVnNmYsJWaAAAF left job room: 1ed7e8c6-0f0c-4d9f-b57f-51f294e2ae0d
2025-07-21 12:23:49,619 - socketio.server - INFO - T4r550yVnNmYsJWaAAAF is entering room 1ed7e8c6-0f0c-4d9f-b57f-51f294e2ae0d [/]
2025-07-21 12:23:49,620 - __main__ - INFO - Client T4r550yVnNmYsJWaAAAF joined job room: 1ed7e8c6-0f0c-4d9f-b57f-51f294e2ae0d
2025-07-21 12:23:49,620 - socketio.server - INFO - emitting event "job_status" to T4r550yVnNmYsJWaAAAF [/]
2025-07-21 12:23:49,620 - engineio.server - INFO - CIILOoadKRGPIGOuAAAE: Sending packet MESSAGE data 2["job_status",{"job_id":"1ed7e8c6-0f0c-4d9f-b57f-51f294e2ae0d","status":"running","progress":0,"logs":[]}]
2025-07-21 12:23:49,895 - werkzeug - INFO -  * Detected change in 'C:\\Python313\\Lib\\logging\\__init__.py', reloading
2025-07-21 12:23:50,036 - socketio.server - INFO - emitting event "job_status" to 1ed7e8c6-0f0c-4d9f-b57f-51f294e2ae0d [/]
2025-07-21 12:23:50,037 - engineio.server - INFO - CIILOoadKRGPIGOuAAAE: Sending packet MESSAGE data 2["job_status",{"job_id":"1ed7e8c6-0f0c-4d9f-b57f-51f294e2ae0d","status":"completed","progress":100,"logs":["Operation completed successfully"],"timestamp":"2025-07-21T12:23:50.036726"}]
2025-07-21 12:23:50,038 - socketio.server - INFO - emitting event "optimization_complete" to 1ed7e8c6-0f0c-4d9f-b57f-51f294e2ae0d [/]
2025-07-21 12:23:50,038 - engineio.server - INFO - CIILOoadKRGPIGOuAAAE: Sending packet MESSAGE data 2["optimization_complete",{"job_id":"1ed7e8c6-0f0c-4d9f-b57f-51f294e2ae0d","result":{"success":true,"return_code":0,"files":[],"logs_count":93},"timestamp":"2025-07-21T12:23:50.038018"}]
2025-07-21 12:23:50,130 - engineio.server - INFO - CIILOoadKRGPIGOuAAAE: Received packet MESSAGE data 2["get_job_status",{"job_id":"1ed7e8c6-0f0c-4d9f-b57f-51f294e2ae0d"}]
2025-07-21 12:23:50,131 - socketio.server - INFO - received event "get_job_status" from T4r550yVnNmYsJWaAAAF [/]
2025-07-21 12:23:50,132 - engineio.server - INFO - CIILOoadKRGPIGOuAAAE: Received packet MESSAGE data 2["get_job_logs_stream",{"job_id":"1ed7e8c6-0f0c-4d9f-b57f-51f294e2ae0d","limit":50}]
2025-07-21 12:23:50,132 - socketio.server - INFO - received event "get_job_logs_stream" from T4r550yVnNmYsJWaAAAF [/]
2025-07-21 12:23:50,289 - werkzeug - INFO -  * Restarting with watchdog (windowsapi)
2025-07-21 12:23:50,989 - engineio.server - INFO - Server initialized for eventlet.
2025-07-21 12:23:50,994 - __main__ - INFO - Starting simplified Planogram Web UI backend
2025-07-21 12:23:50,994 - __main__ - INFO - Project root: C:\Users\Shivansh Pal\Desktop\Planogram_Project
2025-07-21 12:23:51,003 - werkzeug - WARNING -  * Debugger is active!
2025-07-21 12:23:51,005 - werkzeug - INFO -  * Debugger PIN: 567-306-382
2025-07-21 12:23:51,901 - engineio.server - INFO - yP1iMIXHKuhykoMMAAAA: Sending packet OPEN data {'sid': 'yP1iMIXHKuhykoMMAAAA', 'upgrades': [], 'pingTimeout': 20000, 'pingInterval': 25000, 'maxPayload': 1000000}
2025-07-21 12:23:51,901 - engineio.server - INFO - yP1iMIXHKuhykoMMAAAA: Received request to upgrade to websocket
2025-07-21 12:23:51,901 - engineio.server - INFO - yP1iMIXHKuhykoMMAAAA: Upgrade to websocket successful
2025-07-21 12:23:51,903 - engineio.server - INFO - yP1iMIXHKuhykoMMAAAA: Received packet MESSAGE data 0
2025-07-21 12:23:51,904 - __main__ - INFO - Client connected: uH-q8APU8yq6JgzUAAAB
2025-07-21 12:23:51,905 - socketio.server - INFO - emitting event "connected" to uH-q8APU8yq6JgzUAAAB [/]
2025-07-21 12:23:51,905 - engineio.server - INFO - yP1iMIXHKuhykoMMAAAA: Sending packet MESSAGE data 2["connected",{"message":"Connected to Planogram API"}]
2025-07-21 12:23:51,905 - engineio.server - INFO - yP1iMIXHKuhykoMMAAAA: Sending packet MESSAGE data 0{"sid":"uH-q8APU8yq6JgzUAAAB"}
2025-07-21 12:24:04,185 - engineio.server - INFO - yP1iMIXHKuhykoMMAAAA: Received packet MESSAGE data 2["leave_job",{"job_id":"1ed7e8c6-0f0c-4d9f-b57f-51f294e2ae0d"}]
2025-07-21 12:24:04,186 - socketio.server - INFO - received event "leave_job" from uH-q8APU8yq6JgzUAAAB [/]
2025-07-21 12:24:04,186 - socketio.server - INFO - uH-q8APU8yq6JgzUAAAB is leaving room 1ed7e8c6-0f0c-4d9f-b57f-51f294e2ae0d [/]
2025-07-21 12:24:04,186 - __main__ - INFO - Client uH-q8APU8yq6JgzUAAAB left job room: 1ed7e8c6-0f0c-4d9f-b57f-51f294e2ae0d
2025-07-21 12:24:04,189 - engineio.server - INFO - yP1iMIXHKuhykoMMAAAA: Received packet MESSAGE data 2["join_job",{"job_id":"1ed7e8c6-0f0c-4d9f-b57f-51f294e2ae0d"}]
2025-07-21 12:24:04,189 - socketio.server - INFO - received event "join_job" from uH-q8APU8yq6JgzUAAAB [/]
2025-07-21 12:24:04,190 - socketio.server - INFO - uH-q8APU8yq6JgzUAAAB is entering room 1ed7e8c6-0f0c-4d9f-b57f-51f294e2ae0d [/]
2025-07-21 12:24:04,190 - __main__ - INFO - Client uH-q8APU8yq6JgzUAAAB joined job room: 1ed7e8c6-0f0c-4d9f-b57f-51f294e2ae0d
2025-07-21 12:24:04,686 - engineio.server - INFO - yP1iMIXHKuhykoMMAAAA: Received packet MESSAGE data 2["get_job_status",{"job_id":"1ed7e8c6-0f0c-4d9f-b57f-51f294e2ae0d"}]
2025-07-21 12:24:04,687 - socketio.server - INFO - received event "get_job_status" from uH-q8APU8yq6JgzUAAAB [/]
2025-07-21 12:24:04,687 - engineio.server - INFO - yP1iMIXHKuhykoMMAAAA: Received packet MESSAGE data 2["get_job_logs_stream",{"job_id":"1ed7e8c6-0f0c-4d9f-b57f-51f294e2ae0d","limit":50}]
2025-07-21 12:24:04,688 - socketio.server - INFO - received event "get_job_logs_stream" from uH-q8APU8yq6JgzUAAAB [/]
2025-07-21 12:24:16,913 - engineio.server - INFO - yP1iMIXHKuhykoMMAAAA: Sending packet PING data None
2025-07-21 12:24:16,916 - engineio.server - INFO - yP1iMIXHKuhykoMMAAAA: Received packet PONG data 
2025-07-21 12:24:31,218 - engineio.server - INFO - yP1iMIXHKuhykoMMAAAA: Received packet MESSAGE data 2["leave_job",{"job_id":"1ed7e8c6-0f0c-4d9f-b57f-51f294e2ae0d"}]
2025-07-21 12:24:31,218 - socketio.server - INFO - received event "leave_job" from uH-q8APU8yq6JgzUAAAB [/]
2025-07-21 12:24:31,219 - socketio.server - INFO - uH-q8APU8yq6JgzUAAAB is leaving room 1ed7e8c6-0f0c-4d9f-b57f-51f294e2ae0d [/]
2025-07-21 12:24:31,219 - __main__ - INFO - Client uH-q8APU8yq6JgzUAAAB left job room: 1ed7e8c6-0f0c-4d9f-b57f-51f294e2ae0d
2025-07-21 12:24:41,920 - engineio.server - INFO - yP1iMIXHKuhykoMMAAAA: Sending packet PING data None
2025-07-21 12:24:41,922 - engineio.server - INFO - yP1iMIXHKuhykoMMAAAA: Received packet PONG data 
2025-07-21 12:24:42,697 - simple_runner - INFO - Created job 915d414c-3874-4c5c-8d03-e94f73f571e9 of type lob
2025-07-21 12:24:42,700 - socketio.server - INFO - emitting event "job_status" to 915d414c-3874-4c5c-8d03-e94f73f571e9 [/]
2025-07-21 12:24:42,725 - engineio.server - INFO - yP1iMIXHKuhykoMMAAAA: Received packet MESSAGE data 2["join_job",{"job_id":"915d414c-3874-4c5c-8d03-e94f73f571e9"}]
2025-07-21 12:24:42,725 - socketio.server - INFO - received event "join_job" from uH-q8APU8yq6JgzUAAAB [/]
2025-07-21 12:24:42,726 - socketio.server - INFO - uH-q8APU8yq6JgzUAAAB is entering room 915d414c-3874-4c5c-8d03-e94f73f571e9 [/]
2025-07-21 12:24:42,726 - __main__ - INFO - Client uH-q8APU8yq6JgzUAAAB joined job room: 915d414c-3874-4c5c-8d03-e94f73f571e9
2025-07-21 12:24:42,726 - socketio.server - INFO - emitting event "job_status" to uH-q8APU8yq6JgzUAAAB [/]
2025-07-21 12:24:42,727 - engineio.server - INFO - yP1iMIXHKuhykoMMAAAA: Sending packet MESSAGE data 2["job_status",{"job_id":"915d414c-3874-4c5c-8d03-e94f73f571e9","status":"running","progress":0,"logs":[]}]
2025-07-21 12:24:43,234 - engineio.server - INFO - yP1iMIXHKuhykoMMAAAA: Received packet MESSAGE data 2["get_job_status",{"job_id":"915d414c-3874-4c5c-8d03-e94f73f571e9"}]
2025-07-21 12:24:43,234 - socketio.server - INFO - received event "get_job_status" from uH-q8APU8yq6JgzUAAAB [/]
2025-07-21 12:24:43,235 - engineio.server - INFO - yP1iMIXHKuhykoMMAAAA: Received packet MESSAGE data 2["get_job_logs_stream",{"job_id":"915d414c-3874-4c5c-8d03-e94f73f571e9","limit":50}]
2025-07-21 12:24:43,235 - socketio.server - INFO - received event "get_job_logs_stream" from uH-q8APU8yq6JgzUAAAB [/]
2025-07-21 12:24:43,720 - engineio.server - INFO - yP1iMIXHKuhykoMMAAAA: Received packet MESSAGE data 2["leave_job",{"job_id":"915d414c-3874-4c5c-8d03-e94f73f571e9"}]
2025-07-21 12:24:43,721 - socketio.server - INFO - received event "leave_job" from uH-q8APU8yq6JgzUAAAB [/]
2025-07-21 12:24:43,721 - engineio.server - INFO - yP1iMIXHKuhykoMMAAAA: Received packet MESSAGE data 2["join_job",{"job_id":"915d414c-3874-4c5c-8d03-e94f73f571e9"}]
2025-07-21 12:24:43,722 - socketio.server - INFO - received event "join_job" from uH-q8APU8yq6JgzUAAAB [/]
2025-07-21 12:24:43,722 - socketio.server - INFO - uH-q8APU8yq6JgzUAAAB is leaving room 915d414c-3874-4c5c-8d03-e94f73f571e9 [/]
2025-07-21 12:24:43,723 - __main__ - INFO - Client uH-q8APU8yq6JgzUAAAB left job room: 915d414c-3874-4c5c-8d03-e94f73f571e9
2025-07-21 12:24:43,723 - socketio.server - INFO - uH-q8APU8yq6JgzUAAAB is entering room 915d414c-3874-4c5c-8d03-e94f73f571e9 [/]
2025-07-21 12:24:43,724 - __main__ - INFO - Client uH-q8APU8yq6JgzUAAAB joined job room: 915d414c-3874-4c5c-8d03-e94f73f571e9
2025-07-21 12:24:43,724 - socketio.server - INFO - emitting event "job_status" to uH-q8APU8yq6JgzUAAAB [/]
2025-07-21 12:24:43,725 - engineio.server - INFO - yP1iMIXHKuhykoMMAAAA: Sending packet MESSAGE data 2["job_status",{"job_id":"915d414c-3874-4c5c-8d03-e94f73f571e9","status":"running","progress":0,"logs":[]}]
2025-07-21 12:24:44,056 - socketio.server - INFO - emitting event "job_status" to 915d414c-3874-4c5c-8d03-e94f73f571e9 [/]
2025-07-21 12:24:44,057 - engineio.server - INFO - yP1iMIXHKuhykoMMAAAA: Sending packet MESSAGE data 2["job_status",{"job_id":"915d414c-3874-4c5c-8d03-e94f73f571e9","status":"completed","progress":100,"logs":["Operation completed successfully"],"timestamp":"2025-07-21T12:24:44.056455"}]
2025-07-21 12:24:44,057 - socketio.server - INFO - emitting event "optimization_complete" to 915d414c-3874-4c5c-8d03-e94f73f571e9 [/]
2025-07-21 12:24:44,058 - engineio.server - INFO - yP1iMIXHKuhykoMMAAAA: Sending packet MESSAGE data 2["optimization_complete",{"job_id":"915d414c-3874-4c5c-8d03-e94f73f571e9","result":{"success":true,"return_code":0,"files":[],"logs_count":93},"timestamp":"2025-07-21T12:24:44.057845"}]
2025-07-21 12:24:44,225 - engineio.server - INFO - yP1iMIXHKuhykoMMAAAA: Received packet MESSAGE data 2["get_job_status",{"job_id":"915d414c-3874-4c5c-8d03-e94f73f571e9"}]
2025-07-21 12:24:44,225 - socketio.server - INFO - received event "get_job_status" from uH-q8APU8yq6JgzUAAAB [/]
2025-07-21 12:24:44,225 - engineio.server - INFO - yP1iMIXHKuhykoMMAAAA: Received packet MESSAGE data 2["get_job_logs_stream",{"job_id":"915d414c-3874-4c5c-8d03-e94f73f571e9","limit":50}]
2025-07-21 12:24:44,226 - socketio.server - INFO - received event "get_job_logs_stream" from uH-q8APU8yq6JgzUAAAB [/]
2025-07-21 12:24:45,916 - engineio.server - INFO - yP1iMIXHKuhykoMMAAAA: Received packet MESSAGE data 2["leave_job",{"job_id":"915d414c-3874-4c5c-8d03-e94f73f571e9"}]
2025-07-21 12:24:45,917 - socketio.server - INFO - received event "leave_job" from uH-q8APU8yq6JgzUAAAB [/]
2025-07-21 12:24:45,917 - socketio.server - INFO - uH-q8APU8yq6JgzUAAAB is leaving room 915d414c-3874-4c5c-8d03-e94f73f571e9 [/]
2025-07-21 12:24:45,917 - __main__ - INFO - Client uH-q8APU8yq6JgzUAAAB left job room: 915d414c-3874-4c5c-8d03-e94f73f571e9
2025-07-21 12:25:06,925 - engineio.server - INFO - yP1iMIXHKuhykoMMAAAA: Sending packet PING data None
2025-07-21 12:25:28,669 - engineio.server - INFO - gE3JWS5jhT3AtqWsAAAC: Sending packet OPEN data {'sid': 'gE3JWS5jhT3AtqWsAAAC', 'upgrades': [], 'pingTimeout': 20000, 'pingInterval': 25000, 'maxPayload': 1000000}
2025-07-21 12:25:28,670 - engineio.server - INFO - gE3JWS5jhT3AtqWsAAAC: Received request to upgrade to websocket
2025-07-21 12:25:28,670 - engineio.server - INFO - gE3JWS5jhT3AtqWsAAAC: Upgrade to websocket successful
2025-07-21 12:25:28,672 - engineio.server - INFO - gE3JWS5jhT3AtqWsAAAC: Received packet MESSAGE data 0
2025-07-21 12:25:28,673 - __main__ - INFO - Client connected: VFLM5OnJdDMgjFaTAAAD
2025-07-21 12:25:28,673 - socketio.server - INFO - emitting event "connected" to VFLM5OnJdDMgjFaTAAAD [/]
2025-07-21 12:25:28,673 - engineio.server - INFO - gE3JWS5jhT3AtqWsAAAC: Sending packet MESSAGE data 2["connected",{"message":"Connected to Planogram API"}]
2025-07-21 12:25:28,673 - engineio.server - INFO - gE3JWS5jhT3AtqWsAAAC: Sending packet MESSAGE data 0{"sid":"VFLM5OnJdDMgjFaTAAAD"}
2025-07-21 12:25:28,729 - __main__ - INFO - Client disconnected: uH-q8APU8yq6JgzUAAAB
2025-07-21 12:36:33,620 - engineio.server - INFO - Server initialized for eventlet.
2025-07-21 12:36:33,624 - __main__ - INFO - Starting simplified Planogram Web UI backend
2025-07-21 12:36:33,625 - __main__ - INFO - Project root: C:\Users\Shivansh Pal\Desktop\Planogram_Project
2025-07-21 12:36:33,635 - werkzeug - INFO -  * Restarting with watchdog (windowsapi)
2025-07-21 12:36:34,299 - engineio.server - INFO - Server initialized for eventlet.
2025-07-21 12:36:34,303 - __main__ - INFO - Starting simplified Planogram Web UI backend
2025-07-21 12:36:34,303 - __main__ - INFO - Project root: C:\Users\Shivansh Pal\Desktop\Planogram_Project
2025-07-21 12:36:34,314 - werkzeug - WARNING -  * Debugger is active!
2025-07-21 12:36:34,316 - werkzeug - INFO -  * Debugger PIN: 567-306-382
2025-07-21 12:36:54,897 - engineio.server - INFO - uZFkuEBrSk19bd60AAAA: Sending packet OPEN data {'sid': 'uZFkuEBrSk19bd60AAAA', 'upgrades': [], 'pingTimeout': 20000, 'pingInterval': 25000, 'maxPayload': 1000000}
2025-07-21 12:36:54,897 - engineio.server - INFO - uZFkuEBrSk19bd60AAAA: Received request to upgrade to websocket
2025-07-21 12:36:54,898 - engineio.server - INFO - uZFkuEBrSk19bd60AAAA: Upgrade to websocket successful
2025-07-21 12:36:54,906 - engineio.server - INFO - uZFkuEBrSk19bd60AAAA: Received packet MESSAGE data 0
2025-07-21 12:36:54,907 - __main__ - INFO - Client connected: KU245SrgBJKRd1pTAAAB
2025-07-21 12:36:54,907 - socketio.server - INFO - emitting event "connected" to KU245SrgBJKRd1pTAAAB [/]
2025-07-21 12:36:54,908 - engineio.server - INFO - uZFkuEBrSk19bd60AAAA: Sending packet MESSAGE data 2["connected",{"message":"Connected to Planogram API"}]
2025-07-21 12:36:54,908 - engineio.server - INFO - uZFkuEBrSk19bd60AAAA: Sending packet MESSAGE data 0{"sid":"KU245SrgBJKRd1pTAAAB"}
2025-07-21 12:37:19,916 - engineio.server - INFO - uZFkuEBrSk19bd60AAAA: Sending packet PING data None
2025-07-21 12:37:19,917 - engineio.server - INFO - uZFkuEBrSk19bd60AAAA: Received packet PONG data 
2025-07-21 12:37:44,922 - engineio.server - INFO - uZFkuEBrSk19bd60AAAA: Sending packet PING data None
2025-07-21 12:37:44,924 - engineio.server - INFO - uZFkuEBrSk19bd60AAAA: Received packet PONG data 
2025-07-21 12:38:09,937 - engineio.server - INFO - uZFkuEBrSk19bd60AAAA: Sending packet PING data None
2025-07-21 12:38:09,940 - engineio.server - INFO - uZFkuEBrSk19bd60AAAA: Received packet PONG data 
2025-07-21 12:38:34,944 - engineio.server - INFO - uZFkuEBrSk19bd60AAAA: Sending packet PING data None
2025-07-21 12:38:34,945 - engineio.server - INFO - uZFkuEBrSk19bd60AAAA: Received packet PONG data 
2025-07-21 12:38:54,263 - simple_runner - INFO - Created job 4a33472c-d790-40b7-9677-e0ff129b5e63 of type cohort
2025-07-21 12:38:54,263 - socketio.server - INFO - emitting event "job_status" to 4a33472c-d790-40b7-9677-e0ff129b5e63 [/]
2025-07-21 12:38:54,286 - engineio.server - INFO - uZFkuEBrSk19bd60AAAA: Received packet MESSAGE data 2["join_job",{"job_id":"4a33472c-d790-40b7-9677-e0ff129b5e63"}]
2025-07-21 12:38:54,286 - socketio.server - INFO - received event "join_job" from KU245SrgBJKRd1pTAAAB [/]
2025-07-21 12:38:54,287 - socketio.server - INFO - KU245SrgBJKRd1pTAAAB is entering room 4a33472c-d790-40b7-9677-e0ff129b5e63 [/]
2025-07-21 12:38:54,288 - __main__ - INFO - Client KU245SrgBJKRd1pTAAAB joined job room: 4a33472c-d790-40b7-9677-e0ff129b5e63
2025-07-21 12:38:54,288 - socketio.server - INFO - emitting event "job_status" to KU245SrgBJKRd1pTAAAB [/]
2025-07-21 12:38:54,288 - engineio.server - INFO - uZFkuEBrSk19bd60AAAA: Sending packet MESSAGE data 2["job_status",{"job_id":"4a33472c-d790-40b7-9677-e0ff129b5e63","status":"running","progress":0,"logs":[]}]
2025-07-21 12:38:54,305 - werkzeug - INFO -  * Detected change in 'C:\\Users\\Shivansh Pal\\Desktop\\Planogram_Project\\cohort_planogram.py', reloading
2025-07-21 12:38:54,493 - werkzeug - INFO -  * Detected change in 'C:\\Python313\\Lib\\zoneinfo\\__init__.py', reloading
2025-07-21 12:38:54,494 - werkzeug - INFO -  * Detected change in 'C:\\Python313\\Lib\\zoneinfo\\_tzpath.py', reloading
2025-07-21 12:38:54,495 - werkzeug - INFO -  * Detected change in 'C:\\Python313\\Lib\\zoneinfo\\_common.py', reloading
2025-07-21 12:38:54,504 - werkzeug - INFO -  * Detected change in 'C:\\Python313\\Lib\\_strptime.py', reloading
2025-07-21 12:38:54,551 - werkzeug - INFO -  * Detected change in 'C:\\Python313\\Lib\\pydoc.py', reloading
2025-07-21 12:38:54,570 - werkzeug - INFO -  * Detected change in 'C:\\Python313\\Lib\\_pyrepl\\__init__.py', reloading
2025-07-21 12:38:54,570 - werkzeug - INFO -  * Detected change in 'C:\\Python313\\Lib\\_pyrepl\\pager.py', reloading
2025-07-21 12:38:54,602 - engineio.server - INFO - uZFkuEBrSk19bd60AAAA: Received packet MESSAGE data 2["leave_job",{"job_id":"4a33472c-d790-40b7-9677-e0ff129b5e63"}]
2025-07-21 12:38:54,603 - socketio.server - INFO - received event "leave_job" from KU245SrgBJKRd1pTAAAB [/]
2025-07-21 12:38:54,604 - engineio.server - INFO - uZFkuEBrSk19bd60AAAA: Received packet MESSAGE data 2["join_job",{"job_id":"4a33472c-d790-40b7-9677-e0ff129b5e63"}]
2025-07-21 12:38:54,604 - socketio.server - INFO - received event "join_job" from KU245SrgBJKRd1pTAAAB [/]
2025-07-21 12:38:54,605 - socketio.server - INFO - KU245SrgBJKRd1pTAAAB is leaving room 4a33472c-d790-40b7-9677-e0ff129b5e63 [/]
2025-07-21 12:38:54,606 - __main__ - INFO - Client KU245SrgBJKRd1pTAAAB left job room: 4a33472c-d790-40b7-9677-e0ff129b5e63
2025-07-21 12:38:54,607 - socketio.server - INFO - KU245SrgBJKRd1pTAAAB is entering room 4a33472c-d790-40b7-9677-e0ff129b5e63 [/]
2025-07-21 12:38:54,608 - __main__ - INFO - Client KU245SrgBJKRd1pTAAAB joined job room: 4a33472c-d790-40b7-9677-e0ff129b5e63
2025-07-21 12:38:54,608 - socketio.server - INFO - emitting event "job_status" to KU245SrgBJKRd1pTAAAB [/]
2025-07-21 12:38:54,609 - engineio.server - INFO - uZFkuEBrSk19bd60AAAA: Sending packet MESSAGE data 2["job_status",{"job_id":"4a33472c-d790-40b7-9677-e0ff129b5e63","status":"running","progress":0,"logs":[]}]
2025-07-21 12:38:54,783 - engineio.server - INFO - uZFkuEBrSk19bd60AAAA: Received packet MESSAGE data 2["get_job_status",{"job_id":"4a33472c-d790-40b7-9677-e0ff129b5e63"}]
2025-07-21 12:38:54,784 - socketio.server - INFO - received event "get_job_status" from KU245SrgBJKRd1pTAAAB [/]
2025-07-21 12:38:54,784 - engineio.server - INFO - uZFkuEBrSk19bd60AAAA: Received packet MESSAGE data 2["get_job_logs_stream",{"job_id":"4a33472c-d790-40b7-9677-e0ff129b5e63","limit":50}]
2025-07-21 12:38:54,785 - socketio.server - INFO - received event "get_job_logs_stream" from KU245SrgBJKRd1pTAAAB [/]
2025-07-21 12:38:54,831 - werkzeug - INFO -  * Detected change in 'C:\\Users\\Shivansh Pal\\AppData\\Roaming\\Python\\Python313\\site-packages\\pyparsing\\core.py', reloading
2025-07-21 12:38:54,902 - werkzeug - INFO -  * Detected change in 'C:\\Python313\\Lib\\plistlib.py', reloading
2025-07-21 12:38:55,014 - werkzeug - INFO -  * Restarting with watchdog (windowsapi)
2025-07-21 12:38:55,710 - engineio.server - INFO - Server initialized for eventlet.
2025-07-21 12:38:55,714 - __main__ - INFO - Starting simplified Planogram Web UI backend
2025-07-21 12:38:55,715 - __main__ - INFO - Project root: C:\Users\Shivansh Pal\Desktop\Planogram_Project
2025-07-21 12:38:55,723 - werkzeug - WARNING -  * Debugger is active!
2025-07-21 12:38:55,725 - werkzeug - INFO -  * Debugger PIN: 567-306-382
2025-07-21 12:38:56,147 - engineio.server - INFO - 2hlLGsFMpP_C_Kp4AAAA: Sending packet OPEN data {'sid': '2hlLGsFMpP_C_Kp4AAAA', 'upgrades': [], 'pingTimeout': 20000, 'pingInterval': 25000, 'maxPayload': 1000000}
2025-07-21 12:38:56,148 - engineio.server - INFO - 2hlLGsFMpP_C_Kp4AAAA: Received request to upgrade to websocket
2025-07-21 12:38:56,148 - engineio.server - INFO - 2hlLGsFMpP_C_Kp4AAAA: Upgrade to websocket successful
2025-07-21 12:38:56,150 - engineio.server - INFO - 2hlLGsFMpP_C_Kp4AAAA: Received packet MESSAGE data 0
2025-07-21 12:38:56,151 - __main__ - INFO - Client connected: S0wFNlJkAZnbtie_AAAB
2025-07-21 12:38:56,151 - socketio.server - INFO - emitting event "connected" to S0wFNlJkAZnbtie_AAAB [/]
2025-07-21 12:38:56,151 - engineio.server - INFO - 2hlLGsFMpP_C_Kp4AAAA: Sending packet MESSAGE data 2["connected",{"message":"Connected to Planogram API"}]
2025-07-21 12:38:56,152 - engineio.server - INFO - 2hlLGsFMpP_C_Kp4AAAA: Sending packet MESSAGE data 0{"sid":"S0wFNlJkAZnbtie_AAAB"}
2025-07-21 12:38:56,153 - engineio.server - INFO - 2hlLGsFMpP_C_Kp4AAAA: Received packet MESSAGE data 2["join_job",{"job_id":"4a33472c-d790-40b7-9677-e0ff129b5e63"}]
2025-07-21 12:38:56,154 - socketio.server - INFO - received event "join_job" from S0wFNlJkAZnbtie_AAAB [/]
2025-07-21 12:38:56,154 - socketio.server - INFO - S0wFNlJkAZnbtie_AAAB is entering room 4a33472c-d790-40b7-9677-e0ff129b5e63 [/]
2025-07-21 12:38:56,155 - __main__ - INFO - Client S0wFNlJkAZnbtie_AAAB joined job room: 4a33472c-d790-40b7-9677-e0ff129b5e63
2025-07-21 12:39:01,495 - engineio.server - INFO - 2hlLGsFMpP_C_Kp4AAAA: Received packet MESSAGE data 2["leave_job",{"job_id":"4a33472c-d790-40b7-9677-e0ff129b5e63"}]
2025-07-21 12:39:01,496 - socketio.server - INFO - received event "leave_job" from S0wFNlJkAZnbtie_AAAB [/]
2025-07-21 12:39:01,496 - socketio.server - INFO - S0wFNlJkAZnbtie_AAAB is leaving room 4a33472c-d790-40b7-9677-e0ff129b5e63 [/]
2025-07-21 12:39:01,497 - __main__ - INFO - Client S0wFNlJkAZnbtie_AAAB left job room: 4a33472c-d790-40b7-9677-e0ff129b5e63
2025-07-21 12:39:08,722 - simple_runner - INFO - Created job e376e73a-b441-4eb0-8c7d-e9bb97c1c24c of type cohort
2025-07-21 12:39:08,723 - socketio.server - INFO - emitting event "job_status" to e376e73a-b441-4eb0-8c7d-e9bb97c1c24c [/]
2025-07-21 12:39:08,744 - engineio.server - INFO - 2hlLGsFMpP_C_Kp4AAAA: Received packet MESSAGE data 2["join_job",{"job_id":"e376e73a-b441-4eb0-8c7d-e9bb97c1c24c"}]
2025-07-21 12:39:08,744 - socketio.server - INFO - received event "join_job" from S0wFNlJkAZnbtie_AAAB [/]
2025-07-21 12:39:08,745 - socketio.server - INFO - S0wFNlJkAZnbtie_AAAB is entering room e376e73a-b441-4eb0-8c7d-e9bb97c1c24c [/]
2025-07-21 12:39:08,746 - __main__ - INFO - Client S0wFNlJkAZnbtie_AAAB joined job room: e376e73a-b441-4eb0-8c7d-e9bb97c1c24c
2025-07-21 12:39:08,746 - socketio.server - INFO - emitting event "job_status" to S0wFNlJkAZnbtie_AAAB [/]
2025-07-21 12:39:08,746 - engineio.server - INFO - 2hlLGsFMpP_C_Kp4AAAA: Sending packet MESSAGE data 2["job_status",{"job_id":"e376e73a-b441-4eb0-8c7d-e9bb97c1c24c","status":"running","progress":0,"logs":[]}]
2025-07-21 12:39:09,243 - engineio.server - INFO - 2hlLGsFMpP_C_Kp4AAAA: Received packet MESSAGE data 2["get_job_status",{"job_id":"e376e73a-b441-4eb0-8c7d-e9bb97c1c24c"}]
2025-07-21 12:39:09,243 - socketio.server - INFO - received event "get_job_status" from S0wFNlJkAZnbtie_AAAB [/]
2025-07-21 12:39:09,244 - engineio.server - INFO - 2hlLGsFMpP_C_Kp4AAAA: Received packet MESSAGE data 2["get_job_logs_stream",{"job_id":"e376e73a-b441-4eb0-8c7d-e9bb97c1c24c","limit":50}]
2025-07-21 12:39:09,244 - socketio.server - INFO - received event "get_job_logs_stream" from S0wFNlJkAZnbtie_AAAB [/]
2025-07-21 12:39:09,561 - socketio.server - INFO - emitting event "optimization_error" to e376e73a-b441-4eb0-8c7d-e9bb97c1c24c [/]
2025-07-21 12:39:09,562 - engineio.server - INFO - 2hlLGsFMpP_C_Kp4AAAA: Sending packet MESSAGE data 2["optimization_error",{"job_id":"e376e73a-b441-4eb0-8c7d-e9bb97c1c24c","error":{"message":"Process failed with return code 2"},"timestamp":"2025-07-21T12:39:09.561788"}]
2025-07-21 12:39:09,744 - engineio.server - INFO - 2hlLGsFMpP_C_Kp4AAAA: Received packet MESSAGE data 2["leave_job",{"job_id":"e376e73a-b441-4eb0-8c7d-e9bb97c1c24c"}]
2025-07-21 12:39:09,744 - socketio.server - INFO - received event "leave_job" from S0wFNlJkAZnbtie_AAAB [/]
2025-07-21 12:39:09,745 - engineio.server - INFO - 2hlLGsFMpP_C_Kp4AAAA: Received packet MESSAGE data 2["join_job",{"job_id":"e376e73a-b441-4eb0-8c7d-e9bb97c1c24c"}]
2025-07-21 12:39:09,745 - socketio.server - INFO - received event "join_job" from S0wFNlJkAZnbtie_AAAB [/]
2025-07-21 12:39:09,746 - socketio.server - INFO - S0wFNlJkAZnbtie_AAAB is leaving room e376e73a-b441-4eb0-8c7d-e9bb97c1c24c [/]
2025-07-21 12:39:09,746 - __main__ - INFO - Client S0wFNlJkAZnbtie_AAAB left job room: e376e73a-b441-4eb0-8c7d-e9bb97c1c24c
2025-07-21 12:39:09,746 - socketio.server - INFO - S0wFNlJkAZnbtie_AAAB is entering room e376e73a-b441-4eb0-8c7d-e9bb97c1c24c [/]
2025-07-21 12:39:09,747 - __main__ - INFO - Client S0wFNlJkAZnbtie_AAAB joined job room: e376e73a-b441-4eb0-8c7d-e9bb97c1c24c
2025-07-21 12:39:09,747 - socketio.server - INFO - emitting event "job_status" to S0wFNlJkAZnbtie_AAAB [/]
2025-07-21 12:39:09,747 - engineio.server - INFO - 2hlLGsFMpP_C_Kp4AAAA: Sending packet MESSAGE data 2["job_status",{"job_id":"e376e73a-b441-4eb0-8c7d-e9bb97c1c24c","status":"failed","progress":0,"logs":["[12:39:09] usage: cohort_planogram.py [-h] [--lob {iPhone,iPad,Mac,Watch,AirPods}]","[12:39:09] [--store {flagship,standard,express}] [--all]","[12:39:09] [--status]","[12:39:09] cohort_planogram.py: error: argument --lob: invalid choice: 'all' (choose from iPhone, iPad, Mac, Watch, AirPods)"]}]
2025-07-21 12:39:10,253 - engineio.server - INFO - 2hlLGsFMpP_C_Kp4AAAA: Received packet MESSAGE data 2["get_job_status",{"job_id":"e376e73a-b441-4eb0-8c7d-e9bb97c1c24c"}]
2025-07-21 12:39:10,254 - socketio.server - INFO - received event "get_job_status" from S0wFNlJkAZnbtie_AAAB [/]
2025-07-21 12:39:10,255 - engineio.server - INFO - 2hlLGsFMpP_C_Kp4AAAA: Received packet MESSAGE data 2["get_job_logs_stream",{"job_id":"e376e73a-b441-4eb0-8c7d-e9bb97c1c24c","limit":50}]
2025-07-21 12:39:10,256 - socketio.server - INFO - received event "get_job_logs_stream" from S0wFNlJkAZnbtie_AAAB [/]
2025-07-21 12:39:15,825 - engineio.server - INFO - 2hlLGsFMpP_C_Kp4AAAA: Received packet MESSAGE data 2["leave_job",{"job_id":"e376e73a-b441-4eb0-8c7d-e9bb97c1c24c"}]
2025-07-21 12:39:15,825 - socketio.server - INFO - received event "leave_job" from S0wFNlJkAZnbtie_AAAB [/]
2025-07-21 12:39:15,826 - socketio.server - INFO - S0wFNlJkAZnbtie_AAAB is leaving room e376e73a-b441-4eb0-8c7d-e9bb97c1c24c [/]
2025-07-21 12:39:15,826 - __main__ - INFO - Client S0wFNlJkAZnbtie_AAAB left job room: e376e73a-b441-4eb0-8c7d-e9bb97c1c24c
2025-07-21 12:39:21,153 - engineio.server - INFO - 2hlLGsFMpP_C_Kp4AAAA: Sending packet PING data None
2025-07-21 12:39:43,681 - engineio.server - INFO - aI9j-JKIoZyqwcrWAAAC: Sending packet OPEN data {'sid': 'aI9j-JKIoZyqwcrWAAAC', 'upgrades': [], 'pingTimeout': 20000, 'pingInterval': 25000, 'maxPayload': 1000000}
2025-07-21 12:39:43,683 - engineio.server - INFO - aI9j-JKIoZyqwcrWAAAC: Received request to upgrade to websocket
2025-07-21 12:39:43,683 - engineio.server - INFO - aI9j-JKIoZyqwcrWAAAC: Upgrade to websocket successful
2025-07-21 12:39:43,686 - engineio.server - INFO - aI9j-JKIoZyqwcrWAAAC: Received packet MESSAGE data 0
2025-07-21 12:39:43,687 - __main__ - INFO - Client connected: ruCxfPCdwB44CfACAAAD
2025-07-21 12:39:43,688 - socketio.server - INFO - emitting event "connected" to ruCxfPCdwB44CfACAAAD [/]
2025-07-21 12:39:43,688 - engineio.server - INFO - aI9j-JKIoZyqwcrWAAAC: Sending packet MESSAGE data 2["connected",{"message":"Connected to Planogram API"}]
2025-07-21 12:39:43,689 - engineio.server - INFO - aI9j-JKIoZyqwcrWAAAC: Sending packet MESSAGE data 0{"sid":"ruCxfPCdwB44CfACAAAD"}
2025-07-21 12:39:53,749 - __main__ - INFO - Client disconnected: S0wFNlJkAZnbtie_AAAB
2025-07-21 12:40:08,694 - engineio.server - INFO - aI9j-JKIoZyqwcrWAAAC: Sending packet PING data None
2025-07-21 12:40:08,696 - engineio.server - INFO - aI9j-JKIoZyqwcrWAAAC: Received packet PONG data 
2025-07-21 12:40:33,699 - engineio.server - INFO - aI9j-JKIoZyqwcrWAAAC: Sending packet PING data None
2025-07-21 12:40:33,701 - engineio.server - INFO - aI9j-JKIoZyqwcrWAAAC: Received packet PONG data 
2025-07-21 12:40:46,597 - simple_runner - INFO - Created job 2407992c-38e3-4c04-b22e-b29ae522325d of type lob
2025-07-21 12:40:46,602 - socketio.server - INFO - emitting event "job_status" to 2407992c-38e3-4c04-b22e-b29ae522325d [/]
2025-07-21 12:40:46,641 - engineio.server - INFO - aI9j-JKIoZyqwcrWAAAC: Received packet MESSAGE data 2["join_job",{"job_id":"2407992c-38e3-4c04-b22e-b29ae522325d"}]
2025-07-21 12:40:46,641 - socketio.server - INFO - received event "join_job" from ruCxfPCdwB44CfACAAAD [/]
2025-07-21 12:40:46,642 - socketio.server - INFO - ruCxfPCdwB44CfACAAAD is entering room 2407992c-38e3-4c04-b22e-b29ae522325d [/]
2025-07-21 12:40:46,643 - __main__ - INFO - Client ruCxfPCdwB44CfACAAAD joined job room: 2407992c-38e3-4c04-b22e-b29ae522325d
2025-07-21 12:40:46,643 - socketio.server - INFO - emitting event "job_status" to ruCxfPCdwB44CfACAAAD [/]
2025-07-21 12:40:46,644 - engineio.server - INFO - aI9j-JKIoZyqwcrWAAAC: Sending packet MESSAGE data 2["job_status",{"job_id":"2407992c-38e3-4c04-b22e-b29ae522325d","status":"running","progress":0,"logs":[]}]
2025-07-21 12:40:47,132 - engineio.server - INFO - aI9j-JKIoZyqwcrWAAAC: Received packet MESSAGE data 2["get_job_status",{"job_id":"2407992c-38e3-4c04-b22e-b29ae522325d"}]
2025-07-21 12:40:47,133 - socketio.server - INFO - received event "get_job_status" from ruCxfPCdwB44CfACAAAD [/]
2025-07-21 12:40:47,133 - engineio.server - INFO - aI9j-JKIoZyqwcrWAAAC: Received packet MESSAGE data 2["get_job_logs_stream",{"job_id":"2407992c-38e3-4c04-b22e-b29ae522325d","limit":50}]
2025-07-21 12:40:47,134 - socketio.server - INFO - received event "get_job_logs_stream" from ruCxfPCdwB44CfACAAAD [/]
2025-07-21 12:40:47,642 - engineio.server - INFO - aI9j-JKIoZyqwcrWAAAC: Received packet MESSAGE data 2["leave_job",{"job_id":"2407992c-38e3-4c04-b22e-b29ae522325d"}]
2025-07-21 12:40:47,643 - socketio.server - INFO - received event "leave_job" from ruCxfPCdwB44CfACAAAD [/]
2025-07-21 12:40:47,643 - engineio.server - INFO - aI9j-JKIoZyqwcrWAAAC: Received packet MESSAGE data 2["join_job",{"job_id":"2407992c-38e3-4c04-b22e-b29ae522325d"}]
2025-07-21 12:40:47,644 - socketio.server - INFO - received event "join_job" from ruCxfPCdwB44CfACAAAD [/]
2025-07-21 12:40:47,645 - socketio.server - INFO - ruCxfPCdwB44CfACAAAD is leaving room 2407992c-38e3-4c04-b22e-b29ae522325d [/]
2025-07-21 12:40:47,646 - __main__ - INFO - Client ruCxfPCdwB44CfACAAAD left job room: 2407992c-38e3-4c04-b22e-b29ae522325d
2025-07-21 12:40:47,647 - socketio.server - INFO - ruCxfPCdwB44CfACAAAD is entering room 2407992c-38e3-4c04-b22e-b29ae522325d [/]
2025-07-21 12:40:47,647 - __main__ - INFO - Client ruCxfPCdwB44CfACAAAD joined job room: 2407992c-38e3-4c04-b22e-b29ae522325d
2025-07-21 12:40:47,648 - socketio.server - INFO - emitting event "job_status" to ruCxfPCdwB44CfACAAAD [/]
2025-07-21 12:40:47,649 - engineio.server - INFO - aI9j-JKIoZyqwcrWAAAC: Sending packet MESSAGE data 2["job_status",{"job_id":"2407992c-38e3-4c04-b22e-b29ae522325d","status":"running","progress":0,"logs":[]}]
2025-07-21 12:40:48,149 - engineio.server - INFO - aI9j-JKIoZyqwcrWAAAC: Received packet MESSAGE data 2["get_job_status",{"job_id":"2407992c-38e3-4c04-b22e-b29ae522325d"}]
2025-07-21 12:40:48,150 - socketio.server - INFO - received event "get_job_status" from ruCxfPCdwB44CfACAAAD [/]
2025-07-21 12:40:48,151 - engineio.server - INFO - aI9j-JKIoZyqwcrWAAAC: Received packet MESSAGE data 2["get_job_logs_stream",{"job_id":"2407992c-38e3-4c04-b22e-b29ae522325d","limit":50}]
2025-07-21 12:40:48,151 - socketio.server - INFO - received event "get_job_logs_stream" from ruCxfPCdwB44CfACAAAD [/]
2025-07-21 12:40:49,031 - socketio.server - INFO - emitting event "job_status" to 2407992c-38e3-4c04-b22e-b29ae522325d [/]
2025-07-21 12:40:49,032 - engineio.server - INFO - aI9j-JKIoZyqwcrWAAAC: Sending packet MESSAGE data 2["job_status",{"job_id":"2407992c-38e3-4c04-b22e-b29ae522325d","status":"running","progress":30,"logs":[""],"timestamp":"2025-07-21T12:40:49.031877"}]
2025-07-21 12:40:50,759 - socketio.server - INFO - emitting event "job_status" to 2407992c-38e3-4c04-b22e-b29ae522325d [/]
2025-07-21 12:40:50,760 - engineio.server - INFO - aI9j-JKIoZyqwcrWAAAC: Sending packet MESSAGE data 2["job_status",{"job_id":"2407992c-38e3-4c04-b22e-b29ae522325d","status":"completed","progress":100,"logs":["Operation completed successfully"],"timestamp":"2025-07-21T12:40:50.759721"}]
2025-07-21 12:40:50,760 - socketio.server - INFO - emitting event "optimization_complete" to 2407992c-38e3-4c04-b22e-b29ae522325d [/]
2025-07-21 12:40:50,761 - engineio.server - INFO - aI9j-JKIoZyqwcrWAAAC: Sending packet MESSAGE data 2["optimization_complete",{"job_id":"2407992c-38e3-4c04-b22e-b29ae522325d","result":{"success":true,"return_code":0,"files":[{"name":"iPhone_Express_Store_Template_planogram_part1.png","type":"planogram","path":"iPhone_Express_Store_Template_planogram_part1.png","url":"/api/files/iPhone_Express_Store_Template_planogram_part1.png","download_url":"/api/files/iPhone_Express_Store_Template_planogram_part1.png/download"},{"name":"iPhone_Express_Store_Template_planogram_part2.png","type":"planogram","path":"iPhone_Express_Store_Template_planogram_part2.png","url":"/api/files/iPhone_Express_Store_Template_planogram_part2.png","download_url":"/api/files/iPhone_Express_Store_Template_planogram_part2.png/download"}],"logs_count":80},"timestamp":"2025-07-21T12:40:50.760667"}]
2025-07-21 12:40:51,667 - engineio.server - INFO - aI9j-JKIoZyqwcrWAAAC: Received packet MESSAGE data 2["leave_job",{"job_id":"2407992c-38e3-4c04-b22e-b29ae522325d"}]
2025-07-21 12:40:51,667 - socketio.server - INFO - received event "leave_job" from ruCxfPCdwB44CfACAAAD [/]
2025-07-21 12:40:51,668 - socketio.server - INFO - ruCxfPCdwB44CfACAAAD is leaving room 2407992c-38e3-4c04-b22e-b29ae522325d [/]
2025-07-21 12:40:51,668 - __main__ - INFO - Client ruCxfPCdwB44CfACAAAD left job room: 2407992c-38e3-4c04-b22e-b29ae522325d
2025-07-21 12:40:58,713 - engineio.server - INFO - aI9j-JKIoZyqwcrWAAAC: Sending packet PING data None
2025-07-21 12:41:20,391 - engineio.server - INFO - iXOKx4tvjLYf1pztAAAE: Sending packet OPEN data {'sid': 'iXOKx4tvjLYf1pztAAAE', 'upgrades': [], 'pingTimeout': 20000, 'pingInterval': 25000, 'maxPayload': 1000000}
2025-07-21 12:41:20,392 - engineio.server - INFO - iXOKx4tvjLYf1pztAAAE: Received request to upgrade to websocket
2025-07-21 12:41:20,393 - engineio.server - INFO - iXOKx4tvjLYf1pztAAAE: Upgrade to websocket successful
2025-07-21 12:41:20,394 - engineio.server - INFO - iXOKx4tvjLYf1pztAAAE: Received packet MESSAGE data 0
2025-07-21 12:41:20,396 - __main__ - INFO - Client connected: -uamdAifGUdRryFXAAAF
2025-07-21 12:41:20,396 - socketio.server - INFO - emitting event "connected" to -uamdAifGUdRryFXAAAF [/]
2025-07-21 12:41:20,396 - engineio.server - INFO - iXOKx4tvjLYf1pztAAAE: Sending packet MESSAGE data 2["connected",{"message":"Connected to Planogram API"}]
2025-07-21 12:41:20,397 - engineio.server - INFO - iXOKx4tvjLYf1pztAAAE: Sending packet MESSAGE data 0{"sid":"-uamdAifGUdRryFXAAAF"}
2025-07-21 12:41:32,663 - __main__ - INFO - Client disconnected: ruCxfPCdwB44CfACAAAD
2025-07-21 12:41:45,397 - engineio.server - INFO - iXOKx4tvjLYf1pztAAAE: Sending packet PING data None
2025-07-21 12:41:45,399 - engineio.server - INFO - iXOKx4tvjLYf1pztAAAE: Received packet PONG data 
2025-07-21 12:42:10,411 - engineio.server - INFO - iXOKx4tvjLYf1pztAAAE: Sending packet PING data None
2025-07-21 12:42:10,413 - engineio.server - INFO - iXOKx4tvjLYf1pztAAAE: Received packet PONG data 
2025-07-21 12:42:35,426 - engineio.server - INFO - iXOKx4tvjLYf1pztAAAE: Sending packet PING data None
2025-07-21 12:42:35,428 - engineio.server - INFO - iXOKx4tvjLYf1pztAAAE: Received packet PONG data 
2025-07-21 12:43:00,431 - engineio.server - INFO - iXOKx4tvjLYf1pztAAAE: Sending packet PING data None
2025-07-21 12:43:00,433 - engineio.server - INFO - iXOKx4tvjLYf1pztAAAE: Received packet PONG data 
2025-07-21 12:43:25,441 - engineio.server - INFO - iXOKx4tvjLYf1pztAAAE: Sending packet PING data None
2025-07-21 12:43:25,443 - engineio.server - INFO - iXOKx4tvjLYf1pztAAAE: Received packet PONG data 
2025-07-21 12:43:50,451 - engineio.server - INFO - iXOKx4tvjLYf1pztAAAE: Sending packet PING data None
2025-07-21 12:43:50,452 - engineio.server - INFO - iXOKx4tvjLYf1pztAAAE: Received packet PONG data 
2025-07-21 12:44:15,468 - engineio.server - INFO - iXOKx4tvjLYf1pztAAAE: Sending packet PING data None
2025-07-21 12:44:15,471 - engineio.server - INFO - iXOKx4tvjLYf1pztAAAE: Received packet PONG data 
2025-07-21 12:53:02,043 - engineio.server - INFO - Server initialized for eventlet.
2025-07-21 12:53:02,048 - __main__ - INFO - Starting simplified Planogram Web UI backend
2025-07-21 12:53:02,049 - __main__ - INFO - Project root: C:\Users\Shivansh Pal\Desktop\Planogram_Project
2025-07-21 12:53:02,057 - werkzeug - INFO -  * Restarting with watchdog (windowsapi)
2025-07-21 12:53:02,813 - engineio.server - INFO - Server initialized for eventlet.
2025-07-21 12:53:02,818 - __main__ - INFO - Starting simplified Planogram Web UI backend
2025-07-21 12:53:02,818 - __main__ - INFO - Project root: C:\Users\Shivansh Pal\Desktop\Planogram_Project
2025-07-21 12:53:02,826 - werkzeug - WARNING -  * Debugger is active!
2025-07-21 12:53:02,828 - werkzeug - INFO -  * Debugger PIN: 567-306-382
2025-07-21 12:53:12,697 - engineio.server - INFO - p00xggh7-j-g_l4zAAAA: Sending packet OPEN data {'sid': 'p00xggh7-j-g_l4zAAAA', 'upgrades': [], 'pingTimeout': 20000, 'pingInterval': 25000, 'maxPayload': 1000000}
2025-07-21 12:53:12,698 - engineio.server - INFO - p00xggh7-j-g_l4zAAAA: Received request to upgrade to websocket
2025-07-21 12:53:12,701 - engineio.server - INFO - p00xggh7-j-g_l4zAAAA: Upgrade to websocket successful
2025-07-21 12:53:12,714 - engineio.server - INFO - p00xggh7-j-g_l4zAAAA: Received packet MESSAGE data 0
2025-07-21 12:53:12,716 - __main__ - INFO - Client connected: hIHVAkD7nWFHaxWeAAAB
2025-07-21 12:53:12,717 - socketio.server - INFO - emitting event "connected" to hIHVAkD7nWFHaxWeAAAB [/]
2025-07-21 12:53:12,718 - engineio.server - INFO - p00xggh7-j-g_l4zAAAA: Sending packet MESSAGE data 2["connected",{"message":"Connected to Planogram API"}]
2025-07-21 12:53:12,719 - engineio.server - INFO - p00xggh7-j-g_l4zAAAA: Sending packet MESSAGE data 0{"sid":"hIHVAkD7nWFHaxWeAAAB"}
2025-07-21 12:53:18,932 - simple_runner - INFO - Created job 77bc1847-6403-4691-8927-225000621294 of type cohort
2025-07-21 12:53:18,933 - socketio.server - INFO - emitting event "job_status" to 77bc1847-6403-4691-8927-225000621294 [/]
2025-07-21 12:53:18,956 - engineio.server - INFO - p00xggh7-j-g_l4zAAAA: Received packet MESSAGE data 2["join_job",{"job_id":"77bc1847-6403-4691-8927-225000621294"}]
2025-07-21 12:53:18,956 - socketio.server - INFO - received event "join_job" from hIHVAkD7nWFHaxWeAAAB [/]
2025-07-21 12:53:18,957 - socketio.server - INFO - hIHVAkD7nWFHaxWeAAAB is entering room 77bc1847-6403-4691-8927-225000621294 [/]
2025-07-21 12:53:18,958 - __main__ - INFO - Client hIHVAkD7nWFHaxWeAAAB joined job room: 77bc1847-6403-4691-8927-225000621294
2025-07-21 12:53:18,958 - socketio.server - INFO - emitting event "job_status" to hIHVAkD7nWFHaxWeAAAB [/]
2025-07-21 12:53:18,958 - engineio.server - INFO - p00xggh7-j-g_l4zAAAA: Sending packet MESSAGE data 2["job_status",{"job_id":"77bc1847-6403-4691-8927-225000621294","status":"running","progress":0,"logs":[]}]
2025-07-21 12:53:19,449 - engineio.server - INFO - p00xggh7-j-g_l4zAAAA: Received packet MESSAGE data 2["get_job_status",{"job_id":"77bc1847-6403-4691-8927-225000621294"}]
2025-07-21 12:53:19,449 - socketio.server - INFO - received event "get_job_status" from hIHVAkD7nWFHaxWeAAAB [/]
2025-07-21 12:53:19,449 - engineio.server - INFO - p00xggh7-j-g_l4zAAAA: Received packet MESSAGE data 2["get_job_logs_stream",{"job_id":"77bc1847-6403-4691-8927-225000621294","limit":50}]
2025-07-21 12:53:19,450 - socketio.server - INFO - received event "get_job_logs_stream" from hIHVAkD7nWFHaxWeAAAB [/]
2025-07-21 12:53:19,814 - socketio.server - INFO - emitting event "job_status" to 77bc1847-6403-4691-8927-225000621294 [/]
2025-07-21 12:53:19,815 - engineio.server - INFO - p00xggh7-j-g_l4zAAAA: Sending packet MESSAGE data 2["job_status",{"job_id":"77bc1847-6403-4691-8927-225000621294","status":"running","progress":95,"logs":["12:53:19 | INFO     | Generated summary stats for iPhone"],"timestamp":"2025-07-21T12:53:19.814275"}]
2025-07-21 12:53:19,961 - engineio.server - INFO - p00xggh7-j-g_l4zAAAA: Received packet MESSAGE data 2["leave_job",{"job_id":"77bc1847-6403-4691-8927-225000621294"}]
2025-07-21 12:53:19,962 - socketio.server - INFO - received event "leave_job" from hIHVAkD7nWFHaxWeAAAB [/]
2025-07-21 12:53:19,962 - engineio.server - INFO - p00xggh7-j-g_l4zAAAA: Received packet MESSAGE data 2["join_job",{"job_id":"77bc1847-6403-4691-8927-225000621294"}]
2025-07-21 12:53:19,963 - socketio.server - INFO - received event "join_job" from hIHVAkD7nWFHaxWeAAAB [/]
2025-07-21 12:53:19,964 - socketio.server - INFO - hIHVAkD7nWFHaxWeAAAB is leaving room 77bc1847-6403-4691-8927-225000621294 [/]
2025-07-21 12:53:19,964 - __main__ - INFO - Client hIHVAkD7nWFHaxWeAAAB left job room: 77bc1847-6403-4691-8927-225000621294
2025-07-21 12:53:19,965 - socketio.server - INFO - hIHVAkD7nWFHaxWeAAAB is entering room 77bc1847-6403-4691-8927-225000621294 [/]
2025-07-21 12:53:19,965 - __main__ - INFO - Client hIHVAkD7nWFHaxWeAAAB joined job room: 77bc1847-6403-4691-8927-225000621294
2025-07-21 12:53:19,965 - socketio.server - INFO - emitting event "job_status" to hIHVAkD7nWFHaxWeAAAB [/]
2025-07-21 12:53:19,966 - engineio.server - INFO - p00xggh7-j-g_l4zAAAA: Sending packet MESSAGE data 2["job_status",{"job_id":"77bc1847-6403-4691-8927-225000621294","status":"running","progress":0,"logs":["[12:53:19] 12:53:19 | INFO     | Top 6 core products for iPhone: ['iPhone 16', 'iPhone 16 Pro Max', 'iPhone 15', 'iPhone 16 Pro', 'iPhone 16 Plus', 'iPhone 15 Pro Max']","[12:53:19] 12:53:19 | INFO     | Top 8 accessory categories for iPhone: ['Screen Protector', 'Wallet', 'PopSocket', 'Stand', 'Ring Holder', 'Wireless Charger', 'Headphones', 'Cleaning Kit']","[12:53:19] 12:53:19 | INFO     | Created cohort matrix: (8, 6)","[12:53:19] 12:53:19 | INFO     | Retrieved top 8 cohort pairs","[12:53:19] 12:53:19 | INFO     | Generated summary stats for iPhone"]}]
2025-07-21 12:53:20,473 - engineio.server - INFO - p00xggh7-j-g_l4zAAAA: Received packet MESSAGE data 2["get_job_status",{"job_id":"77bc1847-6403-4691-8927-225000621294"}]
2025-07-21 12:53:20,473 - socketio.server - INFO - received event "get_job_status" from hIHVAkD7nWFHaxWeAAAB [/]
2025-07-21 12:53:20,474 - engineio.server - INFO - p00xggh7-j-g_l4zAAAA: Received packet MESSAGE data 2["get_job_logs_stream",{"job_id":"77bc1847-6403-4691-8927-225000621294","limit":50}]
2025-07-21 12:53:20,474 - socketio.server - INFO - received event "get_job_logs_stream" from hIHVAkD7nWFHaxWeAAAB [/]
2025-07-21 12:53:21,113 - socketio.server - INFO - emitting event "job_status" to 77bc1847-6403-4691-8927-225000621294 [/]
2025-07-21 12:53:21,113 - engineio.server - INFO - p00xggh7-j-g_l4zAAAA: Sending packet MESSAGE data 2["job_status",{"job_id":"77bc1847-6403-4691-8927-225000621294","status":"running","progress":90,"logs":["12:53:21 | INFO     | Saved planogram: output\\cohort_planograms\\iphone_cohort_detailed_flagship.png"],"timestamp":"2025-07-21T12:53:21.112967"}]
2025-07-21 12:53:21,165 - socketio.server - INFO - emitting event "job_status" to 77bc1847-6403-4691-8927-225000621294 [/]
2025-07-21 12:53:21,166 - engineio.server - INFO - p00xggh7-j-g_l4zAAAA: Sending packet MESSAGE data 2["job_status",{"job_id":"77bc1847-6403-4691-8927-225000621294","status":"running","progress":95,"logs":["12:53:21 | INFO     | Generated detailed product list: output\\cohort_planograms\\iphone_cohort_products_flagship.txt"],"timestamp":"2025-07-21T12:53:21.165701"}]
2025-07-21 12:53:21,166 - socketio.server - INFO - emitting event "job_status" to 77bc1847-6403-4691-8927-225000621294 [/]
2025-07-21 12:53:21,167 - engineio.server - INFO - p00xggh7-j-g_l4zAAAA: Sending packet MESSAGE data 2["job_status",{"job_id":"77bc1847-6403-4691-8927-225000621294","status":"running","progress":95,"logs":["SUCCESS: Cohort planogram generated: output\\cohort_planograms\\iphone_cohort_detailed_flagship.png"],"timestamp":"2025-07-21T12:53:21.166914"}]
2025-07-21 12:53:21,282 - socketio.server - INFO - emitting event "job_status" to 77bc1847-6403-4691-8927-225000621294 [/]
2025-07-21 12:53:21,283 - engineio.server - INFO - p00xggh7-j-g_l4zAAAA: Sending packet MESSAGE data 2["job_status",{"job_id":"77bc1847-6403-4691-8927-225000621294","status":"completed","progress":100,"logs":["Operation completed successfully"],"timestamp":"2025-07-21T12:53:21.282440"}]
2025-07-21 12:53:21,284 - socketio.server - INFO - emitting event "optimization_complete" to 77bc1847-6403-4691-8927-225000621294 [/]
2025-07-21 12:53:21,284 - engineio.server - INFO - p00xggh7-j-g_l4zAAAA: Sending packet MESSAGE data 2["optimization_complete",{"job_id":"77bc1847-6403-4691-8927-225000621294","result":{"success":true,"return_code":0,"files":[{"name":"iphone_cohort_detailed_flagship.png","type":"planogram","path":"cohort_planograms\\iphone_cohort_detailed_flagship.png","url":"/api/files/cohort_planograms/iphone_cohort_detailed_flagship.png","download_url":"/api/files/cohort_planograms/iphone_cohort_detailed_flagship.png/download"},{"name":"iphone_cohort_products_flagship.txt","type":"report","path":"cohort_planograms\\iphone_cohort_products_flagship.txt","url":"/api/files/cohort_planograms/iphone_cohort_products_flagship.txt","download_url":"/api/files/cohort_planograms/iphone_cohort_products_flagship.txt/download"},{"name":"iphone_cohort_detailed_flagship.png","type":"planogram","path":"cohort_planograms\\iphone_cohort_detailed_flagship.png","url":"/api/files/cohort_planograms/iphone_cohort_detailed_flagship.png","download_url":"/api/files/cohort_planograms/iphone_cohort_detailed_flagship.png/download"},{"name":"iphone_cohort_products_flagship.txt","type":"report","path":"cohort_planograms\\iphone_cohort_products_flagship.txt","url":"/api/files/cohort_planograms/iphone_cohort_products_flagship.txt","download_url":"/api/files/cohort_planograms/iphone_cohort_products_flagship.txt/download"}],"logs_count":17},"timestamp":"2025-07-21T12:53:21.284114"}]
2025-07-21 12:53:21,997 - engineio.server - INFO - p00xggh7-j-g_l4zAAAA: Received packet MESSAGE data 2["leave_job",{"job_id":"77bc1847-6403-4691-8927-225000621294"}]
2025-07-21 12:53:21,997 - socketio.server - INFO - received event "leave_job" from hIHVAkD7nWFHaxWeAAAB [/]
2025-07-21 12:53:21,998 - socketio.server - INFO - hIHVAkD7nWFHaxWeAAAB is leaving room 77bc1847-6403-4691-8927-225000621294 [/]
2025-07-21 12:53:21,998 - __main__ - INFO - Client hIHVAkD7nWFHaxWeAAAB left job room: 77bc1847-6403-4691-8927-225000621294
2025-07-21 12:53:37,716 - engineio.server - INFO - p00xggh7-j-g_l4zAAAA: Sending packet PING data None
2025-07-21 12:54:00,678 - engineio.server - INFO - 5kFoTDMF-NqSJ2xrAAAC: Sending packet OPEN data {'sid': '5kFoTDMF-NqSJ2xrAAAC', 'upgrades': [], 'pingTimeout': 20000, 'pingInterval': 25000, 'maxPayload': 1000000}
2025-07-21 12:54:00,678 - engineio.server - INFO - 5kFoTDMF-NqSJ2xrAAAC: Received request to upgrade to websocket
2025-07-21 12:54:00,679 - engineio.server - INFO - 5kFoTDMF-NqSJ2xrAAAC: Upgrade to websocket successful
2025-07-21 12:54:00,680 - engineio.server - INFO - 5kFoTDMF-NqSJ2xrAAAC: Received packet MESSAGE data 0
2025-07-21 12:54:00,681 - __main__ - INFO - Client connected: IOq_YlyNRnEJp8_7AAAD
2025-07-21 12:54:00,681 - socketio.server - INFO - emitting event "connected" to IOq_YlyNRnEJp8_7AAAD [/]
2025-07-21 12:54:00,681 - engineio.server - INFO - 5kFoTDMF-NqSJ2xrAAAC: Sending packet MESSAGE data 2["connected",{"message":"Connected to Planogram API"}]
2025-07-21 12:54:00,682 - engineio.server - INFO - 5kFoTDMF-NqSJ2xrAAAC: Sending packet MESSAGE data 0{"sid":"IOq_YlyNRnEJp8_7AAAD"}
2025-07-21 12:54:03,976 - __main__ - INFO - Client disconnected: hIHVAkD7nWFHaxWeAAAB
2025-07-21 12:54:25,687 - engineio.server - INFO - 5kFoTDMF-NqSJ2xrAAAC: Sending packet PING data None
2025-07-21 12:54:25,689 - engineio.server - INFO - 5kFoTDMF-NqSJ2xrAAAC: Received packet PONG data 
2025-07-21 12:54:50,704 - engineio.server - INFO - 5kFoTDMF-NqSJ2xrAAAC: Sending packet PING data None
2025-07-21 12:54:50,707 - engineio.server - INFO - 5kFoTDMF-NqSJ2xrAAAC: Received packet PONG data 
2025-07-21 12:55:15,720 - engineio.server - INFO - 5kFoTDMF-NqSJ2xrAAAC: Sending packet PING data None
2025-07-21 12:55:15,721 - engineio.server - INFO - 5kFoTDMF-NqSJ2xrAAAC: Received packet PONG data 
2025-07-21 12:55:40,735 - engineio.server - INFO - 5kFoTDMF-NqSJ2xrAAAC: Sending packet PING data None
2025-07-21 12:55:40,736 - engineio.server - INFO - 5kFoTDMF-NqSJ2xrAAAC: Received packet PONG data 
2025-07-21 12:56:05,751 - engineio.server - INFO - 5kFoTDMF-NqSJ2xrAAAC: Sending packet PING data None
2025-07-21 12:56:05,753 - engineio.server - INFO - 5kFoTDMF-NqSJ2xrAAAC: Received packet PONG data 
2025-07-21 12:56:15,329 - werkzeug - INFO -  * Detected change in 'C:\\Users\\Shivansh Pal\\Desktop\\Planogram_Project\\web-ui\\backend\\simple_app.py', reloading
2025-07-21 12:56:15,330 - werkzeug - INFO -  * Detected change in 'C:\\Users\\Shivansh Pal\\Desktop\\Planogram_Project\\web-ui\\backend\\simple_app.py', reloading
2025-07-21 12:56:16,291 - werkzeug - INFO -  * Restarting with watchdog (windowsapi)
2025-07-21 12:56:17,187 - engineio.server - INFO - Server initialized for eventlet.
2025-07-21 12:56:17,193 - __main__ - INFO - Starting simplified Planogram Web UI backend
2025-07-21 12:56:17,193 - __main__ - INFO - Project root: C:\Users\Shivansh Pal\Desktop\Planogram_Project
2025-07-21 12:56:17,208 - werkzeug - WARNING -  * Debugger is active!
2025-07-21 12:56:17,211 - werkzeug - INFO -  * Debugger PIN: 567-306-382
2025-07-21 12:56:17,685 - engineio.server - INFO - mIoMdB2Q-K05arTHAAAA: Sending packet OPEN data {'sid': 'mIoMdB2Q-K05arTHAAAA', 'upgrades': [], 'pingTimeout': 20000, 'pingInterval': 25000, 'maxPayload': 1000000}
2025-07-21 12:56:17,686 - engineio.server - INFO - mIoMdB2Q-K05arTHAAAA: Received request to upgrade to websocket
2025-07-21 12:56:17,687 - engineio.server - INFO - mIoMdB2Q-K05arTHAAAA: Upgrade to websocket successful
2025-07-21 12:56:17,689 - engineio.server - INFO - mIoMdB2Q-K05arTHAAAA: Received packet MESSAGE data 0
2025-07-21 12:56:17,690 - __main__ - INFO - Client connected: 1x_pHeOH5h8JIjvrAAAB
2025-07-21 12:56:17,690 - socketio.server - INFO - emitting event "connected" to 1x_pHeOH5h8JIjvrAAAB [/]
2025-07-21 12:56:17,690 - engineio.server - INFO - mIoMdB2Q-K05arTHAAAA: Sending packet MESSAGE data 2["connected",{"message":"Connected to Planogram API"}]
2025-07-21 12:56:17,691 - engineio.server - INFO - mIoMdB2Q-K05arTHAAAA: Sending packet MESSAGE data 0{"sid":"1x_pHeOH5h8JIjvrAAAB"}
2025-07-21 12:56:30,861 - werkzeug - INFO -  * Detected change in 'C:\\Users\\Shivansh Pal\\Desktop\\Planogram_Project\\web-ui\\backend\\simple_runner.py', reloading
2025-07-21 12:56:31,434 - werkzeug - INFO -  * Restarting with watchdog (windowsapi)
2025-07-21 12:56:32,478 - engineio.server - INFO - Server initialized for eventlet.
2025-07-21 12:56:32,485 - __main__ - INFO - Starting simplified Planogram Web UI backend
2025-07-21 12:56:32,485 - __main__ - INFO - Project root: C:\Users\Shivansh Pal\Desktop\Planogram_Project
2025-07-21 12:56:32,498 - werkzeug - WARNING -  * Debugger is active!
2025-07-21 12:56:32,501 - werkzeug - INFO -  * Debugger PIN: 567-306-382
2025-07-21 12:56:32,682 - engineio.server - INFO - Kcal0ThTbb8hNOSnAAAA: Sending packet OPEN data {'sid': 'Kcal0ThTbb8hNOSnAAAA', 'upgrades': [], 'pingTimeout': 20000, 'pingInterval': 25000, 'maxPayload': 1000000}
2025-07-21 12:56:32,683 - engineio.server - INFO - Kcal0ThTbb8hNOSnAAAA: Received request to upgrade to websocket
2025-07-21 12:56:32,683 - engineio.server - INFO - Kcal0ThTbb8hNOSnAAAA: Upgrade to websocket successful
2025-07-21 12:56:32,685 - engineio.server - INFO - Kcal0ThTbb8hNOSnAAAA: Received packet MESSAGE data 0
2025-07-21 12:56:32,687 - __main__ - INFO - Client connected: _g17tOdGp87RsrP-AAAB
2025-07-21 12:56:32,687 - socketio.server - INFO - emitting event "connected" to _g17tOdGp87RsrP-AAAB [/]
2025-07-21 12:56:32,687 - engineio.server - INFO - Kcal0ThTbb8hNOSnAAAA: Sending packet MESSAGE data 2["connected",{"message":"Connected to Planogram API"}]
2025-07-21 12:56:32,687 - engineio.server - INFO - Kcal0ThTbb8hNOSnAAAA: Sending packet MESSAGE data 0{"sid":"_g17tOdGp87RsrP-AAAB"}
2025-07-21 12:56:57,697 - engineio.server - INFO - Kcal0ThTbb8hNOSnAAAA: Sending packet PING data None
2025-07-21 12:56:57,699 - engineio.server - INFO - Kcal0ThTbb8hNOSnAAAA: Received packet PONG data 
2025-07-21 12:57:22,714 - engineio.server - INFO - Kcal0ThTbb8hNOSnAAAA: Sending packet PING data None
2025-07-21 12:57:22,716 - engineio.server - INFO - Kcal0ThTbb8hNOSnAAAA: Received packet PONG data 
2025-07-21 12:57:47,721 - engineio.server - INFO - Kcal0ThTbb8hNOSnAAAA: Sending packet PING data None
2025-07-21 12:57:47,723 - engineio.server - INFO - Kcal0ThTbb8hNOSnAAAA: Received packet PONG data 
2025-07-21 12:58:12,727 - engineio.server - INFO - Kcal0ThTbb8hNOSnAAAA: Sending packet PING data None
2025-07-21 12:58:12,728 - engineio.server - INFO - Kcal0ThTbb8hNOSnAAAA: Received packet PONG data 
2025-07-21 12:58:37,744 - engineio.server - INFO - Kcal0ThTbb8hNOSnAAAA: Sending packet PING data None
2025-07-21 12:58:37,745 - engineio.server - INFO - Kcal0ThTbb8hNOSnAAAA: Received packet PONG data 
2025-07-21 12:59:02,759 - engineio.server - INFO - Kcal0ThTbb8hNOSnAAAA: Sending packet PING data None
2025-07-21 12:59:02,761 - engineio.server - INFO - Kcal0ThTbb8hNOSnAAAA: Received packet PONG data 
2025-07-21 12:59:27,770 - engineio.server - INFO - Kcal0ThTbb8hNOSnAAAA: Sending packet PING data None
2025-07-21 12:59:27,772 - engineio.server - INFO - Kcal0ThTbb8hNOSnAAAA: Received packet PONG data 
2025-07-21 12:59:52,773 - engineio.server - INFO - Kcal0ThTbb8hNOSnAAAA: Sending packet PING data None
2025-07-21 12:59:52,775 - engineio.server - INFO - Kcal0ThTbb8hNOSnAAAA: Received packet PONG data 
2025-07-21 13:00:17,778 - engineio.server - INFO - Kcal0ThTbb8hNOSnAAAA: Sending packet PING data None
2025-07-21 13:00:17,780 - engineio.server - INFO - Kcal0ThTbb8hNOSnAAAA: Received packet PONG data 
2025-07-21 13:00:42,785 - engineio.server - INFO - Kcal0ThTbb8hNOSnAAAA: Sending packet PING data None
2025-07-21 13:00:42,786 - engineio.server - INFO - Kcal0ThTbb8hNOSnAAAA: Received packet PONG data 
2025-07-21 13:01:07,802 - engineio.server - INFO - Kcal0ThTbb8hNOSnAAAA: Sending packet PING data None
2025-07-21 13:01:07,804 - engineio.server - INFO - Kcal0ThTbb8hNOSnAAAA: Received packet PONG data 
2025-07-21 13:01:32,806 - engineio.server - INFO - Kcal0ThTbb8hNOSnAAAA: Sending packet PING data None
2025-07-21 13:01:32,807 - engineio.server - INFO - Kcal0ThTbb8hNOSnAAAA: Received packet PONG data 
2025-07-21 13:05:33,276 - engineio.server - INFO - Server initialized for eventlet.
2025-07-21 13:05:33,286 - __main__ - INFO - Starting simplified Planogram Web UI backend
2025-07-21 13:05:33,287 - __main__ - INFO - Project root: c:\Users\Shivansh Pal\Desktop\Planogram_Project
2025-07-21 13:05:33,300 - werkzeug - INFO -  * Restarting with watchdog (windowsapi)
2025-07-21 13:05:34,620 - engineio.server - INFO - Server initialized for eventlet.
2025-07-21 13:05:34,684 - __main__ - INFO - Starting simplified Planogram Web UI backend
2025-07-21 13:05:34,684 - __main__ - INFO - Project root: c:\Users\Shivansh Pal\Desktop\Planogram_Project
2025-07-21 13:05:34,710 - werkzeug - WARNING -  * Debugger is active!
2025-07-21 13:05:34,713 - werkzeug - INFO -  * Debugger PIN: 567-306-382
2025-07-21 13:08:59,941 - werkzeug - INFO -  * Detected change in 'c:\\Users\\Shivansh Pal\\Desktop\\Planogram_Project\\src\\cohort_planogram\\ipad_cohort.py', reloading
2025-07-21 13:08:59,942 - werkzeug - INFO -  * Detected change in 'c:\\Users\\Shivansh Pal\\Desktop\\Planogram_Project\\web-ui\\start_simple.py', reloading
2025-07-21 13:08:59,950 - werkzeug - INFO -  * Detected change in 'c:\\Users\\Shivansh Pal\\Desktop\\Planogram_Project\\src\\cohort_planogram\\__init__.py', reloading
2025-07-21 13:08:59,950 - werkzeug - INFO -  * Detected change in 'c:\\Users\\Shivansh Pal\\Desktop\\Planogram_Project\\src\\cohort_planogram\\base.py', reloading
2025-07-21 13:08:59,951 - werkzeug - INFO -  * Detected change in 'c:\\Users\\Shivansh Pal\\Desktop\\Planogram_Project\\src\\cohort_planogram\\data_loader.py', reloading
2025-07-21 13:08:59,952 - werkzeug - INFO -  * Detected change in 'c:\\Users\\Shivansh Pal\\Desktop\\Planogram_Project\\src\\cohort_planogram\\iphone_cohort.py', reloading
2025-07-21 13:08:59,953 - werkzeug - INFO -  * Detected change in 'c:\\Users\\Shivansh Pal\\Desktop\\Planogram_Project\\src\\cohort_planogram\\mac_cohort.py', reloading
2025-07-21 13:08:59,953 - werkzeug - INFO -  * Detected change in 'c:\\Users\\Shivansh Pal\\Desktop\\Planogram_Project\\src\\cohort_planogram\\runner.py', reloading
2025-07-21 13:08:59,954 - werkzeug - INFO -  * Detected change in 'c:\\Users\\Shivansh Pal\\Desktop\\Planogram_Project\\src\\cohort_planogram\\store_template_loader.py', reloading
2025-07-21 13:08:59,955 - werkzeug - INFO -  * Detected change in 'c:\\Users\\Shivansh Pal\\Desktop\\Planogram_Project\\src\\cohort_planogram\\watch_cohort.py', reloading
2025-07-21 13:08:59,955 - werkzeug - INFO -  * Detected change in 'c:\\Users\\Shivansh Pal\\Desktop\\Planogram_Project\\src\\data_processing\\cohort_data_corrector.py', reloading
2025-07-21 13:08:59,956 - werkzeug - INFO -  * Detected change in 'c:\\Users\\Shivansh Pal\\Desktop\\Planogram_Project\\src\\data_processing\\cohort_data_validator.py', reloading
2025-07-21 13:08:59,957 - werkzeug - INFO -  * Detected change in 'c:\\Users\\Shivansh Pal\\Desktop\\Planogram_Project\\src\\data_processing\\data_loader.py', reloading
2025-07-21 13:08:59,958 - werkzeug - INFO -  * Detected change in 'c:\\Users\\Shivansh Pal\\Desktop\\Planogram_Project\\src\\data_processing\\data_transformer.py', reloading
2025-07-21 13:08:59,959 - werkzeug - INFO -  * Detected change in 'c:\\Users\\Shivansh Pal\\Desktop\\Planogram_Project\\src\\models\\product.py', reloading
2025-07-21 13:08:59,959 - werkzeug - INFO -  * Detected change in 'c:\\Users\\Shivansh Pal\\Desktop\\Planogram_Project\\src\\models\\shelf.py', reloading
2025-07-21 13:08:59,960 - werkzeug - INFO -  * Detected change in 'c:\\Users\\Shivansh Pal\\Desktop\\Planogram_Project\\src\\models\\store.py', reloading
2025-07-21 13:08:59,961 - werkzeug - INFO -  * Detected change in 'c:\\Users\\Shivansh Pal\\Desktop\\Planogram_Project\\src\\optimization\\base_optimizer.py', reloading
2025-07-21 13:08:59,961 - werkzeug - INFO -  * Detected change in 'c:\\Users\\Shivansh Pal\\Desktop\\Planogram_Project\\src\\optimization\\bundle_optimizer.py', reloading
2025-07-21 13:08:59,962 - werkzeug - INFO -  * Detected change in 'c:\\Users\\Shivansh Pal\\Desktop\\Planogram_Project\\src\\optimization\\product_optimizer.py', reloading
2025-07-21 13:08:59,963 - werkzeug - INFO -  * Detected change in 'c:\\Users\\Shivansh Pal\\Desktop\\Planogram_Project\\src\\utils\\constants.py', reloading
2025-07-21 13:08:59,964 - werkzeug - INFO -  * Detected change in 'c:\\Users\\Shivansh Pal\\Desktop\\Planogram_Project\\src\\utils\\debugger.py', reloading
2025-07-21 13:08:59,965 - werkzeug - INFO -  * Detected change in 'c:\\Users\\Shivansh Pal\\Desktop\\Planogram_Project\\src\\utils\\error_handler.py', reloading
2025-07-21 13:08:59,965 - werkzeug - INFO -  * Detected change in 'c:\\Users\\Shivansh Pal\\Desktop\\Planogram_Project\\src\\utils\\monitor.py', reloading
2025-07-21 13:08:59,966 - werkzeug - INFO -  * Detected change in 'c:\\Users\\Shivansh Pal\\Desktop\\Planogram_Project\\src\\visualization\\arrangement_utils.py', reloading
2025-07-21 13:08:59,967 - werkzeug - INFO -  * Detected change in 'c:\\Users\\Shivansh Pal\\Desktop\\Planogram_Project\\src\\visualization\\clean_planogram.py', reloading
2025-07-21 13:08:59,967 - werkzeug - INFO -  * Detected change in 'c:\\Users\\Shivansh Pal\\Desktop\\Planogram_Project\\src\\visualization\\cohort_planogram.py', reloading
2025-07-21 13:08:59,968 - werkzeug - INFO -  * Detected change in 'c:\\Users\\Shivansh Pal\\Desktop\\Planogram_Project\\src\\visualization\\excel_exporter.py', reloading
2025-07-21 13:08:59,969 - werkzeug - INFO -  * Detected change in 'c:\\Users\\Shivansh Pal\\Desktop\\Planogram_Project\\src\\visualization\\export_handler.py', reloading
2025-07-21 13:08:59,969 - werkzeug - INFO -  * Detected change in 'c:\\Users\\Shivansh Pal\\Desktop\\Planogram_Project\\src\\visualization\\iphone_planogram.py', reloading
2025-07-21 13:08:59,970 - werkzeug - INFO -  * Detected change in 'c:\\Users\\Shivansh Pal\\Desktop\\Planogram_Project\\src\\visualization\\mac_planogram.py', reloading
2025-07-21 13:08:59,970 - werkzeug - INFO -  * Detected change in 'c:\\Users\\Shivansh Pal\\Desktop\\Planogram_Project\\src\\visualization\\planogram_visualizer.py', reloading
2025-07-21 13:08:59,971 - werkzeug - INFO -  * Detected change in 'c:\\Users\\Shivansh Pal\\Desktop\\Planogram_Project\\src\\visualization\\watch_planogram.py', reloading
2025-07-21 13:08:59,986 - werkzeug - INFO -  * Detected change in 'C:\\Python313\\Lib\\threading.py', reloading
2025-07-21 13:08:59,987 - werkzeug - INFO -  * Detected change in 'C:\\Python313\\Lib\\uuid.py', reloading
2025-07-21 13:08:59,988 - werkzeug - INFO -  * Detected change in 'C:\\Users\\Shivansh Pal\\AppData\\Roaming\\Python\\Python313\\site-packages\\flask\\__init__.py', reloading
2025-07-21 13:08:59,993 - werkzeug - INFO -  * Detected change in 'C:\\Users\\Shivansh Pal\\AppData\\Roaming\\Python\\Python313\\site-packages\\flask\\app.py', reloading
2025-07-21 13:08:59,994 - werkzeug - INFO -  * Detected change in 'C:\\Users\\Shivansh Pal\\AppData\\Roaming\\Python\\Python313\\site-packages\\flask\\sansio\\app.py', reloading
2025-07-21 13:08:59,995 - werkzeug - INFO -  * Detected change in 'C:\\Users\\Shivansh Pal\\AppData\\Roaming\\Python\\Python313\\site-packages\\flask\\sansio\\scaffold.py', reloading
2025-07-21 13:08:59,998 - werkzeug - INFO -  * Detected change in 'C:\\Python313\\Lib\\datetime.py', reloading
2025-07-21 13:08:59,999 - werkzeug - INFO -  * Detected change in 'C:\\Python313\\Lib\\_pydatetime.py', reloading
2025-07-21 13:09:00,000 - werkzeug - INFO -  * Detected change in 'C:\\Python313\\Lib\\typing.py', reloading
2025-07-21 13:09:00,001 - werkzeug - INFO -  * Detected change in 'C:\\Python313\\Lib\\dataclasses.py', reloading
2025-07-21 13:09:00,002 - werkzeug - INFO -  * Detected change in 'C:\\Python313\\Lib\\enum.py', reloading
2025-07-21 13:09:00,003 - werkzeug - INFO -  * Detected change in 'C:\\Python313\\Lib\\shutil.py', reloading
2025-07-21 13:09:00,175 - werkzeug - INFO -  * Restarting with watchdog (windowsapi)
2025-07-21 13:09:01,303 - engineio.server - INFO - Server initialized for eventlet.
2025-07-21 13:09:01,308 - __main__ - INFO - Starting simplified Planogram Web UI backend
2025-07-21 13:09:01,309 - __main__ - INFO - Project root: c:\Users\Shivansh Pal\Desktop\Planogram_Project
2025-07-21 13:09:01,320 - werkzeug - WARNING -  * Debugger is active!
2025-07-21 13:09:01,322 - werkzeug - INFO -  * Debugger PIN: 567-306-382
2025-07-21 13:10:48,190 - engineio.server - INFO - Server initialized for eventlet.
2025-07-21 13:10:48,194 - __main__ - INFO - Starting simplified Planogram Web UI backend
2025-07-21 13:10:48,194 - __main__ - INFO - Project root: C:\Users\Shivansh Pal\Desktop\Planogram_Project
2025-07-21 13:10:48,204 - werkzeug - INFO -  * Restarting with watchdog (windowsapi)
2025-07-21 13:10:48,935 - engineio.server - INFO - Server initialized for eventlet.
2025-07-21 13:10:48,941 - __main__ - INFO - Starting simplified Planogram Web UI backend
2025-07-21 13:10:48,941 - __main__ - INFO - Project root: C:\Users\Shivansh Pal\Desktop\Planogram_Project
2025-07-21 13:10:48,949 - werkzeug - WARNING -  * Debugger is active!
2025-07-21 13:10:48,951 - werkzeug - INFO -  * Debugger PIN: 567-306-382
2025-07-21 13:10:48,964 - werkzeug - INFO -  * Detected change in 'C:\\Users\\Shivansh Pal\\AppData\\Roaming\\Python\\Python313\\site-packages\\flask_socketio\\__init__.py', reloading
2025-07-21 13:10:48,965 - werkzeug - INFO -  * Detected change in 'C:\\Users\\Shivansh Pal\\AppData\\Roaming\\Python\\Python313\\site-packages\\flask_socketio\\__init__.py', reloading
2025-07-21 13:10:48,965 - werkzeug - INFO -  * Detected change in 'C:\\Users\\Shivansh Pal\\AppData\\Roaming\\Python\\Python313\\site-packages\\eventlet\\convenience.py', reloading
2025-07-21 13:10:48,966 - werkzeug - INFO -  * Detected change in 'C:\\Users\\Shivansh Pal\\AppData\\Roaming\\Python\\Python313\\site-packages\\eventlet\\convenience.py', reloading
2025-07-21 13:10:49,773 - werkzeug - INFO -  * Restarting with watchdog (windowsapi)
2025-07-21 13:10:50,044 - werkzeug - INFO -  * Restarting with watchdog (windowsapi)
2025-07-21 13:10:50,555 - engineio.server - INFO - Server initialized for eventlet.
2025-07-21 13:10:50,562 - __main__ - INFO - Starting simplified Planogram Web UI backend
2025-07-21 13:10:50,562 - __main__ - INFO - Project root: c:\Users\Shivansh Pal\Desktop\Planogram_Project
2025-07-21 13:10:50,572 - werkzeug - WARNING -  * Debugger is active!
2025-07-21 13:10:50,574 - werkzeug - INFO -  * Debugger PIN: 567-306-382
2025-07-21 13:10:50,802 - engineio.server - INFO - Server initialized for eventlet.
2025-07-21 13:10:50,806 - __main__ - INFO - Starting simplified Planogram Web UI backend
2025-07-21 13:10:50,807 - __main__ - INFO - Project root: C:\Users\Shivansh Pal\Desktop\Planogram_Project
2025-07-21 13:10:50,815 - werkzeug - WARNING -  * Debugger is active!
2025-07-21 13:10:50,817 - werkzeug - INFO -  * Debugger PIN: 567-306-382
2025-07-21 13:11:14,505 - engineio.server - INFO - Server initialized for eventlet.
2025-07-21 13:11:14,510 - __main__ - INFO - Starting simplified Planogram Web UI backend
2025-07-21 13:11:14,510 - __main__ - INFO - Project root: C:\Users\Shivansh Pal\Desktop\Planogram_Project
2025-07-21 13:11:14,521 - werkzeug - INFO -  * Restarting with watchdog (windowsapi)
2025-07-21 13:11:15,190 - engineio.server - INFO - Server initialized for eventlet.
2025-07-21 13:11:15,195 - __main__ - INFO - Starting simplified Planogram Web UI backend
2025-07-21 13:11:15,195 - __main__ - INFO - Project root: C:\Users\Shivansh Pal\Desktop\Planogram_Project
2025-07-21 13:11:15,209 - werkzeug - WARNING -  * Debugger is active!
2025-07-21 13:11:15,211 - werkzeug - INFO -  * Debugger PIN: 567-306-382
2025-07-21 13:11:21,940 - engineio.server - INFO - 3g3sFjlmwrPGAI4VAAAA: Sending packet OPEN data {'sid': '3g3sFjlmwrPGAI4VAAAA', 'upgrades': [], 'pingTimeout': 20000, 'pingInterval': 25000, 'maxPayload': 1000000}
2025-07-21 13:11:21,940 - engineio.server - INFO - 3g3sFjlmwrPGAI4VAAAA: Received request to upgrade to websocket
2025-07-21 13:11:21,940 - engineio.server - INFO - 3g3sFjlmwrPGAI4VAAAA: Upgrade to websocket successful
2025-07-21 13:11:21,942 - engineio.server - INFO - 3g3sFjlmwrPGAI4VAAAA: Received packet MESSAGE data 0
2025-07-21 13:11:21,943 - __main__ - INFO - Client connected: rcXD99Cbn68n4zl_AAAB
2025-07-21 13:11:21,943 - socketio.server - INFO - emitting event "connected" to rcXD99Cbn68n4zl_AAAB [/]
2025-07-21 13:11:21,943 - engineio.server - INFO - 3g3sFjlmwrPGAI4VAAAA: Sending packet MESSAGE data 2["connected",{"message":"Connected to Planogram API"}]
2025-07-21 13:11:21,943 - engineio.server - INFO - 3g3sFjlmwrPGAI4VAAAA: Sending packet MESSAGE data 0{"sid":"rcXD99Cbn68n4zl_AAAB"}
2025-07-21 13:11:32,476 - simple_runner - INFO - Created job 6632aa71-c34d-474e-9e0a-657cbe6920b5 of type lob
2025-07-21 13:11:32,478 - socketio.server - INFO - emitting event "job_status" to 6632aa71-c34d-474e-9e0a-657cbe6920b5 [/]
2025-07-21 13:11:32,503 - engineio.server - INFO - 3g3sFjlmwrPGAI4VAAAA: Received packet MESSAGE data 2["join_job",{"job_id":"6632aa71-c34d-474e-9e0a-657cbe6920b5"}]
2025-07-21 13:11:32,504 - socketio.server - INFO - received event "join_job" from rcXD99Cbn68n4zl_AAAB [/]
2025-07-21 13:11:32,504 - socketio.server - INFO - rcXD99Cbn68n4zl_AAAB is entering room 6632aa71-c34d-474e-9e0a-657cbe6920b5 [/]
2025-07-21 13:11:32,505 - __main__ - INFO - Client rcXD99Cbn68n4zl_AAAB joined job room: 6632aa71-c34d-474e-9e0a-657cbe6920b5
2025-07-21 13:11:32,505 - socketio.server - INFO - emitting event "job_status" to rcXD99Cbn68n4zl_AAAB [/]
2025-07-21 13:11:32,505 - engineio.server - INFO - 3g3sFjlmwrPGAI4VAAAA: Sending packet MESSAGE data 2["job_status",{"job_id":"6632aa71-c34d-474e-9e0a-657cbe6920b5","status":"running","progress":0,"logs":[]}]
2025-07-21 13:11:32,995 - engineio.server - INFO - 3g3sFjlmwrPGAI4VAAAA: Received packet MESSAGE data 2["get_job_status",{"job_id":"6632aa71-c34d-474e-9e0a-657cbe6920b5"}]
2025-07-21 13:11:32,996 - socketio.server - INFO - received event "get_job_status" from rcXD99Cbn68n4zl_AAAB [/]
2025-07-21 13:11:32,996 - engineio.server - INFO - 3g3sFjlmwrPGAI4VAAAA: Received packet MESSAGE data 2["get_job_logs_stream",{"job_id":"6632aa71-c34d-474e-9e0a-657cbe6920b5","limit":50}]
2025-07-21 13:11:32,996 - socketio.server - INFO - received event "get_job_logs_stream" from rcXD99Cbn68n4zl_AAAB [/]
2025-07-21 13:11:33,256 - werkzeug - INFO -  * Detected change in 'C:\\Python313\\Lib\\statistics.py', reloading
2025-07-21 13:11:33,292 - werkzeug - INFO -  * Detected change in 'C:\\Python313\\Lib\\unittest\\__init__.py', reloading
2025-07-21 13:11:33,293 - werkzeug - INFO -  * Detected change in 'C:\\Python313\\Lib\\unittest\\result.py', reloading
2025-07-21 13:11:33,294 - werkzeug - INFO -  * Detected change in 'C:\\Python313\\Lib\\unittest\\util.py', reloading
2025-07-21 13:11:33,296 - werkzeug - INFO -  * Detected change in 'C:\\Python313\\Lib\\unittest\\case.py', reloading
2025-07-21 13:11:33,310 - werkzeug - INFO -  * Detected change in 'C:\\Python313\\Lib\\unittest\\suite.py', reloading
2025-07-21 13:11:33,312 - werkzeug - INFO -  * Detected change in 'C:\\Python313\\Lib\\unittest\\loader.py', reloading
2025-07-21 13:11:33,315 - werkzeug - INFO -  * Detected change in 'C:\\Python313\\Lib\\unittest\\main.py', reloading
2025-07-21 13:11:33,316 - werkzeug - INFO -  * Detected change in 'C:\\Python313\\Lib\\unittest\\runner.py', reloading
2025-07-21 13:11:33,318 - werkzeug - INFO -  * Detected change in 'C:\\Python313\\Lib\\unittest\\signals.py', reloading
2025-07-21 13:11:33,378 - werkzeug - INFO -  * Detected change in 'C:\\Python313\\Lib\\fileinput.py', reloading
2025-07-21 13:11:33,496 - engineio.server - INFO - 3g3sFjlmwrPGAI4VAAAA: Received packet MESSAGE data 2["leave_job",{"job_id":"6632aa71-c34d-474e-9e0a-657cbe6920b5"}]
2025-07-21 13:11:33,496 - socketio.server - INFO - received event "leave_job" from rcXD99Cbn68n4zl_AAAB [/]
2025-07-21 13:11:33,497 - engineio.server - INFO - 3g3sFjlmwrPGAI4VAAAA: Received packet MESSAGE data 2["join_job",{"job_id":"6632aa71-c34d-474e-9e0a-657cbe6920b5"}]
2025-07-21 13:11:33,598 - werkzeug - INFO -  * Restarting with watchdog (windowsapi)
2025-07-21 13:11:34,290 - engineio.server - INFO - Server initialized for eventlet.
2025-07-21 13:11:34,294 - __main__ - INFO - Starting simplified Planogram Web UI backend
2025-07-21 13:11:34,294 - __main__ - INFO - Project root: C:\Users\Shivansh Pal\Desktop\Planogram_Project
2025-07-21 13:11:34,303 - werkzeug - WARNING -  * Debugger is active!
2025-07-21 13:11:34,305 - werkzeug - INFO -  * Debugger PIN: 567-306-382
2025-07-21 13:11:35,273 - engineio.server - INFO - kMi4kGylVihTOxhLAAAA: Sending packet OPEN data {'sid': 'kMi4kGylVihTOxhLAAAA', 'upgrades': [], 'pingTimeout': 20000, 'pingInterval': 25000, 'maxPayload': 1000000}
2025-07-21 13:11:35,274 - engineio.server - INFO - kMi4kGylVihTOxhLAAAA: Received request to upgrade to websocket
2025-07-21 13:11:35,275 - engineio.server - INFO - kMi4kGylVihTOxhLAAAA: Upgrade to websocket successful
2025-07-21 13:11:35,278 - engineio.server - INFO - kMi4kGylVihTOxhLAAAA: Received packet MESSAGE data 0
2025-07-21 13:11:35,280 - __main__ - INFO - Client connected: EmM3-NlW3zXLQdmaAAAB
2025-07-21 13:11:35,280 - socketio.server - INFO - emitting event "connected" to EmM3-NlW3zXLQdmaAAAB [/]
2025-07-21 13:11:35,281 - engineio.server - INFO - kMi4kGylVihTOxhLAAAA: Sending packet MESSAGE data 2["connected",{"message":"Connected to Planogram API"}]
2025-07-21 13:11:35,281 - engineio.server - INFO - kMi4kGylVihTOxhLAAAA: Sending packet MESSAGE data 0{"sid":"EmM3-NlW3zXLQdmaAAAB"}
2025-07-21 13:11:51,898 - engineio.server - INFO - kMi4kGylVihTOxhLAAAA: Received packet MESSAGE data 2["leave_job",{"job_id":"6632aa71-c34d-474e-9e0a-657cbe6920b5"}]
2025-07-21 13:11:51,899 - socketio.server - INFO - received event "leave_job" from EmM3-NlW3zXLQdmaAAAB [/]
2025-07-21 13:11:51,900 - socketio.server - INFO - EmM3-NlW3zXLQdmaAAAB is leaving room 6632aa71-c34d-474e-9e0a-657cbe6920b5 [/]
2025-07-21 13:11:51,900 - __main__ - INFO - Client EmM3-NlW3zXLQdmaAAAB left job room: 6632aa71-c34d-474e-9e0a-657cbe6920b5
2025-07-21 13:11:51,901 - engineio.server - INFO - kMi4kGylVihTOxhLAAAA: Received packet MESSAGE data 2["join_job",{"job_id":"6632aa71-c34d-474e-9e0a-657cbe6920b5"}]
2025-07-21 13:11:51,902 - socketio.server - INFO - received event "join_job" from EmM3-NlW3zXLQdmaAAAB [/]
2025-07-21 13:11:51,903 - socketio.server - INFO - EmM3-NlW3zXLQdmaAAAB is entering room 6632aa71-c34d-474e-9e0a-657cbe6920b5 [/]
2025-07-21 13:11:51,903 - __main__ - INFO - Client EmM3-NlW3zXLQdmaAAAB joined job room: 6632aa71-c34d-474e-9e0a-657cbe6920b5
2025-07-21 13:11:52,399 - engineio.server - INFO - kMi4kGylVihTOxhLAAAA: Received packet MESSAGE data 2["get_job_status",{"job_id":"6632aa71-c34d-474e-9e0a-657cbe6920b5"}]
2025-07-21 13:11:52,400 - socketio.server - INFO - received event "get_job_status" from EmM3-NlW3zXLQdmaAAAB [/]
2025-07-21 13:11:52,400 - engineio.server - INFO - kMi4kGylVihTOxhLAAAA: Received packet MESSAGE data 2["get_job_logs_stream",{"job_id":"6632aa71-c34d-474e-9e0a-657cbe6920b5","limit":50}]
2025-07-21 13:11:52,401 - socketio.server - INFO - received event "get_job_logs_stream" from EmM3-NlW3zXLQdmaAAAB [/]
2025-07-21 13:11:57,775 - engineio.server - INFO - kMi4kGylVihTOxhLAAAA: Received packet MESSAGE data 2["leave_job",{"job_id":"6632aa71-c34d-474e-9e0a-657cbe6920b5"}]
2025-07-21 13:11:57,776 - socketio.server - INFO - received event "leave_job" from EmM3-NlW3zXLQdmaAAAB [/]
2025-07-21 13:11:57,776 - socketio.server - INFO - EmM3-NlW3zXLQdmaAAAB is leaving room 6632aa71-c34d-474e-9e0a-657cbe6920b5 [/]
2025-07-21 13:11:57,777 - __main__ - INFO - Client EmM3-NlW3zXLQdmaAAAB left job room: 6632aa71-c34d-474e-9e0a-657cbe6920b5
2025-07-21 13:12:00,280 - engineio.server - INFO - kMi4kGylVihTOxhLAAAA: Sending packet PING data None
2025-07-21 13:12:00,281 - engineio.server - INFO - kMi4kGylVihTOxhLAAAA: Received packet PONG data 
2025-07-21 13:12:05,680 - simple_runner - INFO - Created job 9ddf039b-f9d3-4ae3-8e6e-e368669ac834 of type cohort
2025-07-21 13:12:05,681 - socketio.server - INFO - emitting event "job_status" to 9ddf039b-f9d3-4ae3-8e6e-e368669ac834 [/]
2025-07-21 13:12:05,711 - engineio.server - INFO - kMi4kGylVihTOxhLAAAA: Received packet MESSAGE data 2["join_job",{"job_id":"9ddf039b-f9d3-4ae3-8e6e-e368669ac834"}]
2025-07-21 13:12:05,711 - socketio.server - INFO - received event "join_job" from EmM3-NlW3zXLQdmaAAAB [/]
2025-07-21 13:12:05,712 - socketio.server - INFO - EmM3-NlW3zXLQdmaAAAB is entering room 9ddf039b-f9d3-4ae3-8e6e-e368669ac834 [/]
2025-07-21 13:12:05,712 - __main__ - INFO - Client EmM3-NlW3zXLQdmaAAAB joined job room: 9ddf039b-f9d3-4ae3-8e6e-e368669ac834
2025-07-21 13:12:05,713 - socketio.server - INFO - emitting event "job_status" to EmM3-NlW3zXLQdmaAAAB [/]
2025-07-21 13:12:05,713 - engineio.server - INFO - kMi4kGylVihTOxhLAAAA: Sending packet MESSAGE data 2["job_status",{"job_id":"9ddf039b-f9d3-4ae3-8e6e-e368669ac834","status":"running","progress":0,"logs":[]}]
2025-07-21 13:12:06,208 - engineio.server - INFO - kMi4kGylVihTOxhLAAAA: Received packet MESSAGE data 2["get_job_status",{"job_id":"9ddf039b-f9d3-4ae3-8e6e-e368669ac834"}]
2025-07-21 13:12:06,209 - socketio.server - INFO - received event "get_job_status" from EmM3-NlW3zXLQdmaAAAB [/]
2025-07-21 13:12:06,209 - engineio.server - INFO - kMi4kGylVihTOxhLAAAA: Received packet MESSAGE data 2["get_job_logs_stream",{"job_id":"9ddf039b-f9d3-4ae3-8e6e-e368669ac834","limit":50}]
2025-07-21 13:12:06,210 - socketio.server - INFO - received event "get_job_logs_stream" from EmM3-NlW3zXLQdmaAAAB [/]
2025-07-21 13:12:06,705 - engineio.server - INFO - kMi4kGylVihTOxhLAAAA: Received packet MESSAGE data 2["leave_job",{"job_id":"9ddf039b-f9d3-4ae3-8e6e-e368669ac834"}]
2025-07-21 13:12:06,705 - socketio.server - INFO - received event "leave_job" from EmM3-NlW3zXLQdmaAAAB [/]
2025-07-21 13:12:06,706 - engineio.server - INFO - kMi4kGylVihTOxhLAAAA: Received packet MESSAGE data 2["join_job",{"job_id":"9ddf039b-f9d3-4ae3-8e6e-e368669ac834"}]
2025-07-21 13:12:06,707 - socketio.server - INFO - received event "join_job" from EmM3-NlW3zXLQdmaAAAB [/]
2025-07-21 13:12:06,707 - socketio.server - INFO - EmM3-NlW3zXLQdmaAAAB is leaving room 9ddf039b-f9d3-4ae3-8e6e-e368669ac834 [/]
2025-07-21 13:12:06,708 - __main__ - INFO - Client EmM3-NlW3zXLQdmaAAAB left job room: 9ddf039b-f9d3-4ae3-8e6e-e368669ac834
2025-07-21 13:12:06,709 - socketio.server - INFO - EmM3-NlW3zXLQdmaAAAB is entering room 9ddf039b-f9d3-4ae3-8e6e-e368669ac834 [/]
2025-07-21 13:12:06,709 - __main__ - INFO - Client EmM3-NlW3zXLQdmaAAAB joined job room: 9ddf039b-f9d3-4ae3-8e6e-e368669ac834
2025-07-21 13:12:06,710 - socketio.server - INFO - emitting event "job_status" to EmM3-NlW3zXLQdmaAAAB [/]
2025-07-21 13:12:06,710 - engineio.server - INFO - kMi4kGylVihTOxhLAAAA: Sending packet MESSAGE data 2["job_status",{"job_id":"9ddf039b-f9d3-4ae3-8e6e-e368669ac834","status":"running","progress":0,"logs":["[13:12:06] 13:12:06 | INFO     | Loaded 23287 cohort records","[13:12:06] 13:12:06 | INFO     | Retrieved 946 records for LOB: Mac","[13:12:06] 13:12:06 | INFO     | Generating Mac cohort planogram for flagship store","[13:12:06] 13:12:06 | INFO     | Loaded 23287 cohort records","[13:12:06] 13:12:06 | INFO     | Retrieved 946 records for LOB: Mac"]}]
2025-07-21 13:12:07,217 - engineio.server - INFO - kMi4kGylVihTOxhLAAAA: Received packet MESSAGE data 2["get_job_status",{"job_id":"9ddf039b-f9d3-4ae3-8e6e-e368669ac834"}]
2025-07-21 13:12:07,218 - socketio.server - INFO - received event "get_job_status" from EmM3-NlW3zXLQdmaAAAB [/]
2025-07-21 13:12:07,218 - engineio.server - INFO - kMi4kGylVihTOxhLAAAA: Received packet MESSAGE data 2["get_job_logs_stream",{"job_id":"9ddf039b-f9d3-4ae3-8e6e-e368669ac834","limit":50}]
2025-07-21 13:12:07,218 - socketio.server - INFO - received event "get_job_logs_stream" from EmM3-NlW3zXLQdmaAAAB [/]
2025-07-21 13:12:07,251 - socketio.server - INFO - emitting event "job_status" to 9ddf039b-f9d3-4ae3-8e6e-e368669ac834 [/]
2025-07-21 13:12:07,252 - engineio.server - INFO - kMi4kGylVihTOxhLAAAA: Sending packet MESSAGE data 2["job_status",{"job_id":"9ddf039b-f9d3-4ae3-8e6e-e368669ac834","status":"running","progress":95,"logs":["SUCCESS: Cohort planogram generated: output\\cohort_planograms\\mac_cohort_detailed_flagship.png"],"timestamp":"2025-07-21T13:12:07.251500"}]
2025-07-21 13:12:07,351 - socketio.server - INFO - emitting event "job_status" to 9ddf039b-f9d3-4ae3-8e6e-e368669ac834 [/]
2025-07-21 13:12:07,352 - engineio.server - INFO - kMi4kGylVihTOxhLAAAA: Sending packet MESSAGE data 2["job_status",{"job_id":"9ddf039b-f9d3-4ae3-8e6e-e368669ac834","status":"completed","progress":100,"logs":["Operation completed successfully"],"timestamp":"2025-07-21T13:12:07.351675"}]
2025-07-21 13:12:07,352 - socketio.server - INFO - emitting event "optimization_complete" to 9ddf039b-f9d3-4ae3-8e6e-e368669ac834 [/]
2025-07-21 13:12:07,352 - engineio.server - INFO - kMi4kGylVihTOxhLAAAA: Sending packet MESSAGE data 2["optimization_complete",{"job_id":"9ddf039b-f9d3-4ae3-8e6e-e368669ac834","result":{"success":true,"return_code":0,"files":[{"name":"iphone_cohort_detailed_flagship.png","type":"planogram","path":"cohort_planograms\\iphone_cohort_detailed_flagship.png","url":"/api/files/cohort_planograms/iphone_cohort_detailed_flagship.png","download_url":"/api/files/cohort_planograms/iphone_cohort_detailed_flagship.png/download"},{"name":"iphone_cohort_products_flagship.txt","type":"report","path":"cohort_planograms\\iphone_cohort_products_flagship.txt","url":"/api/files/cohort_planograms/iphone_cohort_products_flagship.txt","download_url":"/api/files/cohort_planograms/iphone_cohort_products_flagship.txt/download"},{"name":"mac_cohort_detailed_flagship.png","type":"planogram","path":"cohort_planograms\\mac_cohort_detailed_flagship.png","url":"/api/files/cohort_planograms/mac_cohort_detailed_flagship.png","download_url":"/api/files/cohort_planograms/mac_cohort_detailed_flagship.png/download"},{"name":"iphone_cohort_detailed_flagship.png","type":"planogram","path":"cohort_planograms\\iphone_cohort_detailed_flagship.png","url":"/api/files/cohort_planograms/iphone_cohort_detailed_flagship.png","download_url":"/api/files/cohort_planograms/iphone_cohort_detailed_flagship.png/download"},{"name":"iphone_cohort_products_flagship.txt","type":"report","path":"cohort_planograms\\iphone_cohort_products_flagship.txt","url":"/api/files/cohort_planograms/iphone_cohort_products_flagship.txt","download_url":"/api/files/cohort_planograms/iphone_cohort_products_flagship.txt/download"},{"name":"mac_cohort_detailed_flagship.png","type":"planogram","path":"cohort_planograms\\mac_cohort_detailed_flagship.png","url":"/api/files/cohort_planograms/mac_cohort_detailed_flagship.png","download_url":"/api/files/cohort_planograms/mac_cohort_detailed_flagship.png/download"}],"logs_count":9},"timestamp":"2025-07-21T13:12:07.352785"}]
2025-07-21 13:12:08,726 - engineio.server - INFO - kMi4kGylVihTOxhLAAAA: Received packet MESSAGE data 2["leave_job",{"job_id":"9ddf039b-f9d3-4ae3-8e6e-e368669ac834"}]
2025-07-21 13:12:08,727 - socketio.server - INFO - received event "leave_job" from EmM3-NlW3zXLQdmaAAAB [/]
2025-07-21 13:12:08,727 - socketio.server - INFO - EmM3-NlW3zXLQdmaAAAB is leaving room 9ddf039b-f9d3-4ae3-8e6e-e368669ac834 [/]
2025-07-21 13:12:08,727 - __main__ - INFO - Client EmM3-NlW3zXLQdmaAAAB left job room: 9ddf039b-f9d3-4ae3-8e6e-e368669ac834
2025-07-21 13:12:25,285 - engineio.server - INFO - kMi4kGylVihTOxhLAAAA: Sending packet PING data None
2025-07-21 13:12:46,265 - engineio.server - INFO - 6ZnBJ_7esM-vwAGXAAAC: Sending packet OPEN data {'sid': '6ZnBJ_7esM-vwAGXAAAC', 'upgrades': [], 'pingTimeout': 20000, 'pingInterval': 25000, 'maxPayload': 1000000}
2025-07-21 13:12:46,266 - engineio.server - INFO - 6ZnBJ_7esM-vwAGXAAAC: Received request to upgrade to websocket
2025-07-21 13:12:46,267 - engineio.server - INFO - 6ZnBJ_7esM-vwAGXAAAC: Upgrade to websocket successful
2025-07-21 13:12:46,269 - engineio.server - INFO - 6ZnBJ_7esM-vwAGXAAAC: Received packet MESSAGE data 0
2025-07-21 13:12:46,269 - __main__ - INFO - Client connected: 68o6WlWL76tpOlYqAAAD
2025-07-21 13:12:46,270 - socketio.server - INFO - emitting event "connected" to 68o6WlWL76tpOlYqAAAD [/]
2025-07-21 13:12:46,270 - engineio.server - INFO - 6ZnBJ_7esM-vwAGXAAAC: Sending packet MESSAGE data 2["connected",{"message":"Connected to Planogram API"}]
2025-07-21 13:12:46,270 - engineio.server - INFO - 6ZnBJ_7esM-vwAGXAAAC: Sending packet MESSAGE data 0{"sid":"68o6WlWL76tpOlYqAAAD"}
2025-07-21 13:12:51,715 - __main__ - INFO - Client disconnected: EmM3-NlW3zXLQdmaAAAB
2025-07-21 13:21:13,810 - engineio.server - INFO - Server initialized for eventlet.
2025-07-21 13:21:13,818 - __main__ - INFO - Starting simplified Planogram Web UI backend
2025-07-21 13:21:13,818 - __main__ - INFO - Project root: C:\Users\Shivansh Pal\Desktop\Planogram_Project
2025-07-21 13:21:13,830 - werkzeug - INFO -  * Restarting with watchdog (windowsapi)
2025-07-21 13:21:14,506 - engineio.server - INFO - Server initialized for eventlet.
2025-07-21 13:21:14,510 - __main__ - INFO - Starting simplified Planogram Web UI backend
2025-07-21 13:21:14,510 - __main__ - INFO - Project root: C:\Users\Shivansh Pal\Desktop\Planogram_Project
2025-07-21 13:21:14,520 - werkzeug - WARNING -  * Debugger is active!
2025-07-21 13:21:14,522 - werkzeug - INFO -  * Debugger PIN: 567-306-382
2025-07-21 13:21:18,159 - engineio.server - INFO - JIxCwaQpk8J7kdAtAAAA: Sending packet OPEN data {'sid': 'JIxCwaQpk8J7kdAtAAAA', 'upgrades': [], 'pingTimeout': 20000, 'pingInterval': 25000, 'maxPayload': 1000000}
2025-07-21 13:21:18,160 - engineio.server - INFO - JIxCwaQpk8J7kdAtAAAA: Received request to upgrade to websocket
2025-07-21 13:21:18,160 - engineio.server - INFO - JIxCwaQpk8J7kdAtAAAA: Upgrade to websocket successful
2025-07-21 13:21:18,162 - engineio.server - INFO - JIxCwaQpk8J7kdAtAAAA: Received packet MESSAGE data 0
2025-07-21 13:21:18,162 - __main__ - INFO - Client connected: GKnpyCm6rFLaKaVnAAAB
2025-07-21 13:21:18,162 - socketio.server - INFO - emitting event "connected" to GKnpyCm6rFLaKaVnAAAB [/]
2025-07-21 13:21:18,162 - engineio.server - INFO - JIxCwaQpk8J7kdAtAAAA: Sending packet MESSAGE data 2["connected",{"message":"Connected to Planogram API"}]
2025-07-21 13:21:18,163 - engineio.server - INFO - JIxCwaQpk8J7kdAtAAAA: Sending packet MESSAGE data 0{"sid":"GKnpyCm6rFLaKaVnAAAB"}
2025-07-21 13:21:24,379 - simple_runner - INFO - Created job 54d408a8-53be-4fc9-8e68-c0f84ec79536 of type cohort
2025-07-21 13:21:24,380 - socketio.server - INFO - emitting event "job_status" to 54d408a8-53be-4fc9-8e68-c0f84ec79536 [/]
2025-07-21 13:21:24,402 - engineio.server - INFO - JIxCwaQpk8J7kdAtAAAA: Received packet MESSAGE data 2["join_job",{"job_id":"54d408a8-53be-4fc9-8e68-c0f84ec79536"}]
2025-07-21 13:21:24,402 - socketio.server - INFO - received event "join_job" from GKnpyCm6rFLaKaVnAAAB [/]
2025-07-21 13:21:24,403 - socketio.server - INFO - GKnpyCm6rFLaKaVnAAAB is entering room 54d408a8-53be-4fc9-8e68-c0f84ec79536 [/]
2025-07-21 13:21:24,403 - __main__ - INFO - Client GKnpyCm6rFLaKaVnAAAB joined job room: 54d408a8-53be-4fc9-8e68-c0f84ec79536
2025-07-21 13:21:24,404 - socketio.server - INFO - emitting event "job_status" to GKnpyCm6rFLaKaVnAAAB [/]
2025-07-21 13:21:24,404 - engineio.server - INFO - JIxCwaQpk8J7kdAtAAAA: Sending packet MESSAGE data 2["job_status",{"job_id":"54d408a8-53be-4fc9-8e68-c0f84ec79536","status":"running","progress":0,"logs":[]}]
2025-07-21 13:21:24,896 - engineio.server - INFO - JIxCwaQpk8J7kdAtAAAA: Received packet MESSAGE data 2["get_job_status",{"job_id":"54d408a8-53be-4fc9-8e68-c0f84ec79536"}]
2025-07-21 13:21:24,897 - socketio.server - INFO - received event "get_job_status" from GKnpyCm6rFLaKaVnAAAB [/]
2025-07-21 13:21:24,897 - engineio.server - INFO - JIxCwaQpk8J7kdAtAAAA: Received packet MESSAGE data 2["get_job_logs_stream",{"job_id":"54d408a8-53be-4fc9-8e68-c0f84ec79536","limit":50}]
2025-07-21 13:21:24,897 - socketio.server - INFO - received event "get_job_logs_stream" from GKnpyCm6rFLaKaVnAAAB [/]
2025-07-21 13:21:25,019 - simple_runner - INFO - Job 54d408a8-53be-4fc9-8e68-c0f84ec79536: 13:21:25 | INFO     | Starting cohort planogram generation for iPhone - flagship
2025-07-21 13:21:25,039 - simple_runner - INFO - Job 54d408a8-53be-4fc9-8e68-c0f84ec79536: 13:21:25 | INFO     | Loaded 23287 cohort records
2025-07-21 13:21:25,043 - simple_runner - INFO - Job 54d408a8-53be-4fc9-8e68-c0f84ec79536: 13:21:25 | INFO     | Retrieved 18483 records for LOB: iPhone
2025-07-21 13:21:25,043 - simple_runner - INFO - Job 54d408a8-53be-4fc9-8e68-c0f84ec79536: 13:21:25 | INFO     | Generating iPhone cohort planogram for flagship store
2025-07-21 13:21:25,063 - simple_runner - INFO - Job 54d408a8-53be-4fc9-8e68-c0f84ec79536: 13:21:25 | INFO     | Loaded 23287 cohort records
2025-07-21 13:21:25,064 - simple_runner - INFO - Job 54d408a8-53be-4fc9-8e68-c0f84ec79536: 13:21:25 | INFO     | Retrieved 18483 records for LOB: iPhone
2025-07-21 13:21:25,066 - simple_runner - INFO - Job 54d408a8-53be-4fc9-8e68-c0f84ec79536: 13:21:25 | INFO     | Top 6 core products for iPhone: ['iPhone 16', 'iPhone 16 Pro Max', 'iPhone 15', 'iPhone 16 Pro', 'iPhone 16 Plus', 'iPhone 15 Pro Max']
2025-07-21 13:21:25,068 - simple_runner - INFO - Job 54d408a8-53be-4fc9-8e68-c0f84ec79536: 13:21:25 | INFO     | Top 8 accessory categories for iPhone: ['Screen Protector', 'Wallet', 'PopSocket', 'Stand', 'Ring Holder', 'Wireless Charger', 'Headphones', 'Cleaning Kit']
2025-07-21 13:21:25,073 - simple_runner - INFO - Job 54d408a8-53be-4fc9-8e68-c0f84ec79536: 13:21:25 | INFO     | Created cohort matrix: (8, 6)
2025-07-21 13:21:25,079 - simple_runner - INFO - Job 54d408a8-53be-4fc9-8e68-c0f84ec79536: 13:21:25 | INFO     | Retrieved top 8 cohort pairs
2025-07-21 13:21:25,080 - simple_runner - INFO - Job 54d408a8-53be-4fc9-8e68-c0f84ec79536: 13:21:25 | INFO     | Generated summary stats for iPhone
2025-07-21 13:21:25,080 - socketio.server - INFO - emitting event "job_status" to 54d408a8-53be-4fc9-8e68-c0f84ec79536 [/]
2025-07-21 13:21:25,081 - engineio.server - INFO - JIxCwaQpk8J7kdAtAAAA: Sending packet MESSAGE data 2["job_status",{"job_id":"54d408a8-53be-4fc9-8e68-c0f84ec79536","status":"running","progress":95,"logs":["13:21:25 | INFO     | Generated summary stats for iPhone"],"timestamp":"2025-07-21T13:21:25.080739"}]
2025-07-21 13:21:25,400 - engineio.server - INFO - JIxCwaQpk8J7kdAtAAAA: Received packet MESSAGE data 2["leave_job",{"job_id":"54d408a8-53be-4fc9-8e68-c0f84ec79536"}]
2025-07-21 13:21:25,400 - socketio.server - INFO - received event "leave_job" from GKnpyCm6rFLaKaVnAAAB [/]
2025-07-21 13:21:25,401 - engineio.server - INFO - JIxCwaQpk8J7kdAtAAAA: Received packet MESSAGE data 2["join_job",{"job_id":"54d408a8-53be-4fc9-8e68-c0f84ec79536"}]
2025-07-21 13:21:25,401 - socketio.server - INFO - received event "join_job" from GKnpyCm6rFLaKaVnAAAB [/]
2025-07-21 13:21:25,402 - socketio.server - INFO - GKnpyCm6rFLaKaVnAAAB is leaving room 54d408a8-53be-4fc9-8e68-c0f84ec79536 [/]
2025-07-21 13:21:25,403 - __main__ - INFO - Client GKnpyCm6rFLaKaVnAAAB left job room: 54d408a8-53be-4fc9-8e68-c0f84ec79536
2025-07-21 13:21:25,403 - socketio.server - INFO - GKnpyCm6rFLaKaVnAAAB is entering room 54d408a8-53be-4fc9-8e68-c0f84ec79536 [/]
2025-07-21 13:21:25,404 - __main__ - INFO - Client GKnpyCm6rFLaKaVnAAAB joined job room: 54d408a8-53be-4fc9-8e68-c0f84ec79536
2025-07-21 13:21:25,404 - socketio.server - INFO - emitting event "job_status" to GKnpyCm6rFLaKaVnAAAB [/]
2025-07-21 13:21:25,405 - engineio.server - INFO - JIxCwaQpk8J7kdAtAAAA: Sending packet MESSAGE data 2["job_status",{"job_id":"54d408a8-53be-4fc9-8e68-c0f84ec79536","status":"running","progress":0,"logs":["[13:21:25] 13:21:25 | INFO     | Top 6 core products for iPhone: ['iPhone 16', 'iPhone 16 Pro Max', 'iPhone 15', 'iPhone 16 Pro', 'iPhone 16 Plus', 'iPhone 15 Pro Max']","[13:21:25] 13:21:25 | INFO     | Top 8 accessory categories for iPhone: ['Screen Protector', 'Wallet', 'PopSocket', 'Stand', 'Ring Holder', 'Wireless Charger', 'Headphones', 'Cleaning Kit']","[13:21:25] 13:21:25 | INFO     | Created cohort matrix: (8, 6)","[13:21:25] 13:21:25 | INFO     | Retrieved top 8 cohort pairs","[13:21:25] 13:21:25 | INFO     | Generated summary stats for iPhone"]}]
2025-07-21 13:21:25,902 - engineio.server - INFO - JIxCwaQpk8J7kdAtAAAA: Received packet MESSAGE data 2["get_job_status",{"job_id":"54d408a8-53be-4fc9-8e68-c0f84ec79536"}]
2025-07-21 13:21:25,903 - socketio.server - INFO - received event "get_job_status" from GKnpyCm6rFLaKaVnAAAB [/]
2025-07-21 13:21:25,904 - engineio.server - INFO - JIxCwaQpk8J7kdAtAAAA: Received packet MESSAGE data 2["get_job_logs_stream",{"job_id":"54d408a8-53be-4fc9-8e68-c0f84ec79536","limit":50}]
2025-07-21 13:21:25,904 - socketio.server - INFO - received event "get_job_logs_stream" from GKnpyCm6rFLaKaVnAAAB [/]
2025-07-21 13:21:26,031 - simple_runner - INFO - Job 54d408a8-53be-4fc9-8e68-c0f84ec79536: 13:21:26 | INFO     | Saved planogram: output\cohort_planograms\iphone_cohort_detailed_flagship.png
2025-07-21 13:21:26,032 - socketio.server - INFO - emitting event "job_status" to 54d408a8-53be-4fc9-8e68-c0f84ec79536 [/]
2025-07-21 13:21:26,032 - engineio.server - INFO - JIxCwaQpk8J7kdAtAAAA: Sending packet MESSAGE data 2["job_status",{"job_id":"54d408a8-53be-4fc9-8e68-c0f84ec79536","status":"running","progress":90,"logs":["13:21:26 | INFO     | Saved planogram: output\\cohort_planograms\\iphone_cohort_detailed_flagship.png"],"timestamp":"2025-07-21T13:21:26.032202"}]
2025-07-21 13:21:26,033 - socketio.server - INFO - emitting event "job_status" to 54d408a8-53be-4fc9-8e68-c0f84ec79536 [/]
2025-07-21 13:21:26,033 - engineio.server - INFO - JIxCwaQpk8J7kdAtAAAA: Sending packet MESSAGE data 2["job_status",{"job_id":"54d408a8-53be-4fc9-8e68-c0f84ec79536","status":"running","progress":95,"logs":["13:21:26 | INFO     | Saved planogram: output\\cohort_planograms\\iphone_cohort_detailed_flagship.png"],"timestamp":"2025-07-21T13:21:26.033247"}]
2025-07-21 13:21:26,034 - simple_runner - INFO - Job 54d408a8-53be-4fc9-8e68-c0f84ec79536: 13:21:26 | INFO     | Generating detailed product list for iPhone cohort combinations
2025-07-21 13:21:26,072 - simple_runner - INFO - Job 54d408a8-53be-4fc9-8e68-c0f84ec79536: 13:21:26 | INFO     | Generated detailed product list: output\cohort_planograms\iphone_cohort_products_flagship.txt
2025-07-21 13:21:26,072 - socketio.server - INFO - emitting event "job_status" to 54d408a8-53be-4fc9-8e68-c0f84ec79536 [/]
2025-07-21 13:21:26,073 - engineio.server - INFO - JIxCwaQpk8J7kdAtAAAA: Sending packet MESSAGE data 2["job_status",{"job_id":"54d408a8-53be-4fc9-8e68-c0f84ec79536","status":"running","progress":95,"logs":["13:21:26 | INFO     | Generated detailed product list: output\\cohort_planograms\\iphone_cohort_products_flagship.txt"],"timestamp":"2025-07-21T13:21:26.072742"}]
2025-07-21 13:21:26,073 - simple_runner - INFO - Job 54d408a8-53be-4fc9-8e68-c0f84ec79536: 13:21:26 | INFO     | Successfully generated cohort planogram: output\cohort_planograms\iphone_cohort_detailed_flagship.png
2025-07-21 13:21:26,074 - simple_runner - INFO - Job 54d408a8-53be-4fc9-8e68-c0f84ec79536: Detailed product list generated: output\cohort_planograms\iphone_cohort_products_flagship.txt
2025-07-21 13:21:26,074 - simple_runner - INFO - Job 54d408a8-53be-4fc9-8e68-c0f84ec79536: SUCCESS: Cohort planogram generated: output\cohort_planograms\iphone_cohort_detailed_flagship.png
2025-07-21 13:21:26,074 - socketio.server - INFO - emitting event "job_status" to 54d408a8-53be-4fc9-8e68-c0f84ec79536 [/]
2025-07-21 13:21:26,075 - engineio.server - INFO - JIxCwaQpk8J7kdAtAAAA: Sending packet MESSAGE data 2["job_status",{"job_id":"54d408a8-53be-4fc9-8e68-c0f84ec79536","status":"running","progress":95,"logs":["SUCCESS: Cohort planogram generated: output\\cohort_planograms\\iphone_cohort_detailed_flagship.png"],"timestamp":"2025-07-21T13:21:26.074665"}]
2025-07-21 13:21:26,269 - simple_runner - INFO - Found 4 generated files for job 54d408a8-53be-4fc9-8e68-c0f84ec79536
2025-07-21 13:21:26,269 - socketio.server - INFO - emitting event "job_status" to 54d408a8-53be-4fc9-8e68-c0f84ec79536 [/]
2025-07-21 13:21:26,270 - engineio.server - INFO - JIxCwaQpk8J7kdAtAAAA: Sending packet MESSAGE data 2["job_status",{"job_id":"54d408a8-53be-4fc9-8e68-c0f84ec79536","status":"completed","progress":100,"logs":["Operation completed successfully"],"timestamp":"2025-07-21T13:21:26.269571"}]
2025-07-21 13:21:26,270 - socketio.server - INFO - emitting event "optimization_complete" to 54d408a8-53be-4fc9-8e68-c0f84ec79536 [/]
2025-07-21 13:21:26,270 - engineio.server - INFO - JIxCwaQpk8J7kdAtAAAA: Sending packet MESSAGE data 2["optimization_complete",{"job_id":"54d408a8-53be-4fc9-8e68-c0f84ec79536","result":{"success":true,"return_code":0,"files":[{"name":"iphone_cohort_detailed_flagship.png","type":"planogram","path":"cohort_planograms\\iphone_cohort_detailed_flagship.png","url":"/api/files/cohort_planograms/iphone_cohort_detailed_flagship.png","download_url":"/api/files/cohort_planograms/iphone_cohort_detailed_flagship.png/download","size":881837,"created":"2025-07-21T12:53:20.380267"},{"name":"iphone_cohort_products_flagship.txt","type":"product_list","path":"cohort_planograms\\iphone_cohort_products_flagship.txt","url":"/api/files/cohort_planograms/iphone_cohort_products_flagship.txt","download_url":"/api/files/cohort_planograms/iphone_cohort_products_flagship.txt/download","size":23268,"created":"2025-07-21T12:53:21.111476"},{"name":"iphone_cohort_detailed_flagship.png","type":"planogram","path":"cohort_planograms\\iphone_cohort_detailed_flagship.png","url":"/api/files/cohort_planograms/iphone_cohort_detailed_flagship.png","download_url":"/api/files/cohort_planograms/iphone_cohort_detailed_flagship.png/download","size":881837,"created":"2025-07-21T12:53:20.380267"},{"name":"iphone_cohort_products_flagship.txt","type":"product_list","path":"cohort_planograms\\iphone_cohort_products_flagship.txt","url":"/api/files/cohort_planograms/iphone_cohort_products_flagship.txt","download_url":"/api/files/cohort_planograms/iphone_cohort_products_flagship.txt/download","size":23268,"created":"2025-07-21T12:53:21.111476"}],"logs_count":17},"timestamp":"2025-07-21T13:21:26.270365"}]
2025-07-21 13:21:27,433 - engineio.server - INFO - JIxCwaQpk8J7kdAtAAAA: Received packet MESSAGE data 2["leave_job",{"job_id":"54d408a8-53be-4fc9-8e68-c0f84ec79536"}]
2025-07-21 13:21:27,433 - socketio.server - INFO - received event "leave_job" from GKnpyCm6rFLaKaVnAAAB [/]
2025-07-21 13:21:27,434 - socketio.server - INFO - GKnpyCm6rFLaKaVnAAAB is leaving room 54d408a8-53be-4fc9-8e68-c0f84ec79536 [/]
2025-07-21 13:21:27,434 - __main__ - INFO - Client GKnpyCm6rFLaKaVnAAAB left job room: 54d408a8-53be-4fc9-8e68-c0f84ec79536
2025-07-21 13:21:27,456 - __main__ - INFO - Job 54d408a8-53be-4fc9-8e68-c0f84ec79536: Found 0 planograms and 4 other files
2025-07-21 13:21:27,456 - __main__ - INFO - Job patterns: ['iphone_cohort_detailed_flagship', 'iphone_cohort_products_flagship', 'iphone_cohort_planogram_flagship', 'iphone_cohort_flagship']
2025-07-21 13:21:27,456 - __main__ - INFO - Other files: ['iphone_cohort_detailed_flagship.png', 'iphone_cohort_products_flagship.txt', 'iphone_cohort_detailed_flagship.png', 'iphone_cohort_products_flagship.txt']
2025-07-21 13:21:43,167 - engineio.server - INFO - JIxCwaQpk8J7kdAtAAAA: Sending packet PING data None
2025-07-21 13:22:05,674 - engineio.server - INFO - 7GYJ3kSxs92H5oGlAAAC: Sending packet OPEN data {'sid': '7GYJ3kSxs92H5oGlAAAC', 'upgrades': [], 'pingTimeout': 20000, 'pingInterval': 25000, 'maxPayload': 1000000}
2025-07-21 13:22:05,675 - engineio.server - INFO - 7GYJ3kSxs92H5oGlAAAC: Received request to upgrade to websocket
2025-07-21 13:22:05,675 - engineio.server - INFO - 7GYJ3kSxs92H5oGlAAAC: Upgrade to websocket successful
2025-07-21 13:22:05,676 - engineio.server - INFO - 7GYJ3kSxs92H5oGlAAAC: Received packet MESSAGE data 0
2025-07-21 13:22:05,677 - __main__ - INFO - Client connected: hGUVXPDRPPvLv5v-AAAD
2025-07-21 13:22:05,677 - socketio.server - INFO - emitting event "connected" to hGUVXPDRPPvLv5v-AAAD [/]
2025-07-21 13:22:05,678 - engineio.server - INFO - 7GYJ3kSxs92H5oGlAAAC: Sending packet MESSAGE data 2["connected",{"message":"Connected to Planogram API"}]
2025-07-21 13:22:05,678 - engineio.server - INFO - 7GYJ3kSxs92H5oGlAAAC: Sending packet MESSAGE data 0{"sid":"hGUVXPDRPPvLv5v-AAAD"}
2025-07-21 13:22:09,411 - __main__ - INFO - Client disconnected: GKnpyCm6rFLaKaVnAAAB
2025-07-21 13:22:30,688 - engineio.server - INFO - 7GYJ3kSxs92H5oGlAAAC: Sending packet PING data None
2025-07-21 13:22:30,689 - engineio.server - INFO - 7GYJ3kSxs92H5oGlAAAC: Received packet PONG data 
2025-07-21 13:22:55,705 - engineio.server - INFO - 7GYJ3kSxs92H5oGlAAAC: Sending packet PING data None
2025-07-21 13:22:55,709 - engineio.server - INFO - 7GYJ3kSxs92H5oGlAAAC: Received packet PONG data 
2025-07-21 13:23:20,718 - engineio.server - INFO - 7GYJ3kSxs92H5oGlAAAC: Sending packet PING data None
2025-07-21 13:23:20,719 - engineio.server - INFO - 7GYJ3kSxs92H5oGlAAAC: Received packet PONG data 
2025-07-21 13:23:34,471 - werkzeug - INFO -  * Detected change in 'C:\\Users\\Shivansh Pal\\Desktop\\Planogram_Project\\web-ui\\backend\\simple_runner.py', reloading
2025-07-21 13:23:34,472 - werkzeug - INFO -  * Detected change in 'C:\\Users\\Shivansh Pal\\Desktop\\Planogram_Project\\web-ui\\backend\\simple_runner.py', reloading
2025-07-21 13:23:34,694 - werkzeug - INFO -  * Restarting with watchdog (windowsapi)
2025-07-21 13:23:35,853 - engineio.server - INFO - Server initialized for eventlet.
2025-07-21 13:23:35,864 - __main__ - INFO - Starting simplified Planogram Web UI backend
2025-07-21 13:23:35,864 - __main__ - INFO - Project root: C:\Users\Shivansh Pal\Desktop\Planogram_Project
2025-07-21 13:23:35,878 - werkzeug - WARNING -  * Debugger is active!
2025-07-21 13:23:35,881 - werkzeug - INFO -  * Debugger PIN: 567-306-382
2025-07-21 13:23:36,687 - engineio.server - INFO - YCZNSqCCumnA0tzZAAAA: Sending packet OPEN data {'sid': 'YCZNSqCCumnA0tzZAAAA', 'upgrades': [], 'pingTimeout': 20000, 'pingInterval': 25000, 'maxPayload': 1000000}
2025-07-21 13:23:36,688 - engineio.server - INFO - YCZNSqCCumnA0tzZAAAA: Received request to upgrade to websocket
2025-07-21 13:23:36,689 - engineio.server - INFO - YCZNSqCCumnA0tzZAAAA: Upgrade to websocket successful
2025-07-21 13:23:36,691 - engineio.server - INFO - YCZNSqCCumnA0tzZAAAA: Received packet MESSAGE data 0
2025-07-21 13:23:36,691 - __main__ - INFO - Client connected: VNq63kxE-noRYMh4AAAB
2025-07-21 13:23:36,692 - socketio.server - INFO - emitting event "connected" to VNq63kxE-noRYMh4AAAB [/]
2025-07-21 13:23:36,692 - engineio.server - INFO - YCZNSqCCumnA0tzZAAAA: Sending packet MESSAGE data 2["connected",{"message":"Connected to Planogram API"}]
2025-07-21 13:23:36,692 - engineio.server - INFO - YCZNSqCCumnA0tzZAAAA: Sending packet MESSAGE data 0{"sid":"VNq63kxE-noRYMh4AAAB"}
2025-07-21 13:23:52,136 - werkzeug - INFO -  * Detected change in 'C:\\Users\\Shivansh Pal\\Desktop\\Planogram_Project\\web-ui\\backend\\simple_runner.py', reloading
2025-07-21 13:23:52,137 - werkzeug - INFO -  * Detected change in 'C:\\Users\\Shivansh Pal\\Desktop\\Planogram_Project\\web-ui\\backend\\simple_runner.py', reloading
2025-07-21 13:23:53,172 - werkzeug - INFO -  * Restarting with watchdog (windowsapi)
2025-07-21 13:23:54,096 - engineio.server - INFO - Server initialized for eventlet.
2025-07-21 13:23:54,109 - __main__ - INFO - Starting simplified Planogram Web UI backend
2025-07-21 13:23:54,109 - __main__ - INFO - Project root: C:\Users\Shivansh Pal\Desktop\Planogram_Project
2025-07-21 13:23:54,124 - werkzeug - WARNING -  * Debugger is active!
2025-07-21 13:23:54,127 - werkzeug - INFO -  * Debugger PIN: 567-306-382
2025-07-21 13:23:55,670 - engineio.server - INFO - bvJFhxc7A-MJr626AAAA: Sending packet OPEN data {'sid': 'bvJFhxc7A-MJr626AAAA', 'upgrades': [], 'pingTimeout': 20000, 'pingInterval': 25000, 'maxPayload': 1000000}
2025-07-21 13:23:55,671 - engineio.server - INFO - bvJFhxc7A-MJr626AAAA: Received request to upgrade to websocket
2025-07-21 13:23:55,671 - engineio.server - INFO - bvJFhxc7A-MJr626AAAA: Upgrade to websocket successful
2025-07-21 13:23:55,673 - engineio.server - INFO - bvJFhxc7A-MJr626AAAA: Received packet MESSAGE data 0
2025-07-21 13:23:55,674 - __main__ - INFO - Client connected: WaBKlU9fFQbAocuBAAAB
2025-07-21 13:23:55,674 - socketio.server - INFO - emitting event "connected" to WaBKlU9fFQbAocuBAAAB [/]
2025-07-21 13:23:55,675 - engineio.server - INFO - bvJFhxc7A-MJr626AAAA: Sending packet MESSAGE data 2["connected",{"message":"Connected to Planogram API"}]
2025-07-21 13:23:55,675 - engineio.server - INFO - bvJFhxc7A-MJr626AAAA: Sending packet MESSAGE data 0{"sid":"WaBKlU9fFQbAocuBAAAB"}
2025-07-21 13:24:19,905 - werkzeug - INFO -  * Detected change in 'C:\\Users\\Shivansh Pal\\Desktop\\Planogram_Project\\web-ui\\backend\\simple_app.py', reloading
2025-07-21 13:24:19,906 - werkzeug - INFO -  * Detected change in 'C:\\Users\\Shivansh Pal\\Desktop\\Planogram_Project\\web-ui\\backend\\simple_app.py', reloading
2025-07-21 13:24:20,502 - werkzeug - INFO -  * Restarting with watchdog (windowsapi)
2025-07-21 13:24:21,504 - engineio.server - INFO - Server initialized for eventlet.
2025-07-21 13:24:21,510 - __main__ - INFO - Starting simplified Planogram Web UI backend
2025-07-21 13:24:21,511 - __main__ - INFO - Project root: C:\Users\Shivansh Pal\Desktop\Planogram_Project
2025-07-21 13:24:21,525 - werkzeug - WARNING -  * Debugger is active!
2025-07-21 13:24:21,527 - werkzeug - INFO -  * Debugger PIN: 567-306-382
2025-07-21 13:24:22,684 - engineio.server - INFO - WV_2jYQ2N9EMNRywAAAA: Sending packet OPEN data {'sid': 'WV_2jYQ2N9EMNRywAAAA', 'upgrades': [], 'pingTimeout': 20000, 'pingInterval': 25000, 'maxPayload': 1000000}
2025-07-21 13:24:22,684 - engineio.server - INFO - WV_2jYQ2N9EMNRywAAAA: Received request to upgrade to websocket
2025-07-21 13:24:22,684 - engineio.server - INFO - WV_2jYQ2N9EMNRywAAAA: Upgrade to websocket successful
2025-07-21 13:24:22,686 - engineio.server - INFO - WV_2jYQ2N9EMNRywAAAA: Received packet MESSAGE data 0
2025-07-21 13:24:22,687 - __main__ - INFO - Client connected: 1tnszCA4skQXKOikAAAB
2025-07-21 13:24:22,687 - socketio.server - INFO - emitting event "connected" to 1tnszCA4skQXKOikAAAB [/]
2025-07-21 13:24:22,688 - engineio.server - INFO - WV_2jYQ2N9EMNRywAAAA: Sending packet MESSAGE data 2["connected",{"message":"Connected to Planogram API"}]
2025-07-21 13:24:22,688 - engineio.server - INFO - WV_2jYQ2N9EMNRywAAAA: Sending packet MESSAGE data 0{"sid":"1tnszCA4skQXKOikAAAB"}
2025-07-21 13:24:34,154 - werkzeug - INFO -  * Detected change in 'C:\\Users\\Shivansh Pal\\Desktop\\Planogram_Project\\web-ui\\backend\\simple_app.py', reloading
2025-07-21 13:24:34,155 - werkzeug - INFO -  * Detected change in 'C:\\Users\\Shivansh Pal\\Desktop\\Planogram_Project\\web-ui\\backend\\simple_app.py', reloading
2025-07-21 13:24:34,156 - werkzeug - INFO -  * Detected change in 'C:\\Users\\Shivansh Pal\\Desktop\\Planogram_Project\\web-ui\\backend\\simple_app.py', reloading
2025-07-21 13:24:34,776 - werkzeug - INFO -  * Restarting with watchdog (windowsapi)
2025-07-21 13:24:35,906 - engineio.server - INFO - Server initialized for eventlet.
2025-07-21 13:24:35,912 - __main__ - INFO - Starting simplified Planogram Web UI backend
2025-07-21 13:24:35,913 - __main__ - INFO - Project root: C:\Users\Shivansh Pal\Desktop\Planogram_Project
2025-07-21 13:24:35,926 - werkzeug - WARNING -  * Debugger is active!
2025-07-21 13:24:35,929 - werkzeug - INFO -  * Debugger PIN: 567-306-382
2025-07-21 13:24:36,715 - engineio.server - INFO - DqIIu5GMySLjz1qMAAAA: Sending packet OPEN data {'sid': 'DqIIu5GMySLjz1qMAAAA', 'upgrades': [], 'pingTimeout': 20000, 'pingInterval': 25000, 'maxPayload': 1000000}
2025-07-21 13:24:36,716 - engineio.server - INFO - DqIIu5GMySLjz1qMAAAA: Received request to upgrade to websocket
2025-07-21 13:24:36,717 - engineio.server - INFO - DqIIu5GMySLjz1qMAAAA: Upgrade to websocket successful
2025-07-21 13:24:36,719 - engineio.server - INFO - DqIIu5GMySLjz1qMAAAA: Received packet MESSAGE data 0
2025-07-21 13:24:36,720 - __main__ - INFO - Client connected: OEMpIFpmoRZZWEhDAAAB
2025-07-21 13:24:36,720 - socketio.server - INFO - emitting event "connected" to OEMpIFpmoRZZWEhDAAAB [/]
2025-07-21 13:24:36,721 - engineio.server - INFO - DqIIu5GMySLjz1qMAAAA: Sending packet MESSAGE data 2["connected",{"message":"Connected to Planogram API"}]
2025-07-21 13:24:36,721 - engineio.server - INFO - DqIIu5GMySLjz1qMAAAA: Sending packet MESSAGE data 0{"sid":"OEMpIFpmoRZZWEhDAAAB"}
2025-07-21 13:24:44,608 - engineio.server - INFO - Server initialized for eventlet.
2025-07-21 13:24:44,613 - __main__ - INFO - Starting simplified Planogram Web UI backend
2025-07-21 13:24:44,613 - __main__ - INFO - Project root: c:\Users\Shivansh Pal\Desktop\Planogram_Project
2025-07-21 13:24:44,627 - werkzeug - INFO -  * Restarting with watchdog (windowsapi)
2025-07-21 13:24:45,893 - engineio.server - INFO - Server initialized for eventlet.
2025-07-21 13:24:45,899 - __main__ - INFO - Starting simplified Planogram Web UI backend
2025-07-21 13:24:45,899 - __main__ - INFO - Project root: c:\Users\Shivansh Pal\Desktop\Planogram_Project
2025-07-21 13:24:45,912 - werkzeug - WARNING -  * Debugger is active!
2025-07-21 13:24:45,915 - werkzeug - INFO -  * Debugger PIN: 567-306-382
2025-07-21 13:25:01,721 - engineio.server - INFO - DqIIu5GMySLjz1qMAAAA: Sending packet PING data None
2025-07-21 13:25:01,723 - engineio.server - INFO - DqIIu5GMySLjz1qMAAAA: Received packet PONG data 
2025-07-21 13:25:26,727 - engineio.server - INFO - DqIIu5GMySLjz1qMAAAA: Sending packet PING data None
2025-07-21 13:25:26,729 - engineio.server - INFO - DqIIu5GMySLjz1qMAAAA: Received packet PONG data 
2025-07-21 13:25:51,741 - engineio.server - INFO - DqIIu5GMySLjz1qMAAAA: Sending packet PING data None
2025-07-21 13:25:51,743 - engineio.server - INFO - DqIIu5GMySLjz1qMAAAA: Received packet PONG data 
2025-07-21 13:26:16,754 - engineio.server - INFO - DqIIu5GMySLjz1qMAAAA: Sending packet PING data None
2025-07-21 13:26:16,758 - engineio.server - INFO - DqIIu5GMySLjz1qMAAAA: Received packet PONG data 
2025-07-21 13:26:41,761 - engineio.server - INFO - DqIIu5GMySLjz1qMAAAA: Sending packet PING data None
2025-07-21 13:26:41,763 - engineio.server - INFO - DqIIu5GMySLjz1qMAAAA: Received packet PONG data 
2025-07-21 13:27:06,769 - engineio.server - INFO - DqIIu5GMySLjz1qMAAAA: Sending packet PING data None
2025-07-21 13:27:06,771 - engineio.server - INFO - DqIIu5GMySLjz1qMAAAA: Received packet PONG data 
2025-07-21 13:27:52,081 - engineio.server - INFO - Server initialized for eventlet.
2025-07-21 13:27:52,090 - __main__ - INFO - Starting simplified Planogram Web UI backend
2025-07-21 13:27:52,090 - __main__ - INFO - Project root: c:\Users\Shivansh Pal\Desktop\Planogram_Project
2025-07-21 13:27:52,209 - werkzeug - INFO -  * Restarting with watchdog (windowsapi)
2025-07-21 13:27:53,573 - engineio.server - INFO - Server initialized for eventlet.
2025-07-21 13:27:53,580 - __main__ - INFO - Starting simplified Planogram Web UI backend
2025-07-21 13:27:53,580 - __main__ - INFO - Project root: c:\Users\Shivansh Pal\Desktop\Planogram_Project
2025-07-21 13:27:53,601 - werkzeug - WARNING -  * Debugger is active!
2025-07-21 13:27:53,605 - werkzeug - INFO -  * Debugger PIN: 567-306-382
2025-07-21 13:27:53,737 - engineio.server - INFO - kTPFEfm7DfOK1niDAAAA: Sending packet OPEN data {'sid': 'kTPFEfm7DfOK1niDAAAA', 'upgrades': [], 'pingTimeout': 20000, 'pingInterval': 25000, 'maxPayload': 1000000}
2025-07-21 13:27:53,737 - engineio.server - INFO - kTPFEfm7DfOK1niDAAAA: Received request to upgrade to websocket
2025-07-21 13:27:53,738 - engineio.server - INFO - kTPFEfm7DfOK1niDAAAA: Upgrade to websocket successful
2025-07-21 13:27:53,740 - engineio.server - INFO - kTPFEfm7DfOK1niDAAAA: Received packet MESSAGE data 0
2025-07-21 13:27:53,741 - __main__ - INFO - Client connected: A6DKYLBbHg2yTD1LAAAB
2025-07-21 13:27:53,741 - socketio.server - INFO - emitting event "connected" to A6DKYLBbHg2yTD1LAAAB [/]
2025-07-21 13:27:53,741 - engineio.server - INFO - kTPFEfm7DfOK1niDAAAA: Sending packet MESSAGE data 2["connected",{"message":"Connected to Planogram API"}]
2025-07-21 13:27:53,741 - engineio.server - INFO - kTPFEfm7DfOK1niDAAAA: Sending packet MESSAGE data 0{"sid":"A6DKYLBbHg2yTD1LAAAB"}
2025-07-21 13:28:18,750 - engineio.server - INFO - kTPFEfm7DfOK1niDAAAA: Sending packet PING data None
2025-07-21 13:28:18,752 - engineio.server - INFO - kTPFEfm7DfOK1niDAAAA: Received packet PONG data 
2025-07-21 13:28:43,765 - engineio.server - INFO - kTPFEfm7DfOK1niDAAAA: Sending packet PING data None
2025-07-21 13:28:43,767 - engineio.server - INFO - kTPFEfm7DfOK1niDAAAA: Received packet PONG data 
2025-07-21 13:28:43,980 - __main__ - INFO - Client disconnected: A6DKYLBbHg2yTD1LAAAB
2025-07-21 13:28:44,405 - engineio.server - INFO - YWhHXPlfTxhcbs2wAAAC: Sending packet OPEN data {'sid': 'YWhHXPlfTxhcbs2wAAAC', 'upgrades': [], 'pingTimeout': 20000, 'pingInterval': 25000, 'maxPayload': 1000000}
2025-07-21 13:28:44,405 - engineio.server - INFO - YWhHXPlfTxhcbs2wAAAC: Received request to upgrade to websocket
2025-07-21 13:28:44,405 - engineio.server - INFO - YWhHXPlfTxhcbs2wAAAC: Upgrade to websocket successful
2025-07-21 13:28:44,407 - engineio.server - INFO - YWhHXPlfTxhcbs2wAAAC: Received packet MESSAGE data 0
2025-07-21 13:28:44,407 - __main__ - INFO - Client connected: gYRGBUrQ2lom-SbxAAAD
2025-07-21 13:28:44,407 - socketio.server - INFO - emitting event "connected" to gYRGBUrQ2lom-SbxAAAD [/]
2025-07-21 13:28:44,408 - engineio.server - INFO - YWhHXPlfTxhcbs2wAAAC: Sending packet MESSAGE data 2["connected",{"message":"Connected to Planogram API"}]
2025-07-21 13:28:44,408 - engineio.server - INFO - YWhHXPlfTxhcbs2wAAAC: Sending packet MESSAGE data 0{"sid":"gYRGBUrQ2lom-SbxAAAD"}
2025-07-21 13:28:52,316 - simple_runner - INFO - Created job 87dc44da-3016-4f5c-8806-51ee813bba30 of type cohort
2025-07-21 13:28:52,317 - socketio.server - INFO - emitting event "job_status" to 87dc44da-3016-4f5c-8806-51ee813bba30 [/]
2025-07-21 13:28:52,341 - engineio.server - INFO - YWhHXPlfTxhcbs2wAAAC: Received packet MESSAGE data 2["join_job",{"job_id":"87dc44da-3016-4f5c-8806-51ee813bba30"}]
2025-07-21 13:28:52,341 - socketio.server - INFO - received event "join_job" from gYRGBUrQ2lom-SbxAAAD [/]
2025-07-21 13:28:52,341 - socketio.server - INFO - gYRGBUrQ2lom-SbxAAAD is entering room 87dc44da-3016-4f5c-8806-51ee813bba30 [/]
2025-07-21 13:28:52,342 - __main__ - INFO - Client gYRGBUrQ2lom-SbxAAAD joined job room: 87dc44da-3016-4f5c-8806-51ee813bba30
2025-07-21 13:28:52,342 - socketio.server - INFO - emitting event "job_status" to gYRGBUrQ2lom-SbxAAAD [/]
2025-07-21 13:28:52,342 - engineio.server - INFO - YWhHXPlfTxhcbs2wAAAC: Sending packet MESSAGE data 2["job_status",{"job_id":"87dc44da-3016-4f5c-8806-51ee813bba30","status":"running","progress":0,"logs":[]}]
2025-07-21 13:28:52,835 - engineio.server - INFO - YWhHXPlfTxhcbs2wAAAC: Received packet MESSAGE data 2["get_job_status",{"job_id":"87dc44da-3016-4f5c-8806-51ee813bba30"}]
2025-07-21 13:28:52,835 - socketio.server - INFO - received event "get_job_status" from gYRGBUrQ2lom-SbxAAAD [/]
2025-07-21 13:28:52,836 - engineio.server - INFO - YWhHXPlfTxhcbs2wAAAC: Received packet MESSAGE data 2["get_job_logs_stream",{"job_id":"87dc44da-3016-4f5c-8806-51ee813bba30","limit":50}]
2025-07-21 13:28:52,836 - socketio.server - INFO - received event "get_job_logs_stream" from gYRGBUrQ2lom-SbxAAAD [/]
2025-07-21 13:28:53,366 - engineio.server - INFO - YWhHXPlfTxhcbs2wAAAC: Received packet MESSAGE data 2["leave_job",{"job_id":"87dc44da-3016-4f5c-8806-51ee813bba30"}]
2025-07-21 13:28:53,366 - socketio.server - INFO - received event "leave_job" from gYRGBUrQ2lom-SbxAAAD [/]
2025-07-21 13:28:53,367 - socketio.server - INFO - gYRGBUrQ2lom-SbxAAAD is leaving room 87dc44da-3016-4f5c-8806-51ee813bba30 [/]
2025-07-21 13:28:53,367 - __main__ - INFO - Client gYRGBUrQ2lom-SbxAAAD left job room: 87dc44da-3016-4f5c-8806-51ee813bba30
2025-07-21 13:28:53,367 - engineio.server - INFO - YWhHXPlfTxhcbs2wAAAC: Received packet MESSAGE data 2["join_job",{"job_id":"87dc44da-3016-4f5c-8806-51ee813bba30"}]
2025-07-21 13:28:53,368 - socketio.server - INFO - received event "join_job" from gYRGBUrQ2lom-SbxAAAD [/]
2025-07-21 13:28:53,368 - socketio.server - INFO - gYRGBUrQ2lom-SbxAAAD is entering room 87dc44da-3016-4f5c-8806-51ee813bba30 [/]
2025-07-21 13:28:53,368 - __main__ - INFO - Client gYRGBUrQ2lom-SbxAAAD joined job room: 87dc44da-3016-4f5c-8806-51ee813bba30
2025-07-21 13:28:53,373 - socketio.server - INFO - emitting event "job_status" to gYRGBUrQ2lom-SbxAAAD [/]
2025-07-21 13:28:53,373 - engineio.server - INFO - YWhHXPlfTxhcbs2wAAAC: Sending packet MESSAGE data 2["job_status",{"job_id":"87dc44da-3016-4f5c-8806-51ee813bba30","status":"running","progress":0,"logs":[]}]
2025-07-21 13:28:53,877 - engineio.server - INFO - YWhHXPlfTxhcbs2wAAAC: Received packet MESSAGE data 2["get_job_status",{"job_id":"87dc44da-3016-4f5c-8806-51ee813bba30"}]
2025-07-21 13:28:53,877 - socketio.server - INFO - received event "get_job_status" from gYRGBUrQ2lom-SbxAAAD [/]
2025-07-21 13:28:53,877 - engineio.server - INFO - YWhHXPlfTxhcbs2wAAAC: Received packet MESSAGE data 2["get_job_logs_stream",{"job_id":"87dc44da-3016-4f5c-8806-51ee813bba30","limit":50}]
2025-07-21 13:28:53,878 - socketio.server - INFO - received event "get_job_logs_stream" from gYRGBUrQ2lom-SbxAAAD [/]
2025-07-21 13:28:54,200 - simple_runner - INFO - Job 87dc44da-3016-4f5c-8806-51ee813bba30: 13:28:54 | INFO     | Starting cohort planogram generation for Watch - flagship
2025-07-21 13:28:54,201 - socketio.server - INFO - emitting event "job_status" to 87dc44da-3016-4f5c-8806-51ee813bba30 [/]
2025-07-21 13:28:54,202 - engineio.server - INFO - YWhHXPlfTxhcbs2wAAAC: Sending packet MESSAGE data 2["job_status",{"job_id":"87dc44da-3016-4f5c-8806-51ee813bba30","status":"running","progress":25,"logs":["13:28:54 | INFO     | Starting cohort planogram generation for Watch - flagship"],"timestamp":"2025-07-21T13:28:54.201258"}]
2025-07-21 13:28:54,281 - simple_runner - INFO - Job 87dc44da-3016-4f5c-8806-51ee813bba30: 13:28:54 | INFO     | Loaded 23287 cohort records
2025-07-21 13:28:54,291 - simple_runner - INFO - Job 87dc44da-3016-4f5c-8806-51ee813bba30: 13:28:54 | INFO     | Retrieved 1419 records for LOB: Watch
2025-07-21 13:28:54,291 - simple_runner - INFO - Job 87dc44da-3016-4f5c-8806-51ee813bba30: 13:28:54 | INFO     | Generating Watch cohort planogram for flagship store
2025-07-21 13:28:55,239 - simple_runner - INFO - Job 87dc44da-3016-4f5c-8806-51ee813bba30: 13:28:55 | INFO     | Saved planogram: output\cohort_planograms\watch_cohort_detailed_flagship.png
2025-07-21 13:28:55,239 - socketio.server - INFO - emitting event "job_status" to 87dc44da-3016-4f5c-8806-51ee813bba30 [/]
2025-07-21 13:28:55,240 - engineio.server - INFO - YWhHXPlfTxhcbs2wAAAC: Sending packet MESSAGE data 2["job_status",{"job_id":"87dc44da-3016-4f5c-8806-51ee813bba30","status":"running","progress":30,"logs":["13:28:55 | INFO     | Saved planogram: output\\cohort_planograms\\watch_cohort_detailed_flagship.png"],"timestamp":"2025-07-21T13:28:55.239483"}]
2025-07-21 13:28:55,240 - socketio.server - INFO - emitting event "job_status" to 87dc44da-3016-4f5c-8806-51ee813bba30 [/]
2025-07-21 13:28:55,241 - engineio.server - INFO - YWhHXPlfTxhcbs2wAAAC: Sending packet MESSAGE data 2["job_status",{"job_id":"87dc44da-3016-4f5c-8806-51ee813bba30","status":"running","progress":95,"logs":["13:28:55 | INFO     | Saved planogram: output\\cohort_planograms\\watch_cohort_detailed_flagship.png"],"timestamp":"2025-07-21T13:28:55.240665"}]
2025-07-21 13:28:55,241 - simple_runner - INFO - Job 87dc44da-3016-4f5c-8806-51ee813bba30: 13:28:55 | INFO     | Successfully generated cohort planogram: output\cohort_planograms\watch_cohort_detailed_flagship.png
2025-07-21 13:28:55,241 - simple_runner - INFO - Job 87dc44da-3016-4f5c-8806-51ee813bba30: SUCCESS: Cohort planogram generated: output\cohort_planograms\watch_cohort_detailed_flagship.png
2025-07-21 13:28:55,241 - socketio.server - INFO - emitting event "job_status" to 87dc44da-3016-4f5c-8806-51ee813bba30 [/]
2025-07-21 13:28:55,242 - engineio.server - INFO - YWhHXPlfTxhcbs2wAAAC: Sending packet MESSAGE data 2["job_status",{"job_id":"87dc44da-3016-4f5c-8806-51ee813bba30","status":"running","progress":95,"logs":["SUCCESS: Cohort planogram generated: output\\cohort_planograms\\watch_cohort_detailed_flagship.png"],"timestamp":"2025-07-21T13:28:55.241950"}]
2025-07-21 13:28:55,470 - simple_runner - INFO - Found 2 generated files for job 87dc44da-3016-4f5c-8806-51ee813bba30
2025-07-21 13:28:55,470 - socketio.server - INFO - emitting event "job_status" to 87dc44da-3016-4f5c-8806-51ee813bba30 [/]
2025-07-21 13:28:55,470 - engineio.server - INFO - YWhHXPlfTxhcbs2wAAAC: Sending packet MESSAGE data 2["job_status",{"job_id":"87dc44da-3016-4f5c-8806-51ee813bba30","status":"completed","progress":100,"logs":["Operation completed successfully"],"timestamp":"2025-07-21T13:28:55.470592"}]
2025-07-21 13:28:55,471 - socketio.server - INFO - emitting event "optimization_complete" to 87dc44da-3016-4f5c-8806-51ee813bba30 [/]
2025-07-21 13:28:55,471 - engineio.server - INFO - YWhHXPlfTxhcbs2wAAAC: Sending packet MESSAGE data 2["optimization_complete",{"job_id":"87dc44da-3016-4f5c-8806-51ee813bba30","result":{"success":true,"return_code":0,"files":[{"name":"watch_cohort_detailed_flagship.png","type":"planogram","path":"cohort_planograms\\watch_cohort_detailed_flagship.png","url":"/api/files/cohort_planograms/watch_cohort_detailed_flagship.png","download_url":"/api/files/cohort_planograms/watch_cohort_detailed_flagship.png/download","size":232471,"created":"2025-07-21T13:28:54.586279"},{"name":"watch_cohort_detailed_flagship.png","type":"planogram","path":"cohort_planograms\\watch_cohort_detailed_flagship.png","url":"/api/files/cohort_planograms/watch_cohort_detailed_flagship.png","download_url":"/api/files/cohort_planograms/watch_cohort_detailed_flagship.png/download","size":232471,"created":"2025-07-21T13:28:54.586279"}],"logs_count":7,"metrics":{"products_placed":0,"products_rejected":0,"average_utilization":85.0,"categories_processed":0,"models_processed":0},"products_placed":0,"products_rejected":0,"warnings":[]},"timestamp":"2025-07-21T13:28:55.471015"}]
2025-07-21 13:28:57,385 - engineio.server - INFO - YWhHXPlfTxhcbs2wAAAC: Received packet MESSAGE data 2["leave_job",{"job_id":"87dc44da-3016-4f5c-8806-51ee813bba30"}]
2025-07-21 13:28:57,385 - socketio.server - INFO - received event "leave_job" from gYRGBUrQ2lom-SbxAAAD [/]
2025-07-21 13:28:57,386 - socketio.server - INFO - gYRGBUrQ2lom-SbxAAAD is leaving room 87dc44da-3016-4f5c-8806-51ee813bba30 [/]
2025-07-21 13:28:57,386 - __main__ - INFO - Client gYRGBUrQ2lom-SbxAAAD left job room: 87dc44da-3016-4f5c-8806-51ee813bba30
2025-07-21 13:28:57,414 - __main__ - INFO - Job 87dc44da-3016-4f5c-8806-51ee813bba30: Found 0 planograms and 2 other files
2025-07-21 13:28:57,414 - __main__ - INFO - Job patterns: ['watch_cohort_detailed_flagship', 'watch_cohort_products_flagship', 'watch_cohort_planogram_flagship', 'watch_cohort_flagship']
2025-07-21 13:28:57,414 - __main__ - INFO - Job start time: 1753084732.317269 (2025-07-21 13:28:52.317269)
2025-07-21 13:28:57,414 - __main__ - INFO - Other files: ['watch_cohort_detailed_flagship.png', 'watch_cohort_detailed_flagship.png']
2025-07-21 13:29:09,410 - engineio.server - INFO - YWhHXPlfTxhcbs2wAAAC: Sending packet PING data None
2025-07-21 13:29:31,677 - engineio.server - INFO - ljqgaf9_RebK-noAAAAE: Sending packet OPEN data {'sid': 'ljqgaf9_RebK-noAAAAE', 'upgrades': [], 'pingTimeout': 20000, 'pingInterval': 25000, 'maxPayload': 1000000}
2025-07-21 13:29:31,677 - engineio.server - INFO - ljqgaf9_RebK-noAAAAE: Received request to upgrade to websocket
2025-07-21 13:29:31,678 - engineio.server - INFO - ljqgaf9_RebK-noAAAAE: Upgrade to websocket successful
2025-07-21 13:29:31,681 - engineio.server - INFO - ljqgaf9_RebK-noAAAAE: Received packet MESSAGE data 0
2025-07-21 13:29:31,682 - __main__ - INFO - Client connected: 2X5Lfbd-_HOYrHVfAAAF
2025-07-21 13:29:31,682 - socketio.server - INFO - emitting event "connected" to 2X5Lfbd-_HOYrHVfAAAF [/]
2025-07-21 13:29:31,682 - engineio.server - INFO - ljqgaf9_RebK-noAAAAE: Sending packet MESSAGE data 2["connected",{"message":"Connected to Planogram API"}]
2025-07-21 13:29:31,682 - engineio.server - INFO - ljqgaf9_RebK-noAAAAE: Sending packet MESSAGE data 0{"sid":"2X5Lfbd-_HOYrHVfAAAF"}
2025-07-21 13:29:33,808 - engineio.server - INFO - YWhHXPlfTxhcbs2wAAAC: Client is gone, closing socket
2025-07-21 13:29:33,809 - __main__ - INFO - Client disconnected: gYRGBUrQ2lom-SbxAAAD
2025-07-21 13:29:33,809 - engineio.server - INFO - YWhHXPlfTxhcbs2wAAAC: Client is gone, closing socket
2025-07-21 13:29:56,679 - engineio.server - INFO - ljqgaf9_RebK-noAAAAE: Sending packet PING data None
2025-07-21 13:29:56,680 - engineio.server - INFO - ljqgaf9_RebK-noAAAAE: Received packet PONG data 
2025-07-21 13:29:56,726 - simple_runner - INFO - Created job 82f1bc76-0092-43b9-9970-2915b45a6b14 of type lob
2025-07-21 13:29:56,729 - socketio.server - INFO - emitting event "job_status" to 82f1bc76-0092-43b9-9970-2915b45a6b14 [/]
2025-07-21 13:29:56,752 - engineio.server - INFO - ljqgaf9_RebK-noAAAAE: Received packet MESSAGE data 2["join_job",{"job_id":"82f1bc76-0092-43b9-9970-2915b45a6b14"}]
2025-07-21 13:29:56,752 - socketio.server - INFO - received event "join_job" from 2X5Lfbd-_HOYrHVfAAAF [/]
2025-07-21 13:29:56,753 - socketio.server - INFO - 2X5Lfbd-_HOYrHVfAAAF is entering room 82f1bc76-0092-43b9-9970-2915b45a6b14 [/]
2025-07-21 13:29:56,753 - __main__ - INFO - Client 2X5Lfbd-_HOYrHVfAAAF joined job room: 82f1bc76-0092-43b9-9970-2915b45a6b14
2025-07-21 13:29:56,753 - socketio.server - INFO - emitting event "job_status" to 2X5Lfbd-_HOYrHVfAAAF [/]
2025-07-21 13:29:56,753 - engineio.server - INFO - ljqgaf9_RebK-noAAAAE: Sending packet MESSAGE data 2["job_status",{"job_id":"82f1bc76-0092-43b9-9970-2915b45a6b14","status":"running","progress":0,"logs":[]}]
2025-07-21 13:29:56,795 - werkzeug - INFO -  * Detected change in 'c:\\Users\\Shivansh Pal\\Desktop\\Planogram_Project\\main.py', reloading
2025-07-21 13:29:57,246 - engineio.server - INFO - ljqgaf9_RebK-noAAAAE: Received packet MESSAGE data 2["get_job_status",{"job_id":"82f1bc76-0092-43b9-9970-2915b45a6b14"}]
2025-07-21 13:29:57,246 - socketio.server - INFO - received event "get_job_status" from 2X5Lfbd-_HOYrHVfAAAF [/]
2025-07-21 13:29:57,246 - engineio.server - INFO - ljqgaf9_RebK-noAAAAE: Received packet MESSAGE data 2["get_job_logs_stream",{"job_id":"82f1bc76-0092-43b9-9970-2915b45a6b14","limit":50}]
2025-07-21 13:29:57,247 - socketio.server - INFO - received event "get_job_logs_stream" from 2X5Lfbd-_HOYrHVfAAAF [/]
2025-07-21 13:29:57,256 - werkzeug - INFO -  * Restarting with watchdog (windowsapi)
2025-07-21 13:29:57,716 - werkzeug - INFO -  * Restarting with watchdog (windowsapi)
2025-07-21 13:29:58,063 - engineio.server - INFO - Server initialized for eventlet.
2025-07-21 13:29:58,067 - __main__ - INFO - Starting simplified Planogram Web UI backend
2025-07-21 13:29:58,067 - __main__ - INFO - Project root: c:\Users\Shivansh Pal\Desktop\Planogram_Project
2025-07-21 13:29:58,076 - werkzeug - WARNING -  * Debugger is active!
2025-07-21 13:29:58,077 - werkzeug - INFO -  * Debugger PIN: 567-306-382
2025-07-21 13:29:58,487 - engineio.server - INFO - Server initialized for eventlet.
2025-07-21 13:29:58,491 - __main__ - INFO - Starting simplified Planogram Web UI backend
2025-07-21 13:29:58,491 - __main__ - INFO - Project root: c:\Users\Shivansh Pal\Desktop\Planogram_Project
2025-07-21 13:29:58,499 - werkzeug - WARNING -  * Debugger is active!
2025-07-21 13:29:58,501 - werkzeug - INFO -  * Debugger PIN: 567-306-382
2025-07-21 13:29:58,634 - engineio.server - INFO - PPQV9IJtCWVMBfJ0AAAA: Sending packet OPEN data {'sid': 'PPQV9IJtCWVMBfJ0AAAA', 'upgrades': [], 'pingTimeout': 20000, 'pingInterval': 25000, 'maxPayload': 1000000}
2025-07-21 13:29:58,634 - engineio.server - INFO - PPQV9IJtCWVMBfJ0AAAA: Received request to upgrade to websocket
2025-07-21 13:29:58,634 - engineio.server - INFO - PPQV9IJtCWVMBfJ0AAAA: Upgrade to websocket successful
2025-07-21 13:29:58,636 - engineio.server - INFO - PPQV9IJtCWVMBfJ0AAAA: Received packet MESSAGE data 0
2025-07-21 13:29:58,636 - __main__ - INFO - Client connected: GmOtS_F6YhDDOD6TAAAB
2025-07-21 13:29:58,636 - socketio.server - INFO - emitting event "connected" to GmOtS_F6YhDDOD6TAAAB [/]
2025-07-21 13:29:58,636 - engineio.server - INFO - PPQV9IJtCWVMBfJ0AAAA: Sending packet MESSAGE data 2["connected",{"message":"Connected to Planogram API"}]
2025-07-21 13:29:58,636 - engineio.server - INFO - PPQV9IJtCWVMBfJ0AAAA: Sending packet MESSAGE data 0{"sid":"GmOtS_F6YhDDOD6TAAAB"}
2025-07-21 13:29:58,637 - engineio.server - INFO - PPQV9IJtCWVMBfJ0AAAA: Received packet MESSAGE data 2["join_job",{"job_id":"82f1bc76-0092-43b9-9970-2915b45a6b14"}]
2025-07-21 13:29:58,637 - socketio.server - INFO - received event "join_job" from GmOtS_F6YhDDOD6TAAAB [/]
2025-07-21 13:29:58,638 - socketio.server - INFO - GmOtS_F6YhDDOD6TAAAB is entering room 82f1bc76-0092-43b9-9970-2915b45a6b14 [/]
2025-07-21 13:29:58,638 - __main__ - INFO - Client GmOtS_F6YhDDOD6TAAAB joined job room: 82f1bc76-0092-43b9-9970-2915b45a6b14
2025-07-21 13:30:10,834 - engineio.server - INFO - PPQV9IJtCWVMBfJ0AAAA: Received packet MESSAGE data 2["leave_job",{"job_id":"82f1bc76-0092-43b9-9970-2915b45a6b14"}]
2025-07-21 13:30:10,834 - socketio.server - INFO - received event "leave_job" from GmOtS_F6YhDDOD6TAAAB [/]
2025-07-21 13:30:10,834 - socketio.server - INFO - GmOtS_F6YhDDOD6TAAAB is leaving room 82f1bc76-0092-43b9-9970-2915b45a6b14 [/]
2025-07-21 13:30:10,834 - __main__ - INFO - Client GmOtS_F6YhDDOD6TAAAB left job room: 82f1bc76-0092-43b9-9970-2915b45a6b14
2025-07-21 13:30:23,645 - engineio.server - INFO - PPQV9IJtCWVMBfJ0AAAA: Sending packet PING data None
2025-07-21 13:30:23,646 - engineio.server - INFO - PPQV9IJtCWVMBfJ0AAAA: Received packet PONG data 
2025-07-21 13:30:48,654 - engineio.server - INFO - PPQV9IJtCWVMBfJ0AAAA: Sending packet PING data None
2025-07-21 13:30:48,655 - engineio.server - INFO - PPQV9IJtCWVMBfJ0AAAA: Received packet PONG data 
2025-07-21 13:31:13,658 - engineio.server - INFO - PPQV9IJtCWVMBfJ0AAAA: Sending packet PING data None
2025-07-21 13:31:13,660 - engineio.server - INFO - PPQV9IJtCWVMBfJ0AAAA: Received packet PONG data 
2025-07-21 13:31:31,557 - werkzeug - INFO -  * Detected change in 'c:\\Users\\Shivansh Pal\\Desktop\\Planogram_Project\\web-ui\\backend\\simple_app.py', reloading
2025-07-21 13:31:31,558 - werkzeug - INFO -  * Detected change in 'c:\\Users\\Shivansh Pal\\Desktop\\Planogram_Project\\web-ui\\backend\\simple_app.py', reloading
2025-07-21 13:31:31,558 - werkzeug - INFO -  * Detected change in 'c:\\Users\\Shivansh Pal\\Desktop\\Planogram_Project\\web-ui\\backend\\simple_app.py', reloading
2025-07-21 13:31:31,559 - werkzeug - INFO -  * Detected change in 'c:\\Users\\Shivansh Pal\\Desktop\\Planogram_Project\\web-ui\\backend\\simple_app.py', reloading
2025-07-21 13:31:31,559 - werkzeug - INFO -  * Detected change in 'c:\\Users\\Shivansh Pal\\Desktop\\Planogram_Project\\web-ui\\backend\\simple_app.py', reloading
2025-07-21 13:31:31,560 - werkzeug - INFO -  * Detected change in 'c:\\Users\\Shivansh Pal\\Desktop\\Planogram_Project\\web-ui\\backend\\simple_app.py', reloading
2025-07-21 13:31:31,779 - werkzeug - INFO -  * Restarting with watchdog (windowsapi)
2025-07-21 13:31:32,448 - werkzeug - INFO -  * Restarting with watchdog (windowsapi)
2025-07-21 13:31:33,196 - engineio.server - INFO - Server initialized for eventlet.
2025-07-21 13:31:33,203 - __main__ - INFO - Starting simplified Planogram Web UI backend
2025-07-21 13:31:33,204 - __main__ - INFO - Project root: c:\Users\Shivansh Pal\Desktop\Planogram_Project
2025-07-21 13:31:33,219 - werkzeug - WARNING -  * Debugger is active!
2025-07-21 13:31:33,222 - werkzeug - INFO -  * Debugger PIN: 567-306-382
2025-07-21 13:31:33,676 - engineio.server - INFO - WYRB-44v3RnmOc9HAAAA: Sending packet OPEN data {'sid': 'WYRB-44v3RnmOc9HAAAA', 'upgrades': [], 'pingTimeout': 20000, 'pingInterval': 25000, 'maxPayload': 1000000}
2025-07-21 13:31:33,676 - engineio.server - INFO - WYRB-44v3RnmOc9HAAAA: Received request to upgrade to websocket
2025-07-21 13:31:33,676 - engineio.server - INFO - WYRB-44v3RnmOc9HAAAA: Upgrade to websocket successful
2025-07-21 13:31:33,678 - engineio.server - INFO - WYRB-44v3RnmOc9HAAAA: Received packet MESSAGE data 0
2025-07-21 13:31:33,679 - __main__ - INFO - Client connected: Gb_hcw17Hp7DRvoqAAAB
2025-07-21 13:31:33,679 - socketio.server - INFO - emitting event "connected" to Gb_hcw17Hp7DRvoqAAAB [/]
2025-07-21 13:31:33,680 - engineio.server - INFO - WYRB-44v3RnmOc9HAAAA: Sending packet MESSAGE data 2["connected",{"message":"Connected to Planogram API"}]
2025-07-21 13:31:33,680 - engineio.server - INFO - WYRB-44v3RnmOc9HAAAA: Sending packet MESSAGE data 0{"sid":"Gb_hcw17Hp7DRvoqAAAB"}
2025-07-21 13:31:33,847 - engineio.server - INFO - Server initialized for eventlet.
2025-07-21 13:31:33,863 - __main__ - INFO - Starting simplified Planogram Web UI backend
2025-07-21 13:31:33,863 - __main__ - INFO - Project root: c:\Users\Shivansh Pal\Desktop\Planogram_Project
2025-07-21 13:31:33,899 - werkzeug - WARNING -  * Debugger is active!
2025-07-21 13:31:33,904 - werkzeug - INFO -  * Debugger PIN: 567-306-382
2025-07-21 13:31:57,580 - werkzeug - INFO -  * Detected change in 'c:\\Users\\Shivansh Pal\\Desktop\\Planogram_Project\\web-ui\\backend\\simple_runner.py', reloading
2025-07-21 13:31:57,581 - werkzeug - INFO -  * Detected change in 'c:\\Users\\Shivansh Pal\\Desktop\\Planogram_Project\\web-ui\\backend\\simple_runner.py', reloading
2025-07-21 13:31:57,581 - werkzeug - INFO -  * Detected change in 'c:\\Users\\Shivansh Pal\\Desktop\\Planogram_Project\\web-ui\\backend\\simple_runner.py', reloading
2025-07-21 13:31:57,582 - werkzeug - INFO -  * Detected change in 'c:\\Users\\Shivansh Pal\\Desktop\\Planogram_Project\\web-ui\\backend\\simple_runner.py', reloading
2025-07-21 13:31:57,582 - werkzeug - INFO -  * Detected change in 'c:\\Users\\Shivansh Pal\\Desktop\\Planogram_Project\\web-ui\\backend\\simple_runner.py', reloading
2025-07-21 13:31:57,582 - werkzeug - INFO -  * Detected change in 'c:\\Users\\Shivansh Pal\\Desktop\\Planogram_Project\\web-ui\\backend\\simple_runner.py', reloading
2025-07-21 13:31:57,726 - werkzeug - INFO -  * Restarting with watchdog (windowsapi)
2025-07-21 13:31:58,370 - werkzeug - INFO -  * Restarting with watchdog (windowsapi)
2025-07-21 13:31:59,059 - engineio.server - INFO - Server initialized for eventlet.
2025-07-21 13:31:59,078 - __main__ - INFO - Starting simplified Planogram Web UI backend
2025-07-21 13:31:59,078 - __main__ - INFO - Project root: c:\Users\Shivansh Pal\Desktop\Planogram_Project
2025-07-21 13:31:59,095 - werkzeug - WARNING -  * Debugger is active!
2025-07-21 13:31:59,098 - werkzeug - INFO -  * Debugger PIN: 567-306-382
2025-07-21 13:31:59,674 - engineio.server - INFO - KQUcPjVfyadEbSPYAAAA: Sending packet OPEN data {'sid': 'KQUcPjVfyadEbSPYAAAA', 'upgrades': [], 'pingTimeout': 20000, 'pingInterval': 25000, 'maxPayload': 1000000}
2025-07-21 13:31:59,674 - engineio.server - INFO - KQUcPjVfyadEbSPYAAAA: Received request to upgrade to websocket
2025-07-21 13:31:59,674 - engineio.server - INFO - KQUcPjVfyadEbSPYAAAA: Upgrade to websocket successful
2025-07-21 13:31:59,676 - engineio.server - INFO - KQUcPjVfyadEbSPYAAAA: Received packet MESSAGE data 0
2025-07-21 13:31:59,677 - __main__ - INFO - Client connected: sqexiMLacZPxv5APAAAB
2025-07-21 13:31:59,677 - socketio.server - INFO - emitting event "connected" to sqexiMLacZPxv5APAAAB [/]
2025-07-21 13:31:59,677 - engineio.server - INFO - KQUcPjVfyadEbSPYAAAA: Sending packet MESSAGE data 2["connected",{"message":"Connected to Planogram API"}]
2025-07-21 13:31:59,677 - engineio.server - INFO - KQUcPjVfyadEbSPYAAAA: Sending packet MESSAGE data 0{"sid":"sqexiMLacZPxv5APAAAB"}
2025-07-21 13:31:59,684 - engineio.server - INFO - Server initialized for eventlet.
2025-07-21 13:31:59,690 - __main__ - INFO - Starting simplified Planogram Web UI backend
2025-07-21 13:31:59,691 - __main__ - INFO - Project root: c:\Users\Shivansh Pal\Desktop\Planogram_Project
2025-07-21 13:31:59,704 - werkzeug - WARNING -  * Debugger is active!
2025-07-21 13:31:59,707 - werkzeug - INFO -  * Debugger PIN: 567-306-382
2025-07-21 13:32:24,688 - engineio.server - INFO - KQUcPjVfyadEbSPYAAAA: Sending packet PING data None
2025-07-21 13:32:24,690 - engineio.server - INFO - KQUcPjVfyadEbSPYAAAA: Received packet PONG data 
2025-07-21 13:32:49,703 - engineio.server - INFO - KQUcPjVfyadEbSPYAAAA: Sending packet PING data None
2025-07-21 13:32:49,704 - engineio.server - INFO - KQUcPjVfyadEbSPYAAAA: Received packet PONG data 
2025-07-21 13:33:14,708 - engineio.server - INFO - KQUcPjVfyadEbSPYAAAA: Sending packet PING data None
2025-07-21 13:33:14,737 - engineio.server - INFO - KQUcPjVfyadEbSPYAAAA: Received packet PONG data 
2025-07-21 13:33:15,063 - werkzeug - INFO -  * Detected change in 'c:\\Users\\Shivansh Pal\\Desktop\\Planogram_Project\\src\\cohort_planogram\\watch_cohort.py', reloading
2025-07-21 13:33:15,063 - werkzeug - INFO -  * Detected change in 'c:\\Users\\Shivansh Pal\\Desktop\\Planogram_Project\\src\\cohort_planogram\\watch_cohort.py', reloading
2025-07-21 13:33:15,064 - werkzeug - INFO -  * Detected change in 'c:\\Users\\Shivansh Pal\\Desktop\\Planogram_Project\\src\\cohort_planogram\\watch_cohort.py', reloading
2025-07-21 13:33:15,065 - werkzeug - INFO -  * Detected change in 'c:\\Users\\Shivansh Pal\\Desktop\\Planogram_Project\\src\\cohort_planogram\\watch_cohort.py', reloading
2025-07-21 13:33:15,066 - werkzeug - INFO -  * Detected change in 'c:\\Users\\Shivansh Pal\\Desktop\\Planogram_Project\\src\\cohort_planogram\\watch_cohort.py', reloading
2025-07-21 13:33:15,066 - werkzeug - INFO -  * Detected change in 'c:\\Users\\Shivansh Pal\\Desktop\\Planogram_Project\\src\\cohort_planogram\\watch_cohort.py', reloading
2025-07-21 13:33:15,563 - werkzeug - INFO -  * Restarting with watchdog (windowsapi)
2025-07-21 13:33:16,241 - werkzeug - INFO -  * Restarting with watchdog (windowsapi)
2025-07-21 13:33:21,372 - engineio.server - INFO - Server initialized for eventlet.
2025-07-21 13:33:21,400 - __main__ - INFO - Starting simplified Planogram Web UI backend
2025-07-21 13:33:21,400 - __main__ - INFO - Project root: c:\Users\Shivansh Pal\Desktop\Planogram_Project
2025-07-21 13:33:21,480 - werkzeug - WARNING -  * Debugger is active!
2025-07-21 13:33:21,487 - werkzeug - INFO -  * Debugger PIN: 567-306-382
2025-07-21 13:33:21,707 - engineio.server - INFO - tPN1wZPzdeurplwUAAAA: Sending packet OPEN data {'sid': 'tPN1wZPzdeurplwUAAAA', 'upgrades': [], 'pingTimeout': 20000, 'pingInterval': 25000, 'maxPayload': 1000000}
2025-07-21 13:33:21,708 - engineio.server - INFO - tPN1wZPzdeurplwUAAAA: Received request to upgrade to websocket
2025-07-21 13:33:21,708 - engineio.server - INFO - tPN1wZPzdeurplwUAAAA: Upgrade to websocket successful
2025-07-21 13:33:21,717 - engineio.server - INFO - tPN1wZPzdeurplwUAAAA: Received packet MESSAGE data 0
2025-07-21 13:33:21,719 - __main__ - INFO - Client connected: Gx_Z7r_F3hGgvO23AAAB
2025-07-21 13:33:21,719 - socketio.server - INFO - emitting event "connected" to Gx_Z7r_F3hGgvO23AAAB [/]
2025-07-21 13:33:21,720 - engineio.server - INFO - tPN1wZPzdeurplwUAAAA: Sending packet MESSAGE data 2["connected",{"message":"Connected to Planogram API"}]
2025-07-21 13:33:21,720 - engineio.server - INFO - tPN1wZPzdeurplwUAAAA: Sending packet MESSAGE data 0{"sid":"Gx_Z7r_F3hGgvO23AAAB"}
2025-07-21 13:33:21,848 - engineio.server - INFO - Server initialized for eventlet.
2025-07-21 13:33:21,866 - __main__ - INFO - Starting simplified Planogram Web UI backend
2025-07-21 13:33:21,866 - __main__ - INFO - Project root: c:\Users\Shivansh Pal\Desktop\Planogram_Project
2025-07-21 13:33:21,901 - werkzeug - WARNING -  * Debugger is active!
2025-07-21 13:33:21,919 - werkzeug - INFO -  * Debugger PIN: 567-306-382
2025-07-21 13:33:46,716 - engineio.server - INFO - tPN1wZPzdeurplwUAAAA: Sending packet PING data None
2025-07-21 13:33:46,717 - engineio.server - INFO - tPN1wZPzdeurplwUAAAA: Received packet PONG data 
2025-07-21 13:34:11,733 - engineio.server - INFO - tPN1wZPzdeurplwUAAAA: Sending packet PING data None
2025-07-21 13:34:11,734 - engineio.server - INFO - tPN1wZPzdeurplwUAAAA: Received packet PONG data 
2025-07-21 13:34:36,748 - engineio.server - INFO - tPN1wZPzdeurplwUAAAA: Sending packet PING data None
2025-07-21 13:34:36,749 - engineio.server - INFO - tPN1wZPzdeurplwUAAAA: Received packet PONG data 
2025-07-21 13:35:01,760 - engineio.server - INFO - tPN1wZPzdeurplwUAAAA: Sending packet PING data None
2025-07-21 13:35:01,762 - engineio.server - INFO - tPN1wZPzdeurplwUAAAA: Received packet PONG data 
2025-07-21 13:35:26,768 - engineio.server - INFO - tPN1wZPzdeurplwUAAAA: Sending packet PING data None
2025-07-21 13:35:26,769 - engineio.server - INFO - tPN1wZPzdeurplwUAAAA: Received packet PONG data 
2025-07-21 13:35:51,771 - engineio.server - INFO - tPN1wZPzdeurplwUAAAA: Sending packet PING data None
2025-07-21 13:35:51,772 - engineio.server - INFO - tPN1wZPzdeurplwUAAAA: Received packet PONG data 
2025-07-21 13:36:16,787 - engineio.server - INFO - tPN1wZPzdeurplwUAAAA: Sending packet PING data None
2025-07-21 13:36:16,788 - engineio.server - INFO - tPN1wZPzdeurplwUAAAA: Received packet PONG data 
2025-07-21 13:36:41,789 - engineio.server - INFO - tPN1wZPzdeurplwUAAAA: Sending packet PING data None
2025-07-21 13:36:41,791 - engineio.server - INFO - tPN1wZPzdeurplwUAAAA: Received packet PONG data 
2025-07-21 13:37:06,793 - engineio.server - INFO - tPN1wZPzdeurplwUAAAA: Sending packet PING data None
2025-07-21 13:37:06,796 - engineio.server - INFO - tPN1wZPzdeurplwUAAAA: Received packet PONG data 
2025-07-21 13:37:31,797 - engineio.server - INFO - tPN1wZPzdeurplwUAAAA: Sending packet PING data None
2025-07-21 13:37:31,798 - engineio.server - INFO - tPN1wZPzdeurplwUAAAA: Received packet PONG data 
2025-07-21 13:37:56,799 - engineio.server - INFO - tPN1wZPzdeurplwUAAAA: Sending packet PING data None
2025-07-21 13:37:56,800 - engineio.server - INFO - tPN1wZPzdeurplwUAAAA: Received packet PONG data 
2025-07-21 13:38:21,807 - engineio.server - INFO - tPN1wZPzdeurplwUAAAA: Sending packet PING data None
2025-07-21 13:38:21,810 - engineio.server - INFO - tPN1wZPzdeurplwUAAAA: Received packet PONG data 
2025-07-21 13:38:46,824 - engineio.server - INFO - tPN1wZPzdeurplwUAAAA: Sending packet PING data None
2025-07-21 13:38:46,825 - engineio.server - INFO - tPN1wZPzdeurplwUAAAA: Received packet PONG data 
2025-07-21 13:39:11,840 - engineio.server - INFO - tPN1wZPzdeurplwUAAAA: Sending packet PING data None
2025-07-21 13:39:11,842 - engineio.server - INFO - tPN1wZPzdeurplwUAAAA: Received packet PONG data 
2025-07-21 13:39:36,854 - engineio.server - INFO - tPN1wZPzdeurplwUAAAA: Sending packet PING data None
2025-07-21 13:39:36,855 - engineio.server - INFO - tPN1wZPzdeurplwUAAAA: Received packet PONG data 
2025-07-21 13:40:01,861 - engineio.server - INFO - tPN1wZPzdeurplwUAAAA: Sending packet PING data None
2025-07-21 13:40:01,863 - engineio.server - INFO - tPN1wZPzdeurplwUAAAA: Received packet PONG data 
2025-07-21 13:40:26,867 - engineio.server - INFO - tPN1wZPzdeurplwUAAAA: Sending packet PING data None
2025-07-21 13:40:26,870 - engineio.server - INFO - tPN1wZPzdeurplwUAAAA: Received packet PONG data 
2025-07-21 13:40:51,873 - engineio.server - INFO - tPN1wZPzdeurplwUAAAA: Sending packet PING data None
2025-07-21 13:40:51,875 - engineio.server - INFO - tPN1wZPzdeurplwUAAAA: Received packet PONG data 
2025-07-21 13:41:16,889 - engineio.server - INFO - tPN1wZPzdeurplwUAAAA: Sending packet PING data None
2025-07-21 13:41:16,891 - engineio.server - INFO - tPN1wZPzdeurplwUAAAA: Received packet PONG data 
2025-07-21 13:41:41,906 - engineio.server - INFO - tPN1wZPzdeurplwUAAAA: Sending packet PING data None
2025-07-21 13:41:41,907 - engineio.server - INFO - tPN1wZPzdeurplwUAAAA: Received packet PONG data 
2025-07-21 13:42:06,922 - engineio.server - INFO - tPN1wZPzdeurplwUAAAA: Sending packet PING data None
2025-07-21 13:42:06,925 - engineio.server - INFO - tPN1wZPzdeurplwUAAAA: Received packet PONG data 
2025-07-21 13:42:19,835 - werkzeug - INFO -  * Detected change in 'C:\\Python313\\Lib\\encodings\\utf_8_sig.py', reloading
2025-07-21 13:42:19,835 - werkzeug - INFO -  * Detected change in 'C:\\Python313\\Lib\\encodings\\utf_8_sig.py', reloading
2025-07-21 13:42:19,910 - werkzeug - INFO -  * Detected change in 'C:\\Python313\\Lib\\contextvars.py', reloading
2025-07-21 13:42:19,957 - werkzeug - INFO -  * Detected change in 'C:\\Python313\\Lib\\http\\server.py', reloading
2025-07-21 13:42:19,964 - werkzeug - INFO -  * Restarting with watchdog (windowsapi)
2025-07-21 13:42:20,166 - werkzeug - INFO -  * Detected change in 'C:\\Python313\\Lib\\secrets.py', reloading
2025-07-21 13:42:20,290 - werkzeug - INFO -  * Restarting with watchdog (windowsapi)
2025-07-21 13:42:23,057 - engineio.server - INFO - Server initialized for eventlet.
2025-07-21 13:42:23,060 - engineio.server - INFO - Server initialized for eventlet.
2025-07-21 13:42:23,066 - __main__ - INFO - Starting simplified Planogram Web UI backend
2025-07-21 13:42:23,067 - __main__ - INFO - Project root: c:\Users\Shivansh Pal\Desktop\Planogram_Project
2025-07-21 13:42:23,068 - engineio.server - INFO - Server initialized for eventlet.
2025-07-21 13:42:23,070 - __main__ - INFO - Starting simplified Planogram Web UI backend
2025-07-21 13:42:23,071 - __main__ - INFO - Project root: C:\Users\Shivansh Pal\Desktop\Planogram_Project
2025-07-21 13:42:23,083 - __main__ - INFO - Starting simplified Planogram Web UI backend
2025-07-21 13:42:23,083 - __main__ - INFO - Project root: c:\Users\Shivansh Pal\Desktop\Planogram_Project
2025-07-21 13:42:23,175 - werkzeug - INFO -  * Restarting with watchdog (windowsapi)
2025-07-21 13:42:23,176 - werkzeug - WARNING -  * Debugger is active!
2025-07-21 13:42:23,176 - werkzeug - WARNING -  * Debugger is active!
2025-07-21 13:42:23,180 - werkzeug - INFO -  * Debugger PIN: 567-306-382
2025-07-21 13:42:23,181 - werkzeug - INFO -  * Debugger PIN: 567-306-382
2025-07-21 13:42:23,704 - engineio.server - INFO - iU0sLVDONxO_c6AsAAAA: Sending packet OPEN data {'sid': 'iU0sLVDONxO_c6AsAAAA', 'upgrades': [], 'pingTimeout': 20000, 'pingInterval': 25000, 'maxPayload': 1000000}
2025-07-21 13:42:23,704 - engineio.server - INFO - iU0sLVDONxO_c6AsAAAA: Received request to upgrade to websocket
2025-07-21 13:42:23,705 - engineio.server - INFO - iU0sLVDONxO_c6AsAAAA: Upgrade to websocket successful
2025-07-21 13:42:23,707 - engineio.server - INFO - iU0sLVDONxO_c6AsAAAA: Received packet MESSAGE data 0
2025-07-21 13:42:23,708 - __main__ - INFO - Client connected: mPoAJRCxv-MplLBRAAAB
2025-07-21 13:42:23,708 - socketio.server - INFO - emitting event "connected" to mPoAJRCxv-MplLBRAAAB [/]
2025-07-21 13:42:23,708 - engineio.server - INFO - iU0sLVDONxO_c6AsAAAA: Sending packet MESSAGE data 2["connected",{"message":"Connected to Planogram API"}]
2025-07-21 13:42:23,708 - engineio.server - INFO - iU0sLVDONxO_c6AsAAAA: Sending packet MESSAGE data 0{"sid":"mPoAJRCxv-MplLBRAAAB"}
2025-07-21 13:42:24,530 - engineio.server - INFO - Server initialized for eventlet.
2025-07-21 13:42:24,537 - __main__ - INFO - Starting simplified Planogram Web UI backend
2025-07-21 13:42:24,538 - __main__ - INFO - Project root: C:\Users\Shivansh Pal\Desktop\Planogram_Project
2025-07-21 13:42:24,552 - werkzeug - WARNING -  * Debugger is active!
2025-07-21 13:42:24,555 - werkzeug - INFO -  * Debugger PIN: 567-306-382
2025-07-21 13:42:29,618 - engineio.server - INFO - Server initialized for eventlet.
2025-07-21 13:42:29,626 - __main__ - INFO - Starting simplified Planogram Web UI backend
2025-07-21 13:42:29,626 - __main__ - INFO - Project root: C:\Users\Shivansh Pal\Desktop\Planogram_Project
2025-07-21 13:42:29,641 - werkzeug - INFO -  * Restarting with watchdog (windowsapi)
2025-07-21 13:42:30,619 - engineio.server - INFO - Server initialized for eventlet.
2025-07-21 13:42:30,626 - __main__ - INFO - Starting simplified Planogram Web UI backend
2025-07-21 13:42:30,626 - __main__ - INFO - Project root: C:\Users\Shivansh Pal\Desktop\Planogram_Project
2025-07-21 13:42:30,641 - werkzeug - WARNING -  * Debugger is active!
2025-07-21 13:42:30,645 - werkzeug - INFO -  * Debugger PIN: 567-306-382
2025-07-21 13:42:48,706 - engineio.server - INFO - iU0sLVDONxO_c6AsAAAA: Sending packet PING data None
2025-07-21 13:42:48,707 - engineio.server - INFO - iU0sLVDONxO_c6AsAAAA: Received packet PONG data 
2025-07-21 13:43:07,638 - engineio.server - INFO - Server initialized for eventlet.
2025-07-21 13:43:07,642 - __main__ - INFO - Starting simplified Planogram Web UI backend
2025-07-21 13:43:07,643 - __main__ - INFO - Project root: C:\Users\Shivansh Pal\Desktop\Planogram_Project
2025-07-21 13:43:07,654 - werkzeug - INFO -  * Restarting with watchdog (windowsapi)
2025-07-21 13:43:08,319 - engineio.server - INFO - Server initialized for eventlet.
2025-07-21 13:43:08,323 - __main__ - INFO - Starting simplified Planogram Web UI backend
2025-07-21 13:43:08,323 - __main__ - INFO - Project root: C:\Users\Shivansh Pal\Desktop\Planogram_Project
2025-07-21 13:43:08,334 - werkzeug - WARNING -  * Debugger is active!
2025-07-21 13:43:08,336 - werkzeug - INFO -  * Debugger PIN: 567-306-382
2025-07-21 13:43:13,716 - engineio.server - INFO - iU0sLVDONxO_c6AsAAAA: Sending packet PING data None
2025-07-21 13:43:13,717 - engineio.server - INFO - iU0sLVDONxO_c6AsAAAA: Received packet PONG data 
2025-07-21 13:43:31,270 - engineio.server - INFO - Server initialized for eventlet.
2025-07-21 13:43:31,275 - __main__ - INFO - Starting simplified Planogram Web UI backend
2025-07-21 13:43:31,275 - __main__ - INFO - Project root: C:\Users\Shivansh Pal\Desktop\Planogram_Project
2025-07-21 13:43:31,287 - werkzeug - INFO -  * Restarting with watchdog (windowsapi)
2025-07-21 13:43:31,969 - engineio.server - INFO - Server initialized for eventlet.
2025-07-21 13:43:31,974 - __main__ - INFO - Starting simplified Planogram Web UI backend
2025-07-21 13:43:31,974 - __main__ - INFO - Project root: C:\Users\Shivansh Pal\Desktop\Planogram_Project
2025-07-21 13:43:31,985 - werkzeug - WARNING -  * Debugger is active!
2025-07-21 13:43:31,988 - werkzeug - INFO -  * Debugger PIN: 567-306-382
2025-07-21 13:43:32,681 - engineio.server - INFO - IUhzZUd7GiX-CQPUAAAA: Sending packet OPEN data {'sid': 'IUhzZUd7GiX-CQPUAAAA', 'upgrades': [], 'pingTimeout': 20000, 'pingInterval': 25000, 'maxPayload': 1000000}
2025-07-21 13:43:32,681 - engineio.server - INFO - IUhzZUd7GiX-CQPUAAAA: Received request to upgrade to websocket
2025-07-21 13:43:32,682 - engineio.server - INFO - IUhzZUd7GiX-CQPUAAAA: Upgrade to websocket successful
2025-07-21 13:43:32,683 - engineio.server - INFO - IUhzZUd7GiX-CQPUAAAA: Received packet MESSAGE data 0
2025-07-21 13:43:32,684 - __main__ - INFO - Client connected: TP8q5ZedLHniaG_oAAAB
2025-07-21 13:43:32,684 - socketio.server - INFO - emitting event "connected" to TP8q5ZedLHniaG_oAAAB [/]
2025-07-21 13:43:32,685 - engineio.server - INFO - IUhzZUd7GiX-CQPUAAAA: Sending packet MESSAGE data 2["connected",{"message":"Connected to Planogram API"}]
2025-07-21 13:43:32,685 - engineio.server - INFO - IUhzZUd7GiX-CQPUAAAA: Sending packet MESSAGE data 0{"sid":"TP8q5ZedLHniaG_oAAAB"}
2025-07-21 13:43:43,130 - __main__ - INFO - Client disconnected: TP8q5ZedLHniaG_oAAAB
2025-07-21 13:43:47,954 - engineio.server - INFO - 7EDjRQvKk1rURGFzAAAC: Sending packet OPEN data {'sid': '7EDjRQvKk1rURGFzAAAC', 'upgrades': [], 'pingTimeout': 20000, 'pingInterval': 25000, 'maxPayload': 1000000}
2025-07-21 13:43:47,955 - engineio.server - INFO - 7EDjRQvKk1rURGFzAAAC: Received request to upgrade to websocket
2025-07-21 13:43:47,955 - engineio.server - INFO - 7EDjRQvKk1rURGFzAAAC: Upgrade to websocket successful
2025-07-21 13:43:47,961 - engineio.server - INFO - 7EDjRQvKk1rURGFzAAAC: Received packet MESSAGE data 0
2025-07-21 13:43:47,962 - __main__ - INFO - Client connected: G8-S6Xc4hTd6XDfgAAAD
2025-07-21 13:43:47,962 - socketio.server - INFO - emitting event "connected" to G8-S6Xc4hTd6XDfgAAAD [/]
2025-07-21 13:43:47,962 - engineio.server - INFO - 7EDjRQvKk1rURGFzAAAC: Sending packet MESSAGE data 2["connected",{"message":"Connected to Planogram API"}]
2025-07-21 13:43:47,963 - engineio.server - INFO - 7EDjRQvKk1rURGFzAAAC: Sending packet MESSAGE data 0{"sid":"G8-S6Xc4hTd6XDfgAAAD"}
2025-07-21 13:44:01,907 - simple_runner - INFO - Created job 712cf9ef-49c1-41f7-a12b-b76f2b6d87cb of type cohort
2025-07-21 13:44:01,908 - socketio.server - INFO - emitting event "job_status" to 712cf9ef-49c1-41f7-a12b-b76f2b6d87cb [/]
2025-07-21 13:44:01,937 - engineio.server - INFO - 7EDjRQvKk1rURGFzAAAC: Received packet MESSAGE data 2["join_job",{"job_id":"712cf9ef-49c1-41f7-a12b-b76f2b6d87cb"}]
2025-07-21 13:44:01,937 - socketio.server - INFO - received event "join_job" from G8-S6Xc4hTd6XDfgAAAD [/]
2025-07-21 13:44:01,938 - socketio.server - INFO - G8-S6Xc4hTd6XDfgAAAD is entering room 712cf9ef-49c1-41f7-a12b-b76f2b6d87cb [/]
2025-07-21 13:44:01,938 - __main__ - INFO - Client G8-S6Xc4hTd6XDfgAAAD joined job room: 712cf9ef-49c1-41f7-a12b-b76f2b6d87cb
2025-07-21 13:44:01,939 - socketio.server - INFO - emitting event "job_status" to G8-S6Xc4hTd6XDfgAAAD [/]
2025-07-21 13:44:01,940 - engineio.server - INFO - 7EDjRQvKk1rURGFzAAAC: Sending packet MESSAGE data 2["job_status",{"job_id":"712cf9ef-49c1-41f7-a12b-b76f2b6d87cb","status":"running","progress":0,"logs":[]}]
2025-07-21 13:44:01,950 - werkzeug - INFO -  * Detected change in 'C:\\Users\\Shivansh Pal\\Desktop\\Planogram_Project\\cohort_planogram.py', reloading
2025-07-21 13:44:02,144 - werkzeug - INFO -  * Detected change in 'C:\\Python313\\Lib\\zoneinfo\\__init__.py', reloading
2025-07-21 13:44:02,146 - werkzeug - INFO -  * Detected change in 'C:\\Python313\\Lib\\zoneinfo\\_tzpath.py', reloading
2025-07-21 13:44:02,147 - werkzeug - INFO -  * Detected change in 'C:\\Python313\\Lib\\zoneinfo\\_common.py', reloading
2025-07-21 13:44:02,147 - werkzeug - INFO -  * Detected change in 'C:\\Python313\\Lib\\zoneinfo\\_common.py', reloading
2025-07-21 13:44:02,178 - werkzeug - INFO -  * Detected change in 'C:\\Python313\\Lib\\_strptime.py', reloading
2025-07-21 13:44:02,178 - werkzeug - INFO -  * Detected change in 'C:\\Python313\\Lib\\_strptime.py', reloading
2025-07-21 13:44:02,255 - werkzeug - INFO -  * Detected change in 'C:\\Python313\\Lib\\pydoc.py', reloading
2025-07-21 13:44:02,255 - werkzeug - INFO -  * Detected change in 'C:\\Python313\\Lib\\pydoc.py', reloading
2025-07-21 13:44:02,287 - werkzeug - INFO -  * Detected change in 'C:\\Python313\\Lib\\_pyrepl\\__init__.py', reloading
2025-07-21 13:44:02,287 - werkzeug - INFO -  * Detected change in 'C:\\Python313\\Lib\\_pyrepl\\__init__.py', reloading
2025-07-21 13:44:02,289 - werkzeug - INFO -  * Detected change in 'C:\\Python313\\Lib\\_pyrepl\\pager.py', reloading
2025-07-21 13:44:02,289 - werkzeug - INFO -  * Detected change in 'C:\\Python313\\Lib\\_pyrepl\\pager.py', reloading
2025-07-21 13:44:02,426 - engineio.server - INFO - 7EDjRQvKk1rURGFzAAAC: Received packet MESSAGE data 2["get_job_status",{"job_id":"712cf9ef-49c1-41f7-a12b-b76f2b6d87cb"}]
2025-07-21 13:44:02,427 - socketio.server - INFO - received event "get_job_status" from G8-S6Xc4hTd6XDfgAAAD [/]
2025-07-21 13:44:02,427 - engineio.server - INFO - 7EDjRQvKk1rURGFzAAAC: Received packet MESSAGE data 2["get_job_logs_stream",{"job_id":"712cf9ef-49c1-41f7-a12b-b76f2b6d87cb","limit":50}]
2025-07-21 13:44:02,428 - socketio.server - INFO - received event "get_job_logs_stream" from G8-S6Xc4hTd6XDfgAAAD [/]
2025-07-21 13:44:02,564 - werkzeug - INFO -  * Detected change in 'C:\\Users\\Shivansh Pal\\AppData\\Roaming\\Python\\Python313\\site-packages\\pyparsing\\core.py', reloading
2025-07-21 13:44:02,672 - werkzeug - INFO -  * Restarting with watchdog (windowsapi)
2025-07-21 13:44:02,783 - werkzeug - INFO -  * Restarting with watchdog (windowsapi)
2025-07-21 13:44:03,589 - engineio.server - INFO - Server initialized for eventlet.
2025-07-21 13:44:03,595 - __main__ - INFO - Starting simplified Planogram Web UI backend
2025-07-21 13:44:03,595 - __main__ - INFO - Project root: c:\Users\Shivansh Pal\Desktop\Planogram_Project
2025-07-21 13:44:03,605 - werkzeug - WARNING -  * Debugger is active!
2025-07-21 13:44:03,606 - werkzeug - INFO -  * Debugger PIN: 567-306-382
2025-07-21 13:44:03,665 - engineio.server - INFO - Server initialized for eventlet.
2025-07-21 13:44:03,672 - __main__ - INFO - Starting simplified Planogram Web UI backend
2025-07-21 13:44:03,673 - __main__ - INFO - Project root: C:\Users\Shivansh Pal\Desktop\Planogram_Project
2025-07-21 13:44:03,682 - werkzeug - WARNING -  * Debugger is active!
2025-07-21 13:44:03,684 - werkzeug - INFO -  * Debugger PIN: 567-306-382
2025-07-21 13:44:04,075 - engineio.server - INFO - wtjvS0lRKsw6EOoVAAAA: Sending packet OPEN data {'sid': 'wtjvS0lRKsw6EOoVAAAA', 'upgrades': [], 'pingTimeout': 20000, 'pingInterval': 25000, 'maxPayload': 1000000}
2025-07-21 13:44:04,076 - engineio.server - INFO - wtjvS0lRKsw6EOoVAAAA: Received request to upgrade to websocket
2025-07-21 13:44:04,076 - engineio.server - INFO - wtjvS0lRKsw6EOoVAAAA: Upgrade to websocket successful
2025-07-21 13:44:04,077 - engineio.server - INFO - wtjvS0lRKsw6EOoVAAAA: Received packet MESSAGE data 0
2025-07-21 13:44:04,077 - __main__ - INFO - Client connected: kRD8uX2MFhgSYaQEAAAB
2025-07-21 13:44:04,077 - socketio.server - INFO - emitting event "connected" to kRD8uX2MFhgSYaQEAAAB [/]
2025-07-21 13:44:04,078 - engineio.server - INFO - wtjvS0lRKsw6EOoVAAAA: Sending packet MESSAGE data 2["connected",{"message":"Connected to Planogram API"}]
2025-07-21 13:44:04,078 - engineio.server - INFO - wtjvS0lRKsw6EOoVAAAA: Sending packet MESSAGE data 0{"sid":"kRD8uX2MFhgSYaQEAAAB"}
2025-07-21 13:44:04,078 - engineio.server - INFO - wtjvS0lRKsw6EOoVAAAA: Received packet MESSAGE data 2["join_job",{"job_id":"712cf9ef-49c1-41f7-a12b-b76f2b6d87cb"}]
2025-07-21 13:44:04,079 - socketio.server - INFO - received event "join_job" from kRD8uX2MFhgSYaQEAAAB [/]
2025-07-21 13:44:04,079 - socketio.server - INFO - kRD8uX2MFhgSYaQEAAAB is entering room 712cf9ef-49c1-41f7-a12b-b76f2b6d87cb [/]
2025-07-21 13:44:04,079 - __main__ - INFO - Client kRD8uX2MFhgSYaQEAAAB joined job room: 712cf9ef-49c1-41f7-a12b-b76f2b6d87cb
2025-07-21 13:44:17,666 - engineio.server - INFO - wtjvS0lRKsw6EOoVAAAA: Received packet MESSAGE data 2["leave_job",{"job_id":"712cf9ef-49c1-41f7-a12b-b76f2b6d87cb"}]
2025-07-21 13:44:17,667 - socketio.server - INFO - received event "leave_job" from kRD8uX2MFhgSYaQEAAAB [/]
2025-07-21 13:44:17,667 - socketio.server - INFO - kRD8uX2MFhgSYaQEAAAB is leaving room 712cf9ef-49c1-41f7-a12b-b76f2b6d87cb [/]
2025-07-21 13:44:17,667 - __main__ - INFO - Client kRD8uX2MFhgSYaQEAAAB left job room: 712cf9ef-49c1-41f7-a12b-b76f2b6d87cb
2025-07-21 13:44:17,671 - engineio.server - INFO - wtjvS0lRKsw6EOoVAAAA: Received packet MESSAGE data 2["join_job",{"job_id":"712cf9ef-49c1-41f7-a12b-b76f2b6d87cb"}]
2025-07-21 13:44:17,671 - socketio.server - INFO - received event "join_job" from kRD8uX2MFhgSYaQEAAAB [/]
2025-07-21 13:44:17,672 - socketio.server - INFO - kRD8uX2MFhgSYaQEAAAB is entering room 712cf9ef-49c1-41f7-a12b-b76f2b6d87cb [/]
2025-07-21 13:44:17,672 - __main__ - INFO - Client kRD8uX2MFhgSYaQEAAAB joined job room: 712cf9ef-49c1-41f7-a12b-b76f2b6d87cb
2025-07-21 13:44:18,168 - engineio.server - INFO - wtjvS0lRKsw6EOoVAAAA: Received packet MESSAGE data 2["get_job_status",{"job_id":"712cf9ef-49c1-41f7-a12b-b76f2b6d87cb"}]
2025-07-21 13:44:18,168 - socketio.server - INFO - received event "get_job_status" from kRD8uX2MFhgSYaQEAAAB [/]
2025-07-21 13:44:18,168 - engineio.server - INFO - wtjvS0lRKsw6EOoVAAAA: Received packet MESSAGE data 2["get_job_logs_stream",{"job_id":"712cf9ef-49c1-41f7-a12b-b76f2b6d87cb","limit":50}]
2025-07-21 13:44:18,168 - socketio.server - INFO - received event "get_job_logs_stream" from kRD8uX2MFhgSYaQEAAAB [/]
2025-07-21 13:44:29,084 - engineio.server - INFO - wtjvS0lRKsw6EOoVAAAA: Sending packet PING data None
2025-07-21 13:44:29,086 - engineio.server - INFO - wtjvS0lRKsw6EOoVAAAA: Received packet PONG data 
2025-07-21 13:44:29,850 - engineio.server - INFO - wtjvS0lRKsw6EOoVAAAA: Received packet MESSAGE data 2["leave_job",{"job_id":"712cf9ef-49c1-41f7-a12b-b76f2b6d87cb"}]
2025-07-21 13:44:29,851 - socketio.server - INFO - received event "leave_job" from kRD8uX2MFhgSYaQEAAAB [/]
2025-07-21 13:44:29,851 - socketio.server - INFO - kRD8uX2MFhgSYaQEAAAB is leaving room 712cf9ef-49c1-41f7-a12b-b76f2b6d87cb [/]
2025-07-21 13:44:29,851 - __main__ - INFO - Client kRD8uX2MFhgSYaQEAAAB left job room: 712cf9ef-49c1-41f7-a12b-b76f2b6d87cb
2025-07-21 13:44:30,684 - __main__ - INFO - Client disconnected: kRD8uX2MFhgSYaQEAAAB
2025-07-21 13:44:31,059 - engineio.server - INFO - L7vuGZAVvwx2gRQRAAAC: Sending packet OPEN data {'sid': 'L7vuGZAVvwx2gRQRAAAC', 'upgrades': [], 'pingTimeout': 20000, 'pingInterval': 25000, 'maxPayload': 1000000}
2025-07-21 13:44:31,059 - engineio.server - INFO - L7vuGZAVvwx2gRQRAAAC: Received request to upgrade to websocket
2025-07-21 13:44:31,059 - engineio.server - INFO - L7vuGZAVvwx2gRQRAAAC: Upgrade to websocket successful
2025-07-21 13:44:31,060 - engineio.server - INFO - L7vuGZAVvwx2gRQRAAAC: Received packet MESSAGE data 0
2025-07-21 13:44:31,061 - __main__ - INFO - Client connected: 0VyM4_wq-uELwjTjAAAD
2025-07-21 13:44:31,061 - socketio.server - INFO - emitting event "connected" to 0VyM4_wq-uELwjTjAAAD [/]
2025-07-21 13:44:31,061 - engineio.server - INFO - L7vuGZAVvwx2gRQRAAAC: Sending packet MESSAGE data 2["connected",{"message":"Connected to Planogram API"}]
2025-07-21 13:44:31,061 - engineio.server - INFO - L7vuGZAVvwx2gRQRAAAC: Sending packet MESSAGE data 0{"sid":"0VyM4_wq-uELwjTjAAAD"}
2025-07-21 13:44:31,371 - __main__ - INFO - Client disconnected: 0VyM4_wq-uELwjTjAAAD
2025-07-21 13:44:32,308 - engineio.server - INFO - 9imzW4cpKB0aR3sFAAAE: Sending packet OPEN data {'sid': '9imzW4cpKB0aR3sFAAAE', 'upgrades': [], 'pingTimeout': 20000, 'pingInterval': 25000, 'maxPayload': 1000000}
2025-07-21 13:44:32,308 - engineio.server - INFO - 9imzW4cpKB0aR3sFAAAE: Received request to upgrade to websocket
2025-07-21 13:44:32,308 - engineio.server - INFO - 9imzW4cpKB0aR3sFAAAE: Upgrade to websocket successful
2025-07-21 13:44:32,309 - engineio.server - INFO - 9imzW4cpKB0aR3sFAAAE: Received packet MESSAGE data 0
2025-07-21 13:44:32,309 - __main__ - INFO - Client connected: hmnlrUWhDLS5vuGAAAAF
2025-07-21 13:44:32,309 - socketio.server - INFO - emitting event "connected" to hmnlrUWhDLS5vuGAAAAF [/]
2025-07-21 13:44:32,309 - engineio.server - INFO - 9imzW4cpKB0aR3sFAAAE: Sending packet MESSAGE data 2["connected",{"message":"Connected to Planogram API"}]
2025-07-21 13:44:32,309 - engineio.server - INFO - 9imzW4cpKB0aR3sFAAAE: Sending packet MESSAGE data 0{"sid":"hmnlrUWhDLS5vuGAAAAF"}
2025-07-21 13:44:48,148 - simple_runner - INFO - Created job 7601f7d2-09ac-4ec7-a1e0-7903788977a7 of type cohort
2025-07-21 13:44:48,149 - socketio.server - INFO - emitting event "job_status" to 7601f7d2-09ac-4ec7-a1e0-7903788977a7 [/]
2025-07-21 13:44:48,170 - engineio.server - INFO - 9imzW4cpKB0aR3sFAAAE: Received packet MESSAGE data 2["join_job",{"job_id":"7601f7d2-09ac-4ec7-a1e0-7903788977a7"}]
2025-07-21 13:44:48,170 - socketio.server - INFO - received event "join_job" from hmnlrUWhDLS5vuGAAAAF [/]
2025-07-21 13:44:48,170 - socketio.server - INFO - hmnlrUWhDLS5vuGAAAAF is entering room 7601f7d2-09ac-4ec7-a1e0-7903788977a7 [/]
2025-07-21 13:44:48,170 - __main__ - INFO - Client hmnlrUWhDLS5vuGAAAAF joined job room: 7601f7d2-09ac-4ec7-a1e0-7903788977a7
2025-07-21 13:44:48,171 - socketio.server - INFO - emitting event "job_status" to hmnlrUWhDLS5vuGAAAAF [/]
2025-07-21 13:44:48,171 - engineio.server - INFO - 9imzW4cpKB0aR3sFAAAE: Sending packet MESSAGE data 2["job_status",{"job_id":"7601f7d2-09ac-4ec7-a1e0-7903788977a7","status":"running","progress":0,"logs":[]}]
2025-07-21 13:44:48,673 - engineio.server - INFO - 9imzW4cpKB0aR3sFAAAE: Received packet MESSAGE data 2["get_job_status",{"job_id":"7601f7d2-09ac-4ec7-a1e0-7903788977a7"}]
2025-07-21 13:44:48,673 - socketio.server - INFO - received event "get_job_status" from hmnlrUWhDLS5vuGAAAAF [/]
2025-07-21 13:44:48,673 - engineio.server - INFO - 9imzW4cpKB0aR3sFAAAE: Received packet MESSAGE data 2["get_job_logs_stream",{"job_id":"7601f7d2-09ac-4ec7-a1e0-7903788977a7","limit":50}]
2025-07-21 13:44:48,673 - socketio.server - INFO - received event "get_job_logs_stream" from hmnlrUWhDLS5vuGAAAAF [/]
2025-07-21 13:44:48,850 - simple_runner - INFO - Job 7601f7d2-09ac-4ec7-a1e0-7903788977a7: 13:44:48 | INFO     | Starting cohort planogram generation for iPad - flagship
2025-07-21 13:44:48,875 - simple_runner - INFO - Job 7601f7d2-09ac-4ec7-a1e0-7903788977a7: 13:44:48 | INFO     | Loaded 23287 cohort records
2025-07-21 13:44:48,876 - simple_runner - INFO - Job 7601f7d2-09ac-4ec7-a1e0-7903788977a7: 13:44:48 | INFO     | Retrieved 1387 records for LOB: iPad
2025-07-21 13:44:48,876 - simple_runner - INFO - Job 7601f7d2-09ac-4ec7-a1e0-7903788977a7: 13:44:48 | INFO     | Generating iPad cohort planogram for flagship store
2025-07-21 13:44:48,895 - simple_runner - INFO - Job 7601f7d2-09ac-4ec7-a1e0-7903788977a7: 13:44:48 | INFO     | Loaded 23287 cohort records
2025-07-21 13:44:48,896 - simple_runner - INFO - Job 7601f7d2-09ac-4ec7-a1e0-7903788977a7: 13:44:48 | INFO     | Retrieved 1387 records for LOB: iPad
2025-07-21 13:44:48,897 - simple_runner - INFO - Job 7601f7d2-09ac-4ec7-a1e0-7903788977a7: 13:44:48 | INFO     | Top 6 core products for iPad: ['iPad Air', 'iPad Pro', 'iPad Standard', 'iPad Mini']
2025-07-21 13:44:48,899 - simple_runner - INFO - Job 7601f7d2-09ac-4ec7-a1e0-7903788977a7: 13:44:48 | INFO     | Top 8 accessory categories for iPad: ['Screen Protector', 'Hub/Adapter', 'Headphones', 'Apple Pencil', 'Cleaning Kit', 'Cable', 'Tracking', 'Charger/Adapter']
2025-07-21 13:44:48,902 - simple_runner - INFO - Job 7601f7d2-09ac-4ec7-a1e0-7903788977a7: 13:44:48 | INFO     | Created cohort matrix: (8, 4)
2025-07-21 13:44:48,905 - simple_runner - INFO - Job 7601f7d2-09ac-4ec7-a1e0-7903788977a7: 13:44:48 | INFO     | Retrieved top 8 cohort pairs
2025-07-21 13:44:48,906 - simple_runner - INFO - Job 7601f7d2-09ac-4ec7-a1e0-7903788977a7: 13:44:48 | INFO     | Generated summary stats for iPad
2025-07-21 13:44:48,906 - socketio.server - INFO - emitting event "job_status" to 7601f7d2-09ac-4ec7-a1e0-7903788977a7 [/]
2025-07-21 13:44:48,906 - engineio.server - INFO - 9imzW4cpKB0aR3sFAAAE: Sending packet MESSAGE data 2["job_status",{"job_id":"7601f7d2-09ac-4ec7-a1e0-7903788977a7","status":"running","progress":95,"logs":["13:44:48 | INFO     | Generated summary stats for iPad"],"timestamp":"2025-07-21T13:44:48.906354"}]
2025-07-21 13:44:49,175 - engineio.server - INFO - 9imzW4cpKB0aR3sFAAAE: Received packet MESSAGE data 2["leave_job",{"job_id":"7601f7d2-09ac-4ec7-a1e0-7903788977a7"}]
2025-07-21 13:44:49,176 - socketio.server - INFO - received event "leave_job" from hmnlrUWhDLS5vuGAAAAF [/]
2025-07-21 13:44:49,176 - engineio.server - INFO - 9imzW4cpKB0aR3sFAAAE: Received packet MESSAGE data 2["join_job",{"job_id":"7601f7d2-09ac-4ec7-a1e0-7903788977a7"}]
2025-07-21 13:44:49,176 - socketio.server - INFO - received event "join_job" from hmnlrUWhDLS5vuGAAAAF [/]
2025-07-21 13:44:49,176 - socketio.server - INFO - hmnlrUWhDLS5vuGAAAAF is leaving room 7601f7d2-09ac-4ec7-a1e0-7903788977a7 [/]
2025-07-21 13:44:49,176 - __main__ - INFO - Client hmnlrUWhDLS5vuGAAAAF left job room: 7601f7d2-09ac-4ec7-a1e0-7903788977a7
2025-07-21 13:44:49,177 - socketio.server - INFO - hmnlrUWhDLS5vuGAAAAF is entering room 7601f7d2-09ac-4ec7-a1e0-7903788977a7 [/]
2025-07-21 13:44:49,177 - __main__ - INFO - Client hmnlrUWhDLS5vuGAAAAF joined job room: 7601f7d2-09ac-4ec7-a1e0-7903788977a7
2025-07-21 13:44:49,177 - socketio.server - INFO - emitting event "job_status" to hmnlrUWhDLS5vuGAAAAF [/]
2025-07-21 13:44:49,177 - engineio.server - INFO - 9imzW4cpKB0aR3sFAAAE: Sending packet MESSAGE data 2["job_status",{"job_id":"7601f7d2-09ac-4ec7-a1e0-7903788977a7","status":"running","progress":0,"logs":["[13:44:48] 13:44:48 | INFO     | Top 6 core products for iPad: ['iPad Air', 'iPad Pro', 'iPad Standard', 'iPad Mini']","[13:44:48] 13:44:48 | INFO     | Top 8 accessory categories for iPad: ['Screen Protector', 'Hub/Adapter', 'Headphones', 'Apple Pencil', 'Cleaning Kit', 'Cable', 'Tracking', 'Charger/Adapter']","[13:44:48] 13:44:48 | INFO     | Created cohort matrix: (8, 4)","[13:44:48] 13:44:48 | INFO     | Retrieved top 8 cohort pairs","[13:44:48] 13:44:48 | INFO     | Generated summary stats for iPad"]}]
2025-07-21 13:44:49,572 - simple_runner - INFO - Job 7601f7d2-09ac-4ec7-a1e0-7903788977a7: 13:44:49 | INFO     | Saved planogram: output\cohort_planograms\ipad_cohort_detailed_flagship.png
2025-07-21 13:44:49,572 - socketio.server - INFO - emitting event "job_status" to 7601f7d2-09ac-4ec7-a1e0-7903788977a7 [/]
2025-07-21 13:44:49,573 - engineio.server - INFO - 9imzW4cpKB0aR3sFAAAE: Sending packet MESSAGE data 2["job_status",{"job_id":"7601f7d2-09ac-4ec7-a1e0-7903788977a7","status":"running","progress":90,"logs":["13:44:49 | INFO     | Saved planogram: output\\cohort_planograms\\ipad_cohort_detailed_flagship.png"],"timestamp":"2025-07-21T13:44:49.572934"}]
2025-07-21 13:44:49,573 - socketio.server - INFO - emitting event "job_status" to 7601f7d2-09ac-4ec7-a1e0-7903788977a7 [/]
2025-07-21 13:44:49,573 - engineio.server - INFO - 9imzW4cpKB0aR3sFAAAE: Sending packet MESSAGE data 2["job_status",{"job_id":"7601f7d2-09ac-4ec7-a1e0-7903788977a7","status":"running","progress":95,"logs":["13:44:49 | INFO     | Saved planogram: output\\cohort_planograms\\ipad_cohort_detailed_flagship.png"],"timestamp":"2025-07-21T13:44:49.573657"}]
2025-07-21 13:44:49,574 - simple_runner - INFO - Job 7601f7d2-09ac-4ec7-a1e0-7903788977a7: 13:44:49 | INFO     | Generated product list: output\cohort_planograms\ipad_cohort_products_flagship.txt
2025-07-21 13:44:49,574 - socketio.server - INFO - emitting event "job_status" to 7601f7d2-09ac-4ec7-a1e0-7903788977a7 [/]
2025-07-21 13:44:49,574 - engineio.server - INFO - 9imzW4cpKB0aR3sFAAAE: Sending packet MESSAGE data 2["job_status",{"job_id":"7601f7d2-09ac-4ec7-a1e0-7903788977a7","status":"running","progress":95,"logs":["13:44:49 | INFO     | Generated product list: output\\cohort_planograms\\ipad_cohort_products_flagship.txt"],"timestamp":"2025-07-21T13:44:49.574520"}]
2025-07-21 13:44:49,574 - simple_runner - INFO - Job 7601f7d2-09ac-4ec7-a1e0-7903788977a7: 13:44:49 | INFO     | Successfully generated cohort planogram: output\cohort_planograms\ipad_cohort_detailed_flagship.png
2025-07-21 13:44:49,574 - simple_runner - INFO - Job 7601f7d2-09ac-4ec7-a1e0-7903788977a7: SUCCESS: Cohort planogram generated: output\cohort_planograms\ipad_cohort_detailed_flagship.png
2025-07-21 13:44:49,574 - socketio.server - INFO - emitting event "job_status" to 7601f7d2-09ac-4ec7-a1e0-7903788977a7 [/]
2025-07-21 13:44:49,575 - engineio.server - INFO - 9imzW4cpKB0aR3sFAAAE: Sending packet MESSAGE data 2["job_status",{"job_id":"7601f7d2-09ac-4ec7-a1e0-7903788977a7","status":"running","progress":95,"logs":["SUCCESS: Cohort planogram generated: output\\cohort_planograms\\ipad_cohort_detailed_flagship.png"],"timestamp":"2025-07-21T13:44:49.574846"}]
2025-07-21 13:44:49,679 - engineio.server - INFO - 9imzW4cpKB0aR3sFAAAE: Received packet MESSAGE data 2["get_job_status",{"job_id":"7601f7d2-09ac-4ec7-a1e0-7903788977a7"}]
2025-07-21 13:44:49,679 - socketio.server - INFO - received event "get_job_status" from hmnlrUWhDLS5vuGAAAAF [/]
2025-07-21 13:44:49,680 - engineio.server - INFO - 9imzW4cpKB0aR3sFAAAE: Received packet MESSAGE data 2["get_job_logs_stream",{"job_id":"7601f7d2-09ac-4ec7-a1e0-7903788977a7","limit":50}]
2025-07-21 13:44:49,680 - socketio.server - INFO - received event "get_job_logs_stream" from hmnlrUWhDLS5vuGAAAAF [/]
2025-07-21 13:44:49,761 - simple_runner - INFO - Found 4 generated files for job 7601f7d2-09ac-4ec7-a1e0-7903788977a7
2025-07-21 13:44:49,761 - socketio.server - INFO - emitting event "job_status" to 7601f7d2-09ac-4ec7-a1e0-7903788977a7 [/]
2025-07-21 13:44:49,762 - engineio.server - INFO - 9imzW4cpKB0aR3sFAAAE: Sending packet MESSAGE data 2["job_status",{"job_id":"7601f7d2-09ac-4ec7-a1e0-7903788977a7","status":"completed","progress":100,"logs":["Operation completed successfully"],"timestamp":"2025-07-21T13:44:49.761858"}]
2025-07-21 13:44:49,762 - socketio.server - INFO - emitting event "optimization_complete" to 7601f7d2-09ac-4ec7-a1e0-7903788977a7 [/]
2025-07-21 13:44:49,762 - engineio.server - INFO - 9imzW4cpKB0aR3sFAAAE: Sending packet MESSAGE data 2["optimization_complete",{"job_id":"7601f7d2-09ac-4ec7-a1e0-7903788977a7","result":{"success":true,"return_code":0,"files":[{"name":"ipad_cohort_detailed_flagship.png","type":"planogram","path":"cohort_planograms\\ipad_cohort_detailed_flagship.png","url":"/api/files/cohort_planograms/ipad_cohort_detailed_flagship.png","download_url":"/api/files/cohort_planograms/ipad_cohort_detailed_flagship.png/download","size":460968,"created":"2025-07-21T13:44:49.151756"},{"name":"ipad_cohort_products_flagship.txt","type":"product_list","path":"cohort_planograms\\ipad_cohort_products_flagship.txt","url":"/api/files/cohort_planograms/ipad_cohort_products_flagship.txt","download_url":"/api/files/cohort_planograms/ipad_cohort_products_flagship.txt/download","size":384,"created":"2025-07-21T13:44:49.567837"},{"name":"ipad_cohort_detailed_flagship.png","type":"planogram","path":"cohort_planograms\\ipad_cohort_detailed_flagship.png","url":"/api/files/cohort_planograms/ipad_cohort_detailed_flagship.png","download_url":"/api/files/cohort_planograms/ipad_cohort_detailed_flagship.png/download","size":460968,"created":"2025-07-21T13:44:49.151756"},{"name":"ipad_cohort_products_flagship.txt","type":"product_list","path":"cohort_planograms\\ipad_cohort_products_flagship.txt","url":"/api/files/cohort_planograms/ipad_cohort_products_flagship.txt","download_url":"/api/files/cohort_planograms/ipad_cohort_products_flagship.txt/download","size":384,"created":"2025-07-21T13:44:49.567837"}],"logs_count":15,"metrics":{"products_placed":38,"products_rejected":10,"average_utilization":80.0,"categories_processed":8,"models_processed":6},"products_placed":38,"products_rejected":10,"warnings":[]},"timestamp":"2025-07-21T13:44:49.762231"}]
2025-07-21 13:44:51,211 - engineio.server - INFO - 9imzW4cpKB0aR3sFAAAE: Received packet MESSAGE data 2["leave_job",{"job_id":"7601f7d2-09ac-4ec7-a1e0-7903788977a7"}]
2025-07-21 13:44:51,211 - socketio.server - INFO - received event "leave_job" from hmnlrUWhDLS5vuGAAAAF [/]
2025-07-21 13:44:51,211 - socketio.server - INFO - hmnlrUWhDLS5vuGAAAAF is leaving room 7601f7d2-09ac-4ec7-a1e0-7903788977a7 [/]
2025-07-21 13:44:51,211 - __main__ - INFO - Client hmnlrUWhDLS5vuGAAAAF left job room: 7601f7d2-09ac-4ec7-a1e0-7903788977a7
2025-07-21 13:44:51,234 - __main__ - INFO - Job 7601f7d2-09ac-4ec7-a1e0-7903788977a7: Found 0 planograms and 4 other files
2025-07-21 13:44:51,234 - __main__ - INFO - Job patterns: ['ipad_cohort_detailed_flagship', 'ipad_cohort_products_flagship', 'ipad_cohort_planogram_flagship', 'ipad_cohort_flagship']
2025-07-21 13:44:51,234 - __main__ - INFO - Job start time: 1753085688.149321 (2025-07-21 13:44:48.149321)
2025-07-21 13:44:51,234 - __main__ - INFO - Other files: ['ipad_cohort_detailed_flagship.png', 'ipad_cohort_products_flagship.txt', 'ipad_cohort_detailed_flagship.png', 'ipad_cohort_products_flagship.txt']
2025-07-21 13:44:57,324 - engineio.server - INFO - 9imzW4cpKB0aR3sFAAAE: Sending packet PING data None
2025-07-21 13:45:17,531 - simple_runner - INFO - Created job b52b1cea-1220-4bfb-be3f-0ae4880a6751 of type cohort
2025-07-21 13:45:17,531 - socketio.server - INFO - emitting event "job_status" to b52b1cea-1220-4bfb-be3f-0ae4880a6751 [/]
2025-07-21 13:45:17,866 - engineio.server - INFO - Xkuqfjiar9kRoJQtAAAG: Sending packet OPEN data {'sid': 'Xkuqfjiar9kRoJQtAAAG', 'upgrades': [], 'pingTimeout': 20000, 'pingInterval': 25000, 'maxPayload': 1000000}
2025-07-21 13:45:17,867 - engineio.server - INFO - Xkuqfjiar9kRoJQtAAAG: Received request to upgrade to websocket
2025-07-21 13:45:17,867 - engineio.server - INFO - Xkuqfjiar9kRoJQtAAAG: Upgrade to websocket successful
2025-07-21 13:45:17,868 - engineio.server - INFO - Xkuqfjiar9kRoJQtAAAG: Received packet MESSAGE data 0
2025-07-21 13:45:17,868 - __main__ - INFO - Client connected: 4qjsP2bmX67BNXZ4AAAH
2025-07-21 13:45:17,868 - socketio.server - INFO - emitting event "connected" to 4qjsP2bmX67BNXZ4AAAH [/]
2025-07-21 13:45:17,869 - engineio.server - INFO - Xkuqfjiar9kRoJQtAAAG: Sending packet MESSAGE data 2["connected",{"message":"Connected to Planogram API"}]
2025-07-21 13:45:17,869 - engineio.server - INFO - Xkuqfjiar9kRoJQtAAAG: Sending packet MESSAGE data 0{"sid":"4qjsP2bmX67BNXZ4AAAH"}
2025-07-21 13:45:17,870 - engineio.server - INFO - Xkuqfjiar9kRoJQtAAAG: Received packet MESSAGE data 2["join_job",{"job_id":"b52b1cea-1220-4bfb-be3f-0ae4880a6751"}]
2025-07-21 13:45:17,870 - socketio.server - INFO - received event "join_job" from 4qjsP2bmX67BNXZ4AAAH [/]
2025-07-21 13:45:17,870 - socketio.server - INFO - 4qjsP2bmX67BNXZ4AAAH is entering room b52b1cea-1220-4bfb-be3f-0ae4880a6751 [/]
2025-07-21 13:45:17,870 - __main__ - INFO - Client 4qjsP2bmX67BNXZ4AAAH joined job room: b52b1cea-1220-4bfb-be3f-0ae4880a6751
2025-07-21 13:45:17,870 - socketio.server - INFO - emitting event "job_status" to 4qjsP2bmX67BNXZ4AAAH [/]
2025-07-21 13:45:17,870 - engineio.server - INFO - Xkuqfjiar9kRoJQtAAAG: Sending packet MESSAGE data 2["job_status",{"job_id":"b52b1cea-1220-4bfb-be3f-0ae4880a6751","status":"running","progress":0,"logs":[]}]
2025-07-21 13:45:18,183 - simple_runner - INFO - Job b52b1cea-1220-4bfb-be3f-0ae4880a6751: 13:45:18 | INFO     | Starting cohort planogram generation for Mac - flagship
2025-07-21 13:45:18,203 - simple_runner - INFO - Job b52b1cea-1220-4bfb-be3f-0ae4880a6751: 13:45:18 | INFO     | Loaded 23287 cohort records
2025-07-21 13:45:18,205 - simple_runner - INFO - Job b52b1cea-1220-4bfb-be3f-0ae4880a6751: 13:45:18 | INFO     | Retrieved 946 records for LOB: Mac
2025-07-21 13:45:18,205 - simple_runner - INFO - Job b52b1cea-1220-4bfb-be3f-0ae4880a6751: 13:45:18 | INFO     | Generating Mac cohort planogram for flagship store
2025-07-21 13:45:18,223 - simple_runner - INFO - Job b52b1cea-1220-4bfb-be3f-0ae4880a6751: 13:45:18 | INFO     | Loaded 23287 cohort records
2025-07-21 13:45:18,224 - simple_runner - INFO - Job b52b1cea-1220-4bfb-be3f-0ae4880a6751: 13:45:18 | INFO     | Retrieved 946 records for LOB: Mac
2025-07-21 13:45:18,564 - engineio.server - INFO - Xkuqfjiar9kRoJQtAAAG: Received packet MESSAGE data 2["leave_job",{"job_id":"b52b1cea-1220-4bfb-be3f-0ae4880a6751"}]
2025-07-21 13:45:18,564 - socketio.server - INFO - received event "leave_job" from 4qjsP2bmX67BNXZ4AAAH [/]
2025-07-21 13:45:18,564 - engineio.server - INFO - Xkuqfjiar9kRoJQtAAAG: Received packet MESSAGE data 2["join_job",{"job_id":"b52b1cea-1220-4bfb-be3f-0ae4880a6751"}]
2025-07-21 13:45:18,564 - socketio.server - INFO - received event "join_job" from 4qjsP2bmX67BNXZ4AAAH [/]
2025-07-21 13:45:18,565 - socketio.server - INFO - 4qjsP2bmX67BNXZ4AAAH is leaving room b52b1cea-1220-4bfb-be3f-0ae4880a6751 [/]
2025-07-21 13:45:18,565 - __main__ - INFO - Client 4qjsP2bmX67BNXZ4AAAH left job room: b52b1cea-1220-4bfb-be3f-0ae4880a6751
2025-07-21 13:45:18,565 - socketio.server - INFO - 4qjsP2bmX67BNXZ4AAAH is entering room b52b1cea-1220-4bfb-be3f-0ae4880a6751 [/]
2025-07-21 13:45:18,565 - __main__ - INFO - Client 4qjsP2bmX67BNXZ4AAAH joined job room: b52b1cea-1220-4bfb-be3f-0ae4880a6751
2025-07-21 13:45:18,566 - socketio.server - INFO - emitting event "job_status" to 4qjsP2bmX67BNXZ4AAAH [/]
2025-07-21 13:45:18,566 - engineio.server - INFO - Xkuqfjiar9kRoJQtAAAG: Sending packet MESSAGE data 2["job_status",{"job_id":"b52b1cea-1220-4bfb-be3f-0ae4880a6751","status":"running","progress":0,"logs":["[13:45:18] 13:45:18 | INFO     | Loaded 23287 cohort records","[13:45:18] 13:45:18 | INFO     | Retrieved 946 records for LOB: Mac","[13:45:18] 13:45:18 | INFO     | Generating Mac cohort planogram for flagship store","[13:45:18] 13:45:18 | INFO     | Loaded 23287 cohort records","[13:45:18] 13:45:18 | INFO     | Retrieved 946 records for LOB: Mac"]}]
2025-07-21 13:45:19,053 - simple_runner - INFO - Job b52b1cea-1220-4bfb-be3f-0ae4880a6751: 13:45:19 | INFO     | Saved planogram: output\cohort_planograms\mac_cohort_detailed_flagship.png
2025-07-21 13:45:19,053 - socketio.server - INFO - emitting event "job_status" to b52b1cea-1220-4bfb-be3f-0ae4880a6751 [/]
2025-07-21 13:45:19,053 - engineio.server - INFO - Xkuqfjiar9kRoJQtAAAG: Sending packet MESSAGE data 2["job_status",{"job_id":"b52b1cea-1220-4bfb-be3f-0ae4880a6751","status":"running","progress":25,"logs":["13:45:19 | INFO     | Saved planogram: output\\cohort_planograms\\mac_cohort_detailed_flagship.png"],"timestamp":"2025-07-21T13:45:19.053716"}]
2025-07-21 13:45:19,054 - socketio.server - INFO - emitting event "job_status" to b52b1cea-1220-4bfb-be3f-0ae4880a6751 [/]
2025-07-21 13:45:19,054 - engineio.server - INFO - Xkuqfjiar9kRoJQtAAAG: Sending packet MESSAGE data 2["job_status",{"job_id":"b52b1cea-1220-4bfb-be3f-0ae4880a6751","status":"running","progress":95,"logs":["13:45:19 | INFO     | Saved planogram: output\\cohort_planograms\\mac_cohort_detailed_flagship.png"],"timestamp":"2025-07-21T13:45:19.054207"}]
2025-07-21 13:45:19,072 - engineio.server - INFO - Xkuqfjiar9kRoJQtAAAG: Received packet MESSAGE data 2["get_job_status",{"job_id":"b52b1cea-1220-4bfb-be3f-0ae4880a6751"}]
2025-07-21 13:45:19,072 - socketio.server - INFO - received event "get_job_status" from 4qjsP2bmX67BNXZ4AAAH [/]
2025-07-21 13:45:19,072 - engineio.server - INFO - Xkuqfjiar9kRoJQtAAAG: Received packet MESSAGE data 2["get_job_logs_stream",{"job_id":"b52b1cea-1220-4bfb-be3f-0ae4880a6751","limit":50}]
2025-07-21 13:45:19,072 - socketio.server - INFO - received event "get_job_logs_stream" from 4qjsP2bmX67BNXZ4AAAH [/]
2025-07-21 13:45:19,087 - simple_runner - INFO - Job b52b1cea-1220-4bfb-be3f-0ae4880a6751: 13:45:19 | INFO     | Generated detailed product list: output\cohort_planograms\mac_cohort_products_flagship.txt
2025-07-21 13:45:19,088 - socketio.server - INFO - emitting event "job_status" to b52b1cea-1220-4bfb-be3f-0ae4880a6751 [/]
2025-07-21 13:45:19,088 - engineio.server - INFO - Xkuqfjiar9kRoJQtAAAG: Sending packet MESSAGE data 2["job_status",{"job_id":"b52b1cea-1220-4bfb-be3f-0ae4880a6751","status":"running","progress":95,"logs":["13:45:19 | INFO     | Generated detailed product list: output\\cohort_planograms\\mac_cohort_products_flagship.txt"],"timestamp":"2025-07-21T13:45:19.087987"}]
2025-07-21 13:45:19,088 - simple_runner - INFO - Job b52b1cea-1220-4bfb-be3f-0ae4880a6751: 13:45:19 | INFO     | Successfully generated cohort planogram: output\cohort_planograms\mac_cohort_detailed_flagship.png
2025-07-21 13:45:19,089 - simple_runner - INFO - Job b52b1cea-1220-4bfb-be3f-0ae4880a6751: SUCCESS: Cohort planogram generated: output\cohort_planograms\mac_cohort_detailed_flagship.png
2025-07-21 13:45:19,089 - socketio.server - INFO - emitting event "job_status" to b52b1cea-1220-4bfb-be3f-0ae4880a6751 [/]
2025-07-21 13:45:19,089 - engineio.server - INFO - Xkuqfjiar9kRoJQtAAAG: Sending packet MESSAGE data 2["job_status",{"job_id":"b52b1cea-1220-4bfb-be3f-0ae4880a6751","status":"running","progress":95,"logs":["SUCCESS: Cohort planogram generated: output\\cohort_planograms\\mac_cohort_detailed_flagship.png"],"timestamp":"2025-07-21T13:45:19.089065"}]
2025-07-21 13:45:19,278 - simple_runner - INFO - Found 4 generated files for job b52b1cea-1220-4bfb-be3f-0ae4880a6751
2025-07-21 13:45:19,278 - socketio.server - INFO - emitting event "job_status" to b52b1cea-1220-4bfb-be3f-0ae4880a6751 [/]
2025-07-21 13:45:19,279 - engineio.server - INFO - Xkuqfjiar9kRoJQtAAAG: Sending packet MESSAGE data 2["job_status",{"job_id":"b52b1cea-1220-4bfb-be3f-0ae4880a6751","status":"completed","progress":100,"logs":["Operation completed successfully"],"timestamp":"2025-07-21T13:45:19.278838"}]
2025-07-21 13:45:19,279 - socketio.server - INFO - emitting event "optimization_complete" to b52b1cea-1220-4bfb-be3f-0ae4880a6751 [/]
2025-07-21 13:45:19,279 - engineio.server - INFO - Xkuqfjiar9kRoJQtAAAG: Sending packet MESSAGE data 2["optimization_complete",{"job_id":"b52b1cea-1220-4bfb-be3f-0ae4880a6751","result":{"success":true,"return_code":0,"files":[{"name":"mac_cohort_detailed_flagship.png","type":"planogram","path":"cohort_planograms\\mac_cohort_detailed_flagship.png","url":"/api/files/cohort_planograms/mac_cohort_detailed_flagship.png","download_url":"/api/files/cohort_planograms/mac_cohort_detailed_flagship.png/download","size":687692,"created":"2025-07-21T13:45:18.567407"},{"name":"mac_cohort_products_flagship.txt","type":"product_list","path":"cohort_planograms\\mac_cohort_products_flagship.txt","url":"/api/files/cohort_planograms/mac_cohort_products_flagship.txt","download_url":"/api/files/cohort_planograms/mac_cohort_products_flagship.txt/download","size":16288,"created":"2025-07-21T13:45:19.040848"},{"name":"mac_cohort_detailed_flagship.png","type":"planogram","path":"cohort_planograms\\mac_cohort_detailed_flagship.png","url":"/api/files/cohort_planograms/mac_cohort_detailed_flagship.png","download_url":"/api/files/cohort_planograms/mac_cohort_detailed_flagship.png/download","size":687692,"created":"2025-07-21T13:45:18.567407"},{"name":"mac_cohort_products_flagship.txt","type":"product_list","path":"cohort_planograms\\mac_cohort_products_flagship.txt","url":"/api/files/cohort_planograms/mac_cohort_products_flagship.txt","download_url":"/api/files/cohort_planograms/mac_cohort_products_flagship.txt/download","size":16288,"created":"2025-07-21T13:45:19.040848"}],"logs_count":10,"metrics":{"products_placed":18,"products_rejected":6,"average_utilization":75.0,"categories_processed":6,"models_processed":4},"products_placed":18,"products_rejected":6,"warnings":[]},"timestamp":"2025-07-21T13:45:19.279294"}]
2025-07-21 13:45:20,593 - engineio.server - INFO - Xkuqfjiar9kRoJQtAAAG: Received packet MESSAGE data 2["leave_job",{"job_id":"b52b1cea-1220-4bfb-be3f-0ae4880a6751"}]
2025-07-21 13:45:20,593 - socketio.server - INFO - received event "leave_job" from 4qjsP2bmX67BNXZ4AAAH [/]
2025-07-21 13:45:20,593 - socketio.server - INFO - 4qjsP2bmX67BNXZ4AAAH is leaving room b52b1cea-1220-4bfb-be3f-0ae4880a6751 [/]
2025-07-21 13:45:20,594 - __main__ - INFO - Client 4qjsP2bmX67BNXZ4AAAH left job room: b52b1cea-1220-4bfb-be3f-0ae4880a6751
2025-07-21 13:45:20,624 - __main__ - INFO - Job b52b1cea-1220-4bfb-be3f-0ae4880a6751: Found 0 planograms and 4 other files
2025-07-21 13:45:20,624 - __main__ - INFO - Job patterns: ['mac_cohort_detailed_flagship', 'mac_cohort_products_flagship', 'mac_cohort_planogram_flagship', 'mac_cohort_flagship']
2025-07-21 13:45:20,624 - __main__ - INFO - Job start time: 1753085717.531647 (2025-07-21 13:45:17.531647)
2025-07-21 13:45:20,624 - __main__ - INFO - Other files: ['mac_cohort_detailed_flagship.png', 'mac_cohort_products_flagship.txt', 'mac_cohort_detailed_flagship.png', 'mac_cohort_products_flagship.txt']
2025-07-21 13:45:24,098 - engineio.server - INFO - 9imzW4cpKB0aR3sFAAAE: Client is gone, closing socket
2025-07-21 13:45:24,099 - __main__ - INFO - Client disconnected: hmnlrUWhDLS5vuGAAAAF
2025-07-21 13:45:24,099 - engineio.server - INFO - 9imzW4cpKB0aR3sFAAAE: Client is gone, closing socket
2025-07-21 13:45:39,068 - simple_runner - INFO - Created job 1e776fd3-7418-4d81-9718-b570f9af2f81 of type cohort
2025-07-21 13:45:39,068 - socketio.server - INFO - emitting event "job_status" to 1e776fd3-7418-4d81-9718-b570f9af2f81 [/]
2025-07-21 13:45:39,089 - engineio.server - INFO - Xkuqfjiar9kRoJQtAAAG: Received packet MESSAGE data 2["join_job",{"job_id":"1e776fd3-7418-4d81-9718-b570f9af2f81"}]
2025-07-21 13:45:39,090 - socketio.server - INFO - received event "join_job" from 4qjsP2bmX67BNXZ4AAAH [/]
2025-07-21 13:45:39,090 - socketio.server - INFO - 4qjsP2bmX67BNXZ4AAAH is entering room 1e776fd3-7418-4d81-9718-b570f9af2f81 [/]
2025-07-21 13:45:39,090 - __main__ - INFO - Client 4qjsP2bmX67BNXZ4AAAH joined job room: 1e776fd3-7418-4d81-9718-b570f9af2f81
2025-07-21 13:45:39,091 - socketio.server - INFO - emitting event "job_status" to 4qjsP2bmX67BNXZ4AAAH [/]
2025-07-21 13:45:39,091 - engineio.server - INFO - Xkuqfjiar9kRoJQtAAAG: Sending packet MESSAGE data 2["job_status",{"job_id":"1e776fd3-7418-4d81-9718-b570f9af2f81","status":"running","progress":0,"logs":[]}]
2025-07-21 13:45:39,591 - engineio.server - INFO - Xkuqfjiar9kRoJQtAAAG: Received packet MESSAGE data 2["get_job_status",{"job_id":"1e776fd3-7418-4d81-9718-b570f9af2f81"}]
2025-07-21 13:45:39,591 - socketio.server - INFO - received event "get_job_status" from 4qjsP2bmX67BNXZ4AAAH [/]
2025-07-21 13:45:39,591 - engineio.server - INFO - Xkuqfjiar9kRoJQtAAAG: Received packet MESSAGE data 2["get_job_logs_stream",{"job_id":"1e776fd3-7418-4d81-9718-b570f9af2f81","limit":50}]
2025-07-21 13:45:39,591 - socketio.server - INFO - received event "get_job_logs_stream" from 4qjsP2bmX67BNXZ4AAAH [/]
2025-07-21 13:45:39,801 - simple_runner - INFO - Job 1e776fd3-7418-4d81-9718-b570f9af2f81: 13:45:39 | INFO     | Starting cohort planogram generation for Watch - flagship
2025-07-21 13:45:39,825 - simple_runner - INFO - Job 1e776fd3-7418-4d81-9718-b570f9af2f81: 13:45:39 | INFO     | Loaded 23287 cohort records
2025-07-21 13:45:39,826 - simple_runner - INFO - Job 1e776fd3-7418-4d81-9718-b570f9af2f81: 13:45:39 | INFO     | Retrieved 1419 records for LOB: Watch
2025-07-21 13:45:39,826 - simple_runner - INFO - Job 1e776fd3-7418-4d81-9718-b570f9af2f81: 13:45:39 | INFO     | Generating Watch cohort planogram for flagship store
2025-07-21 13:45:39,846 - simple_runner - INFO - Job 1e776fd3-7418-4d81-9718-b570f9af2f81: 13:45:39 | INFO     | Loaded 23287 cohort records
2025-07-21 13:45:39,847 - simple_runner - INFO - Job 1e776fd3-7418-4d81-9718-b570f9af2f81: 13:45:39 | INFO     | Retrieved 1419 records for LOB: Watch
2025-07-21 13:45:39,856 - simple_runner - INFO - Job 1e776fd3-7418-4d81-9718-b570f9af2f81: 13:45:39 | INFO     | Top 4 core products for Watch: ['Apple Watch Other', 'Apple Watch SE', 'Apple Watch Series', 'Apple Watch Ultra']
2025-07-21 13:45:39,856 - simple_runner - INFO - Job 1e776fd3-7418-4d81-9718-b570f9af2f81: 13:45:39 | INFO     | Top 6 accessory categories for Watch: ['Screen Protector', 'Wireless Charger', 'Headphones', 'Cleaning Kit', 'Cable', 'Charger/Adapter']
2025-07-21 13:45:40,098 - engineio.server - INFO - Xkuqfjiar9kRoJQtAAAG: Received packet MESSAGE data 2["leave_job",{"job_id":"1e776fd3-7418-4d81-9718-b570f9af2f81"}]
2025-07-21 13:45:40,098 - socketio.server - INFO - received event "leave_job" from 4qjsP2bmX67BNXZ4AAAH [/]
2025-07-21 13:45:40,098 - engineio.server - INFO - Xkuqfjiar9kRoJQtAAAG: Received packet MESSAGE data 2["join_job",{"job_id":"1e776fd3-7418-4d81-9718-b570f9af2f81"}]
2025-07-21 13:45:40,098 - socketio.server - INFO - received event "join_job" from 4qjsP2bmX67BNXZ4AAAH [/]
2025-07-21 13:45:40,099 - socketio.server - INFO - 4qjsP2bmX67BNXZ4AAAH is leaving room 1e776fd3-7418-4d81-9718-b570f9af2f81 [/]
2025-07-21 13:45:40,099 - __main__ - INFO - Client 4qjsP2bmX67BNXZ4AAAH left job room: 1e776fd3-7418-4d81-9718-b570f9af2f81
2025-07-21 13:45:40,099 - socketio.server - INFO - 4qjsP2bmX67BNXZ4AAAH is entering room 1e776fd3-7418-4d81-9718-b570f9af2f81 [/]
2025-07-21 13:45:40,099 - __main__ - INFO - Client 4qjsP2bmX67BNXZ4AAAH joined job room: 1e776fd3-7418-4d81-9718-b570f9af2f81
2025-07-21 13:45:40,099 - socketio.server - INFO - emitting event "job_status" to 4qjsP2bmX67BNXZ4AAAH [/]
2025-07-21 13:45:40,099 - engineio.server - INFO - Xkuqfjiar9kRoJQtAAAG: Sending packet MESSAGE data 2["job_status",{"job_id":"1e776fd3-7418-4d81-9718-b570f9af2f81","status":"running","progress":0,"logs":["[13:45:39] 13:45:39 | INFO     | Generating Watch cohort planogram for flagship store","[13:45:39] 13:45:39 | INFO     | Loaded 23287 cohort records","[13:45:39] 13:45:39 | INFO     | Retrieved 1419 records for LOB: Watch","[13:45:39] 13:45:39 | INFO     | Top 4 core products for Watch: ['Apple Watch Other', 'Apple Watch SE', 'Apple Watch Series', 'Apple Watch Ultra']","[13:45:39] 13:45:39 | INFO     | Top 6 accessory categories for Watch: ['Screen Protector', 'Wireless Charger', 'Headphones', 'Cleaning Kit', 'Cable', 'Charger/Adapter']"]}]
2025-07-21 13:45:40,411 - simple_runner - INFO - Job 1e776fd3-7418-4d81-9718-b570f9af2f81: 13:45:40 | INFO     | Saved planogram: output\cohort_planograms\watch_cohort_detailed_flagship.png
2025-07-21 13:45:40,411 - socketio.server - INFO - emitting event "job_status" to 1e776fd3-7418-4d81-9718-b570f9af2f81 [/]
2025-07-21 13:45:40,412 - engineio.server - INFO - Xkuqfjiar9kRoJQtAAAG: Sending packet MESSAGE data 2["job_status",{"job_id":"1e776fd3-7418-4d81-9718-b570f9af2f81","status":"running","progress":25,"logs":["13:45:40 | INFO     | Saved planogram: output\\cohort_planograms\\watch_cohort_detailed_flagship.png"],"timestamp":"2025-07-21T13:45:40.411698"}]
2025-07-21 13:45:40,412 - socketio.server - INFO - emitting event "job_status" to 1e776fd3-7418-4d81-9718-b570f9af2f81 [/]
2025-07-21 13:45:40,412 - engineio.server - INFO - Xkuqfjiar9kRoJQtAAAG: Sending packet MESSAGE data 2["job_status",{"job_id":"1e776fd3-7418-4d81-9718-b570f9af2f81","status":"running","progress":95,"logs":["13:45:40 | INFO     | Saved planogram: output\\cohort_planograms\\watch_cohort_detailed_flagship.png"],"timestamp":"2025-07-21T13:45:40.412431"}]
2025-07-21 13:45:40,412 - simple_runner - INFO - Job 1e776fd3-7418-4d81-9718-b570f9af2f81: 13:45:40 | INFO     | Successfully generated cohort planogram: output\cohort_planograms\watch_cohort_detailed_flagship.png
2025-07-21 13:45:40,413 - simple_runner - INFO - Job 1e776fd3-7418-4d81-9718-b570f9af2f81: SUCCESS: Cohort planogram generated: output\cohort_planograms\watch_cohort_detailed_flagship.png
2025-07-21 13:45:40,413 - socketio.server - INFO - emitting event "job_status" to 1e776fd3-7418-4d81-9718-b570f9af2f81 [/]
2025-07-21 13:45:40,413 - engineio.server - INFO - Xkuqfjiar9kRoJQtAAAG: Sending packet MESSAGE data 2["job_status",{"job_id":"1e776fd3-7418-4d81-9718-b570f9af2f81","status":"running","progress":95,"logs":["SUCCESS: Cohort planogram generated: output\\cohort_planograms\\watch_cohort_detailed_flagship.png"],"timestamp":"2025-07-21T13:45:40.413165"}]
2025-07-21 13:45:40,609 - engineio.server - INFO - Xkuqfjiar9kRoJQtAAAG: Received packet MESSAGE data 2["get_job_status",{"job_id":"1e776fd3-7418-4d81-9718-b570f9af2f81"}]
2025-07-21 13:45:40,610 - socketio.server - INFO - received event "get_job_status" from 4qjsP2bmX67BNXZ4AAAH [/]
2025-07-21 13:45:40,610 - engineio.server - INFO - Xkuqfjiar9kRoJQtAAAG: Received packet MESSAGE data 2["get_job_logs_stream",{"job_id":"1e776fd3-7418-4d81-9718-b570f9af2f81","limit":50}]
2025-07-21 13:45:40,610 - socketio.server - INFO - received event "get_job_logs_stream" from 4qjsP2bmX67BNXZ4AAAH [/]
2025-07-21 13:45:40,614 - simple_runner - INFO - Found 2 generated files for job 1e776fd3-7418-4d81-9718-b570f9af2f81
2025-07-21 13:45:40,614 - socketio.server - INFO - emitting event "job_status" to 1e776fd3-7418-4d81-9718-b570f9af2f81 [/]
2025-07-21 13:45:40,614 - engineio.server - INFO - Xkuqfjiar9kRoJQtAAAG: Sending packet MESSAGE data 2["job_status",{"job_id":"1e776fd3-7418-4d81-9718-b570f9af2f81","status":"completed","progress":100,"logs":["Operation completed successfully"],"timestamp":"2025-07-21T13:45:40.614214"}]
2025-07-21 13:45:40,614 - socketio.server - INFO - emitting event "optimization_complete" to 1e776fd3-7418-4d81-9718-b570f9af2f81 [/]
2025-07-21 13:45:40,614 - engineio.server - INFO - Xkuqfjiar9kRoJQtAAAG: Sending packet MESSAGE data 2["optimization_complete",{"job_id":"1e776fd3-7418-4d81-9718-b570f9af2f81","result":{"success":true,"return_code":0,"files":[{"name":"watch_cohort_detailed_flagship.png","type":"planogram","path":"cohort_planograms\\watch_cohort_detailed_flagship.png","url":"/api/files/cohort_planograms/watch_cohort_detailed_flagship.png","download_url":"/api/files/cohort_planograms/watch_cohort_detailed_flagship.png/download","size":345710,"created":"2025-07-21T13:45:40.030636"},{"name":"watch_cohort_detailed_flagship.png","type":"planogram","path":"cohort_planograms\\watch_cohort_detailed_flagship.png","url":"/api/files/cohort_planograms/watch_cohort_detailed_flagship.png","download_url":"/api/files/cohort_planograms/watch_cohort_detailed_flagship.png/download","size":345710,"created":"2025-07-21T13:45:40.030636"}],"logs_count":11,"metrics":{"products_placed":16,"products_rejected":8,"average_utilization":70.0,"categories_processed":6,"models_processed":4},"products_placed":16,"products_rejected":8,"warnings":[]},"timestamp":"2025-07-21T13:45:40.614459"}]
2025-07-21 13:45:42,115 - engineio.server - INFO - Xkuqfjiar9kRoJQtAAAG: Received packet MESSAGE data 2["leave_job",{"job_id":"1e776fd3-7418-4d81-9718-b570f9af2f81"}]
2025-07-21 13:45:42,115 - socketio.server - INFO - received event "leave_job" from 4qjsP2bmX67BNXZ4AAAH [/]
2025-07-21 13:45:42,116 - socketio.server - INFO - 4qjsP2bmX67BNXZ4AAAH is leaving room 1e776fd3-7418-4d81-9718-b570f9af2f81 [/]
2025-07-21 13:45:42,116 - __main__ - INFO - Client 4qjsP2bmX67BNXZ4AAAH left job room: 1e776fd3-7418-4d81-9718-b570f9af2f81
2025-07-21 13:45:42,143 - __main__ - INFO - Job 1e776fd3-7418-4d81-9718-b570f9af2f81: Found 0 planograms and 2 other files
2025-07-21 13:45:42,143 - __main__ - INFO - Job patterns: ['watch_cohort_detailed_flagship', 'watch_cohort_products_flagship', 'watch_cohort_planogram_flagship', 'watch_cohort_flagship']
2025-07-21 13:45:42,143 - __main__ - INFO - Job start time: 1753085739.068756 (2025-07-21 13:45:39.068756)
2025-07-21 13:45:42,143 - __main__ - INFO - Other files: ['watch_cohort_detailed_flagship.png', 'watch_cohort_detailed_flagship.png']
2025-07-21 13:45:42,875 - engineio.server - INFO - Xkuqfjiar9kRoJQtAAAG: Sending packet PING data None
2025-07-21 13:46:03,580 - __main__ - INFO - Client disconnected: 4qjsP2bmX67BNXZ4AAAH
2025-07-21 13:46:05,663 - engineio.server - INFO - XhkzB_118fGGDmrqAAAI: Sending packet OPEN data {'sid': 'XhkzB_118fGGDmrqAAAI', 'upgrades': [], 'pingTimeout': 20000, 'pingInterval': 25000, 'maxPayload': 1000000}
2025-07-21 13:46:05,663 - engineio.server - INFO - XhkzB_118fGGDmrqAAAI: Received request to upgrade to websocket
2025-07-21 13:46:05,663 - engineio.server - INFO - XhkzB_118fGGDmrqAAAI: Upgrade to websocket successful
2025-07-21 13:46:05,664 - engineio.server - INFO - XhkzB_118fGGDmrqAAAI: Received packet MESSAGE data 0
2025-07-21 13:46:05,664 - __main__ - INFO - Client connected: LNY8fLtygeZ5Wu_kAAAJ
2025-07-21 13:46:05,664 - socketio.server - INFO - emitting event "connected" to LNY8fLtygeZ5Wu_kAAAJ [/]
2025-07-21 13:46:05,664 - engineio.server - INFO - XhkzB_118fGGDmrqAAAI: Sending packet MESSAGE data 2["connected",{"message":"Connected to Planogram API"}]
2025-07-21 13:46:05,665 - engineio.server - INFO - XhkzB_118fGGDmrqAAAI: Sending packet MESSAGE data 0{"sid":"LNY8fLtygeZ5Wu_kAAAJ"}
2025-07-21 13:46:30,678 - engineio.server - INFO - XhkzB_118fGGDmrqAAAI: Sending packet PING data None
2025-07-21 13:46:30,679 - engineio.server - INFO - XhkzB_118fGGDmrqAAAI: Received packet PONG data 
2025-07-21 13:46:55,694 - engineio.server - INFO - XhkzB_118fGGDmrqAAAI: Sending packet PING data None
2025-07-21 13:46:55,695 - engineio.server - INFO - XhkzB_118fGGDmrqAAAI: Received packet PONG data 
2025-07-21 13:47:19,882 - werkzeug - INFO -  * Detected change in 'c:\\Users\\Shivansh Pal\\Desktop\\Planogram_Project\\web-ui\\backend\\test_patterns.py', reloading
2025-07-21 13:47:19,883 - werkzeug - INFO -  * Detected change in 'c:\\Users\\Shivansh Pal\\Desktop\\Planogram_Project\\web-ui\\backend\\test_patterns.py', reloading
2025-07-21 13:47:19,884 - werkzeug - INFO -  * Detected change in 'c:\\Users\\Shivansh Pal\\Desktop\\Planogram_Project\\web-ui\\backend\\test_patterns.py', reloading
2025-07-21 13:47:20,308 - werkzeug - INFO -  * Detected change in 'c:\\Users\\Shivansh Pal\\Desktop\\Planogram_Project\\test_pipeline.py', reloading
2025-07-21 13:47:20,346 - werkzeug - INFO -  * Detected change in 'c:\\Users\\Shivansh Pal\\Desktop\\Planogram_Project\\src\\data_processing\\data_validator.py', reloading
2025-07-21 13:47:20,372 - werkzeug - INFO -  * Detected change in 'c:\\Users\\Shivansh Pal\\Desktop\\Planogram_Project\\src\\utils\\logger.py', reloading
2025-07-21 13:47:20,575 - werkzeug - INFO -  * Restarting with watchdog (windowsapi)
2025-07-21 13:47:21,848 - engineio.server - INFO - Server initialized for eventlet.
2025-07-21 13:47:21,855 - __main__ - INFO - Starting simplified Planogram Web UI backend
2025-07-21 13:47:21,855 - __main__ - INFO - Project root: c:\Users\Shivansh Pal\Desktop\Planogram_Project
2025-07-21 13:47:21,869 - werkzeug - WARNING -  * Debugger is active!
2025-07-21 13:47:21,872 - werkzeug - INFO -  * Debugger PIN: 567-306-382
2025-07-21 13:47:22,678 - engineio.server - INFO - 21Es75Bln5rahnTJAAAA: Sending packet OPEN data {'sid': '21Es75Bln5rahnTJAAAA', 'upgrades': [], 'pingTimeout': 20000, 'pingInterval': 25000, 'maxPayload': 1000000}
2025-07-21 13:47:22,678 - engineio.server - INFO - 21Es75Bln5rahnTJAAAA: Received request to upgrade to websocket
2025-07-21 13:47:22,678 - engineio.server - INFO - 21Es75Bln5rahnTJAAAA: Upgrade to websocket successful
2025-07-21 13:47:22,680 - engineio.server - INFO - 21Es75Bln5rahnTJAAAA: Received packet MESSAGE data 0
2025-07-21 13:47:22,681 - __main__ - INFO - Client connected: hR-W-0bEK8rjKERCAAAB
2025-07-21 13:47:22,681 - socketio.server - INFO - emitting event "connected" to hR-W-0bEK8rjKERCAAAB [/]
2025-07-21 13:47:22,681 - engineio.server - INFO - 21Es75Bln5rahnTJAAAA: Sending packet MESSAGE data 2["connected",{"message":"Connected to Planogram API"}]
2025-07-21 13:47:22,681 - engineio.server - INFO - 21Es75Bln5rahnTJAAAA: Sending packet MESSAGE data 0{"sid":"hR-W-0bEK8rjKERCAAAB"}
2025-07-21 13:47:47,691 - engineio.server - INFO - 21Es75Bln5rahnTJAAAA: Sending packet PING data None
2025-07-21 13:47:47,692 - engineio.server - INFO - 21Es75Bln5rahnTJAAAA: Received packet PONG data 
2025-07-21 13:48:12,706 - engineio.server - INFO - 21Es75Bln5rahnTJAAAA: Sending packet PING data None
2025-07-21 13:48:12,707 - engineio.server - INFO - 21Es75Bln5rahnTJAAAA: Received packet PONG data 
2025-07-21 13:48:31,960 - werkzeug - INFO -  * Detected change in 'c:\\Users\\Shivansh Pal\\Desktop\\Planogram_Project\\src\\cohort_planogram\\watch_cohort.py', reloading
2025-07-21 13:48:31,961 - werkzeug - INFO -  * Detected change in 'c:\\Users\\Shivansh Pal\\Desktop\\Planogram_Project\\src\\cohort_planogram\\watch_cohort.py', reloading
2025-07-21 13:48:31,962 - werkzeug - INFO -  * Detected change in 'c:\\Users\\Shivansh Pal\\Desktop\\Planogram_Project\\src\\cohort_planogram\\watch_cohort.py', reloading
2025-07-21 13:48:32,983 - werkzeug - INFO -  * Restarting with watchdog (windowsapi)
2025-07-21 13:48:34,157 - engineio.server - INFO - Server initialized for eventlet.
2025-07-21 13:48:34,165 - __main__ - INFO - Starting simplified Planogram Web UI backend
2025-07-21 13:48:34,165 - __main__ - INFO - Project root: c:\Users\Shivansh Pal\Desktop\Planogram_Project
2025-07-21 13:48:34,180 - werkzeug - WARNING -  * Debugger is active!
2025-07-21 13:48:34,182 - werkzeug - INFO -  * Debugger PIN: 567-306-382
2025-07-21 13:48:34,673 - engineio.server - INFO - U5iEu7orJPksOoncAAAA: Sending packet OPEN data {'sid': 'U5iEu7orJPksOoncAAAA', 'upgrades': [], 'pingTimeout': 20000, 'pingInterval': 25000, 'maxPayload': 1000000}
2025-07-21 13:48:34,673 - engineio.server - INFO - U5iEu7orJPksOoncAAAA: Received request to upgrade to websocket
2025-07-21 13:48:34,674 - engineio.server - INFO - U5iEu7orJPksOoncAAAA: Upgrade to websocket successful
2025-07-21 13:48:34,676 - engineio.server - INFO - U5iEu7orJPksOoncAAAA: Received packet MESSAGE data 0
2025-07-21 13:48:34,677 - __main__ - INFO - Client connected: DgX1BFX5DdhwZbLUAAAB
2025-07-21 13:48:34,677 - socketio.server - INFO - emitting event "connected" to DgX1BFX5DdhwZbLUAAAB [/]
2025-07-21 13:48:34,677 - engineio.server - INFO - U5iEu7orJPksOoncAAAA: Sending packet MESSAGE data 2["connected",{"message":"Connected to Planogram API"}]
2025-07-21 13:48:34,677 - engineio.server - INFO - U5iEu7orJPksOoncAAAA: Sending packet MESSAGE data 0{"sid":"DgX1BFX5DdhwZbLUAAAB"}
2025-07-21 13:48:59,391 - werkzeug - INFO -  * Detected change in 'c:\\Users\\Shivansh Pal\\Desktop\\Planogram_Project\\src\\cohort_planogram\\watch_cohort.py', reloading
2025-07-21 13:48:59,392 - werkzeug - INFO -  * Detected change in 'c:\\Users\\Shivansh Pal\\Desktop\\Planogram_Project\\src\\cohort_planogram\\watch_cohort.py', reloading
2025-07-21 13:48:59,709 - werkzeug - INFO -  * Restarting with watchdog (windowsapi)
2025-07-21 13:49:00,844 - engineio.server - INFO - Server initialized for eventlet.
2025-07-21 13:49:00,851 - __main__ - INFO - Starting simplified Planogram Web UI backend
2025-07-21 13:49:00,851 - __main__ - INFO - Project root: c:\Users\Shivansh Pal\Desktop\Planogram_Project
2025-07-21 13:49:00,864 - werkzeug - WARNING -  * Debugger is active!
2025-07-21 13:49:00,867 - werkzeug - INFO -  * Debugger PIN: 567-306-382
2025-07-21 13:49:01,675 - engineio.server - INFO - LY997gDLPjqj5W7gAAAA: Sending packet OPEN data {'sid': 'LY997gDLPjqj5W7gAAAA', 'upgrades': [], 'pingTimeout': 20000, 'pingInterval': 25000, 'maxPayload': 1000000}
2025-07-21 13:49:01,676 - engineio.server - INFO - LY997gDLPjqj5W7gAAAA: Received request to upgrade to websocket
2025-07-21 13:49:01,676 - engineio.server - INFO - LY997gDLPjqj5W7gAAAA: Upgrade to websocket successful
2025-07-21 13:49:01,678 - engineio.server - INFO - LY997gDLPjqj5W7gAAAA: Received packet MESSAGE data 0
2025-07-21 13:49:01,679 - __main__ - INFO - Client connected: joS-MSHx7Fc8JhXNAAAB
2025-07-21 13:49:01,679 - socketio.server - INFO - emitting event "connected" to joS-MSHx7Fc8JhXNAAAB [/]
2025-07-21 13:49:01,679 - engineio.server - INFO - LY997gDLPjqj5W7gAAAA: Sending packet MESSAGE data 2["connected",{"message":"Connected to Planogram API"}]
2025-07-21 13:49:01,679 - engineio.server - INFO - LY997gDLPjqj5W7gAAAA: Sending packet MESSAGE data 0{"sid":"joS-MSHx7Fc8JhXNAAAB"}
2025-07-21 13:49:26,685 - engineio.server - INFO - LY997gDLPjqj5W7gAAAA: Sending packet PING data None
2025-07-21 13:49:26,686 - engineio.server - INFO - LY997gDLPjqj5W7gAAAA: Received packet PONG data 
2025-07-21 13:49:51,691 - engineio.server - INFO - LY997gDLPjqj5W7gAAAA: Sending packet PING data None
2025-07-21 13:49:51,693 - engineio.server - INFO - LY997gDLPjqj5W7gAAAA: Received packet PONG data 
2025-07-21 13:49:59,805 - werkzeug - INFO -  * Detected change in 'c:\\Users\\Shivansh Pal\\Desktop\\Planogram_Project\\src\\cohort_planogram\\watch_cohort.py', reloading
2025-07-21 13:49:59,807 - werkzeug - INFO -  * Detected change in 'c:\\Users\\Shivansh Pal\\Desktop\\Planogram_Project\\src\\cohort_planogram\\watch_cohort.py', reloading
2025-07-21 13:49:59,807 - werkzeug - INFO -  * Detected change in 'c:\\Users\\Shivansh Pal\\Desktop\\Planogram_Project\\src\\cohort_planogram\\watch_cohort.py', reloading
2025-07-21 13:50:00,657 - werkzeug - INFO -  * Restarting with watchdog (windowsapi)
2025-07-21 13:50:01,681 - engineio.server - INFO - Server initialized for eventlet.
2025-07-21 13:50:01,689 - __main__ - INFO - Starting simplified Planogram Web UI backend
2025-07-21 13:50:01,689 - __main__ - INFO - Project root: c:\Users\Shivansh Pal\Desktop\Planogram_Project
2025-07-21 13:50:01,701 - werkzeug - WARNING -  * Debugger is active!
2025-07-21 13:50:01,705 - werkzeug - INFO -  * Debugger PIN: 567-306-382
2025-07-21 13:50:02,685 - engineio.server - INFO - KUNkcYPGLRMdX8-9AAAA: Sending packet OPEN data {'sid': 'KUNkcYPGLRMdX8-9AAAA', 'upgrades': [], 'pingTimeout': 20000, 'pingInterval': 25000, 'maxPayload': 1000000}
2025-07-21 13:50:02,685 - engineio.server - INFO - KUNkcYPGLRMdX8-9AAAA: Received request to upgrade to websocket
2025-07-21 13:50:02,686 - engineio.server - INFO - KUNkcYPGLRMdX8-9AAAA: Upgrade to websocket successful
2025-07-21 13:50:02,687 - engineio.server - INFO - KUNkcYPGLRMdX8-9AAAA: Received packet MESSAGE data 0
2025-07-21 13:50:02,688 - __main__ - INFO - Client connected: YwRZRVAoepV73sY2AAAB
2025-07-21 13:50:02,688 - socketio.server - INFO - emitting event "connected" to YwRZRVAoepV73sY2AAAB [/]
2025-07-21 13:50:02,688 - engineio.server - INFO - KUNkcYPGLRMdX8-9AAAA: Sending packet MESSAGE data 2["connected",{"message":"Connected to Planogram API"}]
2025-07-21 13:50:02,688 - engineio.server - INFO - KUNkcYPGLRMdX8-9AAAA: Sending packet MESSAGE data 0{"sid":"YwRZRVAoepV73sY2AAAB"}
2025-07-21 13:50:27,699 - engineio.server - INFO - KUNkcYPGLRMdX8-9AAAA: Sending packet PING data None
2025-07-21 13:50:27,703 - engineio.server - INFO - KUNkcYPGLRMdX8-9AAAA: Received packet PONG data 
2025-07-21 13:50:52,714 - engineio.server - INFO - KUNkcYPGLRMdX8-9AAAA: Sending packet PING data None
2025-07-21 13:50:52,715 - engineio.server - INFO - KUNkcYPGLRMdX8-9AAAA: Received packet PONG data 
2025-07-21 13:50:55,362 - werkzeug - INFO -  * Detected change in 'c:\\Users\\Shivansh Pal\\Desktop\\Planogram_Project\\web-ui\\backend\\test_patterns.py', reloading
2025-07-21 13:50:55,589 - werkzeug - INFO -  * Restarting with watchdog (windowsapi)
2025-07-21 13:50:56,396 - engineio.server - INFO - Server initialized for eventlet.
2025-07-21 13:50:56,401 - __main__ - INFO - Starting simplified Planogram Web UI backend
2025-07-21 13:50:56,401 - __main__ - INFO - Project root: c:\Users\Shivansh Pal\Desktop\Planogram_Project
2025-07-21 13:50:56,409 - werkzeug - WARNING -  * Debugger is active!
2025-07-21 13:50:56,410 - werkzeug - INFO -  * Debugger PIN: 567-306-382
2025-07-21 13:50:57,673 - engineio.server - INFO - 8qYRXY3h6fIF8KRbAAAA: Sending packet OPEN data {'sid': '8qYRXY3h6fIF8KRbAAAA', 'upgrades': [], 'pingTimeout': 20000, 'pingInterval': 25000, 'maxPayload': 1000000}
2025-07-21 13:50:57,673 - engineio.server - INFO - 8qYRXY3h6fIF8KRbAAAA: Received request to upgrade to websocket
2025-07-21 13:50:57,673 - engineio.server - INFO - 8qYRXY3h6fIF8KRbAAAA: Upgrade to websocket successful
2025-07-21 13:50:57,675 - engineio.server - INFO - 8qYRXY3h6fIF8KRbAAAA: Received packet MESSAGE data 0
2025-07-21 13:50:57,676 - __main__ - INFO - Client connected: TP_DxH-oCOo3v0ZWAAAB
2025-07-21 13:50:57,676 - socketio.server - INFO - emitting event "connected" to TP_DxH-oCOo3v0ZWAAAB [/]
2025-07-21 13:50:57,676 - engineio.server - INFO - 8qYRXY3h6fIF8KRbAAAA: Sending packet MESSAGE data 2["connected",{"message":"Connected to Planogram API"}]
2025-07-21 13:50:57,676 - engineio.server - INFO - 8qYRXY3h6fIF8KRbAAAA: Sending packet MESSAGE data 0{"sid":"TP_DxH-oCOo3v0ZWAAAB"}
2025-07-21 13:51:19,894 - werkzeug - INFO -  * Detected change in 'c:\\Users\\Shivansh Pal\\Desktop\\Planogram_Project\\web-ui\\backend\\simple_app.py', reloading
2025-07-21 13:51:19,895 - werkzeug - INFO -  * Detected change in 'c:\\Users\\Shivansh Pal\\Desktop\\Planogram_Project\\web-ui\\backend\\simple_app.py', reloading
2025-07-21 13:51:19,896 - werkzeug - INFO -  * Detected change in 'c:\\Users\\Shivansh Pal\\Desktop\\Planogram_Project\\web-ui\\backend\\simple_app.py', reloading
2025-07-21 13:51:20,838 - werkzeug - INFO -  * Restarting with watchdog (windowsapi)
2025-07-21 13:51:21,786 - engineio.server - INFO - Server initialized for eventlet.
2025-07-21 13:51:21,792 - __main__ - INFO - Starting simplified Planogram Web UI backend
2025-07-21 13:51:21,792 - __main__ - INFO - Project root: c:\Users\Shivansh Pal\Desktop\Planogram_Project
2025-07-21 13:51:21,804 - werkzeug - WARNING -  * Debugger is active!
2025-07-21 13:51:21,807 - werkzeug - INFO -  * Debugger PIN: 567-306-382
2025-07-21 13:51:22,680 - engineio.server - INFO - hTavUlIX8sQPzOpfAAAA: Sending packet OPEN data {'sid': 'hTavUlIX8sQPzOpfAAAA', 'upgrades': [], 'pingTimeout': 20000, 'pingInterval': 25000, 'maxPayload': 1000000}
2025-07-21 13:51:22,680 - engineio.server - INFO - hTavUlIX8sQPzOpfAAAA: Received request to upgrade to websocket
2025-07-21 13:51:22,681 - engineio.server - INFO - hTavUlIX8sQPzOpfAAAA: Upgrade to websocket successful
2025-07-21 13:51:22,683 - engineio.server - INFO - hTavUlIX8sQPzOpfAAAA: Received packet MESSAGE data 0
2025-07-21 13:51:22,683 - __main__ - INFO - Client connected: fhhOw3LyFHUij6d8AAAB
2025-07-21 13:51:22,683 - socketio.server - INFO - emitting event "connected" to fhhOw3LyFHUij6d8AAAB [/]
2025-07-21 13:51:22,683 - engineio.server - INFO - hTavUlIX8sQPzOpfAAAA: Sending packet MESSAGE data 2["connected",{"message":"Connected to Planogram API"}]
2025-07-21 13:51:22,683 - engineio.server - INFO - hTavUlIX8sQPzOpfAAAA: Sending packet MESSAGE data 0{"sid":"fhhOw3LyFHUij6d8AAAB"}
2025-07-21 13:51:35,569 - werkzeug - INFO -  * Detected change in 'c:\\Users\\Shivansh Pal\\Desktop\\Planogram_Project\\web-ui\\backend\\simple_app.py', reloading
2025-07-21 13:51:35,570 - werkzeug - INFO -  * Detected change in 'c:\\Users\\Shivansh Pal\\Desktop\\Planogram_Project\\web-ui\\backend\\simple_app.py', reloading
2025-07-21 13:51:35,571 - werkzeug - INFO -  * Detected change in 'c:\\Users\\Shivansh Pal\\Desktop\\Planogram_Project\\web-ui\\backend\\simple_app.py', reloading
2025-07-21 13:51:37,207 - werkzeug - INFO -  * Restarting with watchdog (windowsapi)
2025-07-21 13:51:41,640 - engineio.server - INFO - Server initialized for eventlet.
2025-07-21 13:51:41,660 - __main__ - INFO - Starting simplified Planogram Web UI backend
2025-07-21 13:51:41,660 - __main__ - INFO - Project root: c:\Users\Shivansh Pal\Desktop\Planogram_Project
2025-07-21 13:51:41,686 - werkzeug - WARNING -  * Debugger is active!
2025-07-21 13:51:41,690 - werkzeug - INFO -  * Debugger PIN: 567-306-382
2025-07-21 13:51:42,197 - engineio.server - INFO - tQ9bC2eNpOJ_SmZbAAAA: Sending packet OPEN data {'sid': 'tQ9bC2eNpOJ_SmZbAAAA', 'upgrades': [], 'pingTimeout': 20000, 'pingInterval': 25000, 'maxPayload': 1000000}
2025-07-21 13:51:42,198 - engineio.server - INFO - tQ9bC2eNpOJ_SmZbAAAA: Received request to upgrade to websocket
2025-07-21 13:51:42,199 - engineio.server - INFO - tQ9bC2eNpOJ_SmZbAAAA: Upgrade to websocket successful
2025-07-21 13:51:42,201 - engineio.server - INFO - tQ9bC2eNpOJ_SmZbAAAA: Received packet MESSAGE data 0
2025-07-21 13:51:42,202 - __main__ - INFO - Client connected: zeZS4CyY1rv0l3SBAAAB
2025-07-21 13:51:42,203 - socketio.server - INFO - emitting event "connected" to zeZS4CyY1rv0l3SBAAAB [/]
2025-07-21 13:51:42,203 - engineio.server - INFO - tQ9bC2eNpOJ_SmZbAAAA: Sending packet MESSAGE data 2["connected",{"message":"Connected to Planogram API"}]
2025-07-21 13:51:42,203 - engineio.server - INFO - tQ9bC2eNpOJ_SmZbAAAA: Sending packet MESSAGE data 0{"sid":"zeZS4CyY1rv0l3SBAAAB"}
2025-07-21 13:52:07,208 - engineio.server - INFO - tQ9bC2eNpOJ_SmZbAAAA: Sending packet PING data None
2025-07-21 13:52:07,209 - engineio.server - INFO - tQ9bC2eNpOJ_SmZbAAAA: Received packet PONG data 
2025-07-21 13:52:11,739 - engineio.server - INFO - Server initialized for eventlet.
2025-07-21 13:52:11,743 - __main__ - INFO - Starting simplified Planogram Web UI backend
2025-07-21 13:52:11,743 - __main__ - INFO - Project root: C:\Users\Shivansh Pal\Desktop\Planogram_Project
2025-07-21 13:52:11,751 - werkzeug - INFO -  * Restarting with watchdog (windowsapi)
2025-07-21 13:52:12,428 - engineio.server - INFO - Server initialized for eventlet.
2025-07-21 13:52:12,432 - __main__ - INFO - Starting simplified Planogram Web UI backend
2025-07-21 13:52:12,432 - __main__ - INFO - Project root: C:\Users\Shivansh Pal\Desktop\Planogram_Project
2025-07-21 13:52:12,440 - werkzeug - WARNING -  * Debugger is active!
2025-07-21 13:52:12,442 - werkzeug - INFO -  * Debugger PIN: 567-306-382
2025-07-21 13:52:32,225 - engineio.server - INFO - tQ9bC2eNpOJ_SmZbAAAA: Sending packet PING data None
2025-07-21 13:52:32,228 - engineio.server - INFO - tQ9bC2eNpOJ_SmZbAAAA: Received packet PONG data 
2025-07-21 13:52:36,680 - engineio.server - INFO - Server initialized for eventlet.
2025-07-21 13:52:36,685 - __main__ - INFO - Starting simplified Planogram Web UI backend
2025-07-21 13:52:36,685 - __main__ - INFO - Project root: C:\Users\Shivansh Pal\Desktop\Planogram_Project
2025-07-21 13:52:36,697 - werkzeug - INFO -  * Restarting with watchdog (windowsapi)
2025-07-21 13:52:37,364 - engineio.server - INFO - Server initialized for eventlet.
2025-07-21 13:52:37,369 - __main__ - INFO - Starting simplified Planogram Web UI backend
2025-07-21 13:52:37,369 - __main__ - INFO - Project root: C:\Users\Shivansh Pal\Desktop\Planogram_Project
2025-07-21 13:52:37,381 - werkzeug - WARNING -  * Debugger is active!
2025-07-21 13:52:37,383 - werkzeug - INFO -  * Debugger PIN: 567-306-382
2025-07-21 13:52:38,679 - engineio.server - INFO - sZUsS02I6diHcPY_AAAA: Sending packet OPEN data {'sid': 'sZUsS02I6diHcPY_AAAA', 'upgrades': [], 'pingTimeout': 20000, 'pingInterval': 25000, 'maxPayload': 1000000}
2025-07-21 13:52:38,680 - engineio.server - INFO - sZUsS02I6diHcPY_AAAA: Received request to upgrade to websocket
2025-07-21 13:52:38,681 - engineio.server - INFO - sZUsS02I6diHcPY_AAAA: Upgrade to websocket successful
2025-07-21 13:52:38,683 - engineio.server - INFO - sZUsS02I6diHcPY_AAAA: Received packet MESSAGE data 0
2025-07-21 13:52:38,685 - __main__ - INFO - Client connected: LeMo3z3umzj4Eh9aAAAB
2025-07-21 13:52:38,685 - socketio.server - INFO - emitting event "connected" to LeMo3z3umzj4Eh9aAAAB [/]
2025-07-21 13:52:38,685 - engineio.server - INFO - sZUsS02I6diHcPY_AAAA: Sending packet MESSAGE data 2["connected",{"message":"Connected to Planogram API"}]
2025-07-21 13:52:38,686 - engineio.server - INFO - sZUsS02I6diHcPY_AAAA: Sending packet MESSAGE data 0{"sid":"LeMo3z3umzj4Eh9aAAAB"}
2025-07-21 13:52:46,883 - __main__ - INFO - Client disconnected: LeMo3z3umzj4Eh9aAAAB
2025-07-21 13:52:47,272 - engineio.server - INFO - S3Gr8RrdsWWADAGOAAAC: Sending packet OPEN data {'sid': 'S3Gr8RrdsWWADAGOAAAC', 'upgrades': [], 'pingTimeout': 20000, 'pingInterval': 25000, 'maxPayload': 1000000}
2025-07-21 13:52:47,273 - engineio.server - INFO - S3Gr8RrdsWWADAGOAAAC: Received request to upgrade to websocket
2025-07-21 13:52:47,273 - engineio.server - INFO - S3Gr8RrdsWWADAGOAAAC: Upgrade to websocket successful
2025-07-21 13:52:47,276 - engineio.server - INFO - S3Gr8RrdsWWADAGOAAAC: Received packet MESSAGE data 0
2025-07-21 13:52:47,276 - __main__ - INFO - Client connected: 0Ly9A38_IWsiXhM3AAAD
2025-07-21 13:52:47,276 - socketio.server - INFO - emitting event "connected" to 0Ly9A38_IWsiXhM3AAAD [/]
2025-07-21 13:52:47,277 - engineio.server - INFO - S3Gr8RrdsWWADAGOAAAC: Sending packet MESSAGE data 2["connected",{"message":"Connected to Planogram API"}]
2025-07-21 13:52:47,277 - engineio.server - INFO - S3Gr8RrdsWWADAGOAAAC: Sending packet MESSAGE data 0{"sid":"0Ly9A38_IWsiXhM3AAAD"}
2025-07-21 13:52:52,894 - simple_runner - INFO - Created job 3397fe06-c334-4cde-8c7f-995eb5b63029 of type cohort
2025-07-21 13:52:52,895 - socketio.server - INFO - emitting event "job_status" to 3397fe06-c334-4cde-8c7f-995eb5b63029 [/]
2025-07-21 13:52:52,918 - engineio.server - INFO - S3Gr8RrdsWWADAGOAAAC: Received packet MESSAGE data 2["join_job",{"job_id":"3397fe06-c334-4cde-8c7f-995eb5b63029"}]
2025-07-21 13:52:52,919 - socketio.server - INFO - received event "join_job" from 0Ly9A38_IWsiXhM3AAAD [/]
2025-07-21 13:52:52,919 - socketio.server - INFO - 0Ly9A38_IWsiXhM3AAAD is entering room 3397fe06-c334-4cde-8c7f-995eb5b63029 [/]
2025-07-21 13:52:52,920 - __main__ - INFO - Client 0Ly9A38_IWsiXhM3AAAD joined job room: 3397fe06-c334-4cde-8c7f-995eb5b63029
2025-07-21 13:52:52,920 - socketio.server - INFO - emitting event "job_status" to 0Ly9A38_IWsiXhM3AAAD [/]
2025-07-21 13:52:52,921 - engineio.server - INFO - S3Gr8RrdsWWADAGOAAAC: Sending packet MESSAGE data 2["job_status",{"job_id":"3397fe06-c334-4cde-8c7f-995eb5b63029","status":"running","progress":0,"logs":[]}]
2025-07-21 13:52:53,414 - engineio.server - INFO - S3Gr8RrdsWWADAGOAAAC: Received packet MESSAGE data 2["get_job_status",{"job_id":"3397fe06-c334-4cde-8c7f-995eb5b63029"}]
2025-07-21 13:52:53,415 - socketio.server - INFO - received event "get_job_status" from 0Ly9A38_IWsiXhM3AAAD [/]
2025-07-21 13:52:53,415 - engineio.server - INFO - S3Gr8RrdsWWADAGOAAAC: Received packet MESSAGE data 2["get_job_logs_stream",{"job_id":"3397fe06-c334-4cde-8c7f-995eb5b63029","limit":50}]
2025-07-21 13:52:53,415 - socketio.server - INFO - received event "get_job_logs_stream" from 0Ly9A38_IWsiXhM3AAAD [/]
2025-07-21 13:52:53,538 - simple_runner - INFO - Job 3397fe06-c334-4cde-8c7f-995eb5b63029: 13:52:53 | INFO     | Starting cohort planogram generation for iPhone - flagship
2025-07-21 13:52:53,559 - simple_runner - INFO - Job 3397fe06-c334-4cde-8c7f-995eb5b63029: 13:52:53 | INFO     | Loaded 23287 cohort records
2025-07-21 13:52:53,562 - simple_runner - INFO - Job 3397fe06-c334-4cde-8c7f-995eb5b63029: 13:52:53 | INFO     | Retrieved 18483 records for LOB: iPhone
2025-07-21 13:52:53,562 - simple_runner - INFO - Job 3397fe06-c334-4cde-8c7f-995eb5b63029: 13:52:53 | INFO     | Generating iPhone cohort planogram for flagship store
2025-07-21 13:52:53,581 - simple_runner - INFO - Job 3397fe06-c334-4cde-8c7f-995eb5b63029: 13:52:53 | INFO     | Loaded 23287 cohort records
2025-07-21 13:52:53,582 - simple_runner - INFO - Job 3397fe06-c334-4cde-8c7f-995eb5b63029: 13:52:53 | INFO     | Retrieved 18483 records for LOB: iPhone
2025-07-21 13:52:53,584 - simple_runner - INFO - Job 3397fe06-c334-4cde-8c7f-995eb5b63029: 13:52:53 | INFO     | Top 6 core products for iPhone: ['iPhone 16', 'iPhone 16 Pro Max', 'iPhone 15', 'iPhone 16 Pro', 'iPhone 16 Plus', 'iPhone 15 Pro Max']
2025-07-21 13:52:53,586 - simple_runner - INFO - Job 3397fe06-c334-4cde-8c7f-995eb5b63029: 13:52:53 | INFO     | Top 8 accessory categories for iPhone: ['Screen Protector', 'Wallet', 'PopSocket', 'Stand', 'Ring Holder', 'Wireless Charger', 'Headphones', 'Cleaning Kit']
2025-07-21 13:52:53,591 - simple_runner - INFO - Job 3397fe06-c334-4cde-8c7f-995eb5b63029: 13:52:53 | INFO     | Created cohort matrix: (8, 6)
2025-07-21 13:52:53,597 - simple_runner - INFO - Job 3397fe06-c334-4cde-8c7f-995eb5b63029: 13:52:53 | INFO     | Retrieved top 8 cohort pairs
2025-07-21 13:52:53,598 - simple_runner - INFO - Job 3397fe06-c334-4cde-8c7f-995eb5b63029: 13:52:53 | INFO     | Generated summary stats for iPhone
2025-07-21 13:52:53,598 - socketio.server - INFO - emitting event "job_status" to 3397fe06-c334-4cde-8c7f-995eb5b63029 [/]
2025-07-21 13:52:53,599 - engineio.server - INFO - S3Gr8RrdsWWADAGOAAAC: Sending packet MESSAGE data 2["job_status",{"job_id":"3397fe06-c334-4cde-8c7f-995eb5b63029","status":"running","progress":95,"logs":["13:52:53 | INFO     | Generated summary stats for iPhone"],"timestamp":"2025-07-21T13:52:53.598827"}]
2025-07-21 13:52:53,917 - engineio.server - INFO - S3Gr8RrdsWWADAGOAAAC: Received packet MESSAGE data 2["leave_job",{"job_id":"3397fe06-c334-4cde-8c7f-995eb5b63029"}]
2025-07-21 13:52:53,918 - socketio.server - INFO - received event "leave_job" from 0Ly9A38_IWsiXhM3AAAD [/]
2025-07-21 13:52:53,918 - engineio.server - INFO - S3Gr8RrdsWWADAGOAAAC: Received packet MESSAGE data 2["join_job",{"job_id":"3397fe06-c334-4cde-8c7f-995eb5b63029"}]
2025-07-21 13:52:53,919 - socketio.server - INFO - received event "join_job" from 0Ly9A38_IWsiXhM3AAAD [/]
2025-07-21 13:52:53,919 - socketio.server - INFO - 0Ly9A38_IWsiXhM3AAAD is leaving room 3397fe06-c334-4cde-8c7f-995eb5b63029 [/]
2025-07-21 13:52:53,920 - __main__ - INFO - Client 0Ly9A38_IWsiXhM3AAAD left job room: 3397fe06-c334-4cde-8c7f-995eb5b63029
2025-07-21 13:52:53,921 - socketio.server - INFO - 0Ly9A38_IWsiXhM3AAAD is entering room 3397fe06-c334-4cde-8c7f-995eb5b63029 [/]
2025-07-21 13:52:53,921 - __main__ - INFO - Client 0Ly9A38_IWsiXhM3AAAD joined job room: 3397fe06-c334-4cde-8c7f-995eb5b63029
2025-07-21 13:52:53,922 - socketio.server - INFO - emitting event "job_status" to 0Ly9A38_IWsiXhM3AAAD [/]
2025-07-21 13:52:53,922 - engineio.server - INFO - S3Gr8RrdsWWADAGOAAAC: Sending packet MESSAGE data 2["job_status",{"job_id":"3397fe06-c334-4cde-8c7f-995eb5b63029","status":"running","progress":0,"logs":["[13:52:53] 13:52:53 | INFO     | Top 6 core products for iPhone: ['iPhone 16', 'iPhone 16 Pro Max', 'iPhone 15', 'iPhone 16 Pro', 'iPhone 16 Plus', 'iPhone 15 Pro Max']","[13:52:53] 13:52:53 | INFO     | Top 8 accessory categories for iPhone: ['Screen Protector', 'Wallet', 'PopSocket', 'Stand', 'Ring Holder', 'Wireless Charger', 'Headphones', 'Cleaning Kit']","[13:52:53] 13:52:53 | INFO     | Created cohort matrix: (8, 6)","[13:52:53] 13:52:53 | INFO     | Retrieved top 8 cohort pairs","[13:52:53] 13:52:53 | INFO     | Generated summary stats for iPhone"]}]
2025-07-21 13:52:54,421 - engineio.server - INFO - S3Gr8RrdsWWADAGOAAAC: Received packet MESSAGE data 2["get_job_status",{"job_id":"3397fe06-c334-4cde-8c7f-995eb5b63029"}]
2025-07-21 13:52:54,422 - socketio.server - INFO - received event "get_job_status" from 0Ly9A38_IWsiXhM3AAAD [/]
2025-07-21 13:52:54,422 - engineio.server - INFO - S3Gr8RrdsWWADAGOAAAC: Received packet MESSAGE data 2["get_job_logs_stream",{"job_id":"3397fe06-c334-4cde-8c7f-995eb5b63029","limit":50}]
2025-07-21 13:52:54,422 - socketio.server - INFO - received event "get_job_logs_stream" from 0Ly9A38_IWsiXhM3AAAD [/]
2025-07-21 13:52:54,520 - simple_runner - INFO - Job 3397fe06-c334-4cde-8c7f-995eb5b63029: 13:52:54 | INFO     | Saved planogram: output\cohort_planograms\iphone_cohort_detailed_flagship.png
2025-07-21 13:52:54,521 - socketio.server - INFO - emitting event "job_status" to 3397fe06-c334-4cde-8c7f-995eb5b63029 [/]
2025-07-21 13:52:54,522 - engineio.server - INFO - S3Gr8RrdsWWADAGOAAAC: Sending packet MESSAGE data 2["job_status",{"job_id":"3397fe06-c334-4cde-8c7f-995eb5b63029","status":"running","progress":90,"logs":["13:52:54 | INFO     | Saved planogram: output\\cohort_planograms\\iphone_cohort_detailed_flagship.png"],"timestamp":"2025-07-21T13:52:54.521685"}]
2025-07-21 13:52:54,522 - socketio.server - INFO - emitting event "job_status" to 3397fe06-c334-4cde-8c7f-995eb5b63029 [/]
2025-07-21 13:52:54,522 - engineio.server - INFO - S3Gr8RrdsWWADAGOAAAC: Sending packet MESSAGE data 2["job_status",{"job_id":"3397fe06-c334-4cde-8c7f-995eb5b63029","status":"running","progress":95,"logs":["13:52:54 | INFO     | Saved planogram: output\\cohort_planograms\\iphone_cohort_detailed_flagship.png"],"timestamp":"2025-07-21T13:52:54.522279"}]
2025-07-21 13:52:54,522 - simple_runner - INFO - Job 3397fe06-c334-4cde-8c7f-995eb5b63029: 13:52:54 | INFO     | Generating detailed product list for iPhone cohort combinations
2025-07-21 13:52:54,558 - simple_runner - INFO - Job 3397fe06-c334-4cde-8c7f-995eb5b63029: 13:52:54 | INFO     | Generated detailed product list: output\cohort_planograms\iphone_cohort_products_flagship.txt
2025-07-21 13:52:54,558 - socketio.server - INFO - emitting event "job_status" to 3397fe06-c334-4cde-8c7f-995eb5b63029 [/]
2025-07-21 13:52:54,559 - engineio.server - INFO - S3Gr8RrdsWWADAGOAAAC: Sending packet MESSAGE data 2["job_status",{"job_id":"3397fe06-c334-4cde-8c7f-995eb5b63029","status":"running","progress":95,"logs":["13:52:54 | INFO     | Generated detailed product list: output\\cohort_planograms\\iphone_cohort_products_flagship.txt"],"timestamp":"2025-07-21T13:52:54.558910"}]
2025-07-21 13:52:54,560 - simple_runner - INFO - Job 3397fe06-c334-4cde-8c7f-995eb5b63029: 13:52:54 | INFO     | Successfully generated cohort planogram: output\cohort_planograms\iphone_cohort_detailed_flagship.png
2025-07-21 13:52:54,560 - simple_runner - INFO - Job 3397fe06-c334-4cde-8c7f-995eb5b63029: Detailed product list generated: output\cohort_planograms\iphone_cohort_products_flagship.txt
2025-07-21 13:52:54,560 - simple_runner - INFO - Job 3397fe06-c334-4cde-8c7f-995eb5b63029: SUCCESS: Cohort planogram generated: output\cohort_planograms\iphone_cohort_detailed_flagship.png
2025-07-21 13:52:54,560 - socketio.server - INFO - emitting event "job_status" to 3397fe06-c334-4cde-8c7f-995eb5b63029 [/]
2025-07-21 13:52:54,561 - engineio.server - INFO - S3Gr8RrdsWWADAGOAAAC: Sending packet MESSAGE data 2["job_status",{"job_id":"3397fe06-c334-4cde-8c7f-995eb5b63029","status":"running","progress":95,"logs":["SUCCESS: Cohort planogram generated: output\\cohort_planograms\\iphone_cohort_detailed_flagship.png"],"timestamp":"2025-07-21T13:52:54.560814"}]
2025-07-21 13:52:54,749 - simple_runner - INFO - Found 4 generated files for job 3397fe06-c334-4cde-8c7f-995eb5b63029
2025-07-21 13:52:54,750 - socketio.server - INFO - emitting event "job_status" to 3397fe06-c334-4cde-8c7f-995eb5b63029 [/]
2025-07-21 13:52:54,751 - engineio.server - INFO - S3Gr8RrdsWWADAGOAAAC: Sending packet MESSAGE data 2["job_status",{"job_id":"3397fe06-c334-4cde-8c7f-995eb5b63029","status":"completed","progress":100,"logs":["Operation completed successfully"],"timestamp":"2025-07-21T13:52:54.750729"}]
2025-07-21 13:52:54,751 - socketio.server - INFO - emitting event "optimization_complete" to 3397fe06-c334-4cde-8c7f-995eb5b63029 [/]
2025-07-21 13:52:54,752 - engineio.server - INFO - S3Gr8RrdsWWADAGOAAAC: Sending packet MESSAGE data 2["optimization_complete",{"job_id":"3397fe06-c334-4cde-8c7f-995eb5b63029","result":{"success":true,"return_code":0,"files":[{"name":"iphone_cohort_detailed_flagship.png","type":"planogram","path":"cohort_planograms\\iphone_cohort_detailed_flagship.png","url":"/api/files/cohort_planograms/iphone_cohort_detailed_flagship.png","download_url":"/api/files/cohort_planograms/iphone_cohort_detailed_flagship.png/download","size":881837,"created":"2025-07-21T13:44:03.509237"},{"name":"iphone_cohort_products_flagship.txt","type":"product_list","path":"cohort_planograms\\iphone_cohort_products_flagship.txt","url":"/api/files/cohort_planograms/iphone_cohort_products_flagship.txt","download_url":"/api/files/cohort_planograms/iphone_cohort_products_flagship.txt/download","size":23268,"created":"2025-07-21T13:44:04.178110"},{"name":"iphone_cohort_detailed_flagship.png","type":"planogram","path":"cohort_planograms\\iphone_cohort_detailed_flagship.png","url":"/api/files/cohort_planograms/iphone_cohort_detailed_flagship.png","download_url":"/api/files/cohort_planograms/iphone_cohort_detailed_flagship.png/download","size":881837,"created":"2025-07-21T13:44:03.509237"},{"name":"iphone_cohort_products_flagship.txt","type":"product_list","path":"cohort_planograms\\iphone_cohort_products_flagship.txt","url":"/api/files/cohort_planograms/iphone_cohort_products_flagship.txt","download_url":"/api/files/cohort_planograms/iphone_cohort_products_flagship.txt/download","size":23268,"created":"2025-07-21T13:44:04.178110"}],"logs_count":17,"metrics":{"products_placed":40,"products_rejected":8,"average_utilization":85.0,"categories_processed":8,"models_processed":6},"products_placed":40,"products_rejected":8,"warnings":[]},"timestamp":"2025-07-21T13:52:54.751943"}]
2025-07-21 13:52:55,939 - engineio.server - INFO - S3Gr8RrdsWWADAGOAAAC: Received packet MESSAGE data 2["leave_job",{"job_id":"3397fe06-c334-4cde-8c7f-995eb5b63029"}]
2025-07-21 13:52:55,939 - socketio.server - INFO - received event "leave_job" from 0Ly9A38_IWsiXhM3AAAD [/]
2025-07-21 13:52:55,940 - socketio.server - INFO - 0Ly9A38_IWsiXhM3AAAD is leaving room 3397fe06-c334-4cde-8c7f-995eb5b63029 [/]
2025-07-21 13:52:55,940 - __main__ - INFO - Client 0Ly9A38_IWsiXhM3AAAD left job room: 3397fe06-c334-4cde-8c7f-995eb5b63029
2025-07-21 13:52:55,963 - __main__ - INFO - Job 3397fe06-c334-4cde-8c7f-995eb5b63029: Found 0 planograms and 4 other files
2025-07-21 13:52:55,964 - __main__ - INFO - Job type: cohort, Job parameters: {'lob': 'iPhone', 'store_type': 'flagship'}
2025-07-21 13:52:55,964 - __main__ - INFO - Job patterns: ['iphone_cohort_detailed_flagship', 'iphone_cohort_products_flagship', 'iphone_cohort_planogram_flagship', 'iphone_cohort_flagship']
2025-07-21 13:52:55,964 - __main__ - INFO - Job start time: 1753086142.895454 (2025-07-21 13:52:22.895454)
2025-07-21 13:52:55,964 - __main__ - INFO - Other files: ['iphone_cohort_detailed_flagship.png', 'iphone_cohort_products_flagship.txt', 'iphone_cohort_detailed_flagship.png', 'iphone_cohort_products_flagship.txt']
2025-07-21 13:52:55,966 - __main__ - INFO - All recent files: ['iphone_cohort_detailed_flagship.png (mtime: 2025-07-21 13:52:54.430099)', 'iphone_cohort_products_flagship.txt (mtime: 2025-07-21 13:52:54.548649)']
2025-07-21 13:53:11,518 - simple_runner - INFO - Created job 7342424b-3b78-493b-9407-b3853ffe3ae7 of type cohort
2025-07-21 13:53:11,518 - socketio.server - INFO - emitting event "job_status" to 7342424b-3b78-493b-9407-b3853ffe3ae7 [/]
2025-07-21 13:53:11,547 - engineio.server - INFO - S3Gr8RrdsWWADAGOAAAC: Received packet MESSAGE data 2["join_job",{"job_id":"7342424b-3b78-493b-9407-b3853ffe3ae7"}]
2025-07-21 13:53:11,548 - socketio.server - INFO - received event "join_job" from 0Ly9A38_IWsiXhM3AAAD [/]
2025-07-21 13:53:11,548 - socketio.server - INFO - 0Ly9A38_IWsiXhM3AAAD is entering room 7342424b-3b78-493b-9407-b3853ffe3ae7 [/]
2025-07-21 13:53:11,549 - __main__ - INFO - Client 0Ly9A38_IWsiXhM3AAAD joined job room: 7342424b-3b78-493b-9407-b3853ffe3ae7
2025-07-21 13:53:11,549 - socketio.server - INFO - emitting event "job_status" to 0Ly9A38_IWsiXhM3AAAD [/]
2025-07-21 13:53:11,549 - engineio.server - INFO - S3Gr8RrdsWWADAGOAAAC: Sending packet MESSAGE data 2["job_status",{"job_id":"7342424b-3b78-493b-9407-b3853ffe3ae7","status":"running","progress":0,"logs":[]}]
2025-07-21 13:53:12,051 - engineio.server - INFO - S3Gr8RrdsWWADAGOAAAC: Received packet MESSAGE data 2["get_job_status",{"job_id":"7342424b-3b78-493b-9407-b3853ffe3ae7"}]
2025-07-21 13:53:12,052 - socketio.server - INFO - received event "get_job_status" from 0Ly9A38_IWsiXhM3AAAD [/]
2025-07-21 13:53:12,052 - engineio.server - INFO - S3Gr8RrdsWWADAGOAAAC: Received packet MESSAGE data 2["get_job_logs_stream",{"job_id":"7342424b-3b78-493b-9407-b3853ffe3ae7","limit":50}]
2025-07-21 13:53:12,052 - socketio.server - INFO - received event "get_job_logs_stream" from 0Ly9A38_IWsiXhM3AAAD [/]
2025-07-21 13:53:12,198 - simple_runner - INFO - Job 7342424b-3b78-493b-9407-b3853ffe3ae7: 13:53:12 | INFO     | Starting cohort planogram generation for iPad - flagship
2025-07-21 13:53:12,223 - simple_runner - INFO - Job 7342424b-3b78-493b-9407-b3853ffe3ae7: 13:53:12 | INFO     | Loaded 23287 cohort records
2025-07-21 13:53:12,225 - simple_runner - INFO - Job 7342424b-3b78-493b-9407-b3853ffe3ae7: 13:53:12 | INFO     | Retrieved 1387 records for LOB: iPad
2025-07-21 13:53:12,226 - simple_runner - INFO - Job 7342424b-3b78-493b-9407-b3853ffe3ae7: 13:53:12 | INFO     | Generating iPad cohort planogram for flagship store
2025-07-21 13:53:12,245 - simple_runner - INFO - Job 7342424b-3b78-493b-9407-b3853ffe3ae7: 13:53:12 | INFO     | Loaded 23287 cohort records
2025-07-21 13:53:12,246 - simple_runner - INFO - Job 7342424b-3b78-493b-9407-b3853ffe3ae7: 13:53:12 | INFO     | Retrieved 1387 records for LOB: iPad
2025-07-21 13:53:12,247 - simple_runner - INFO - Job 7342424b-3b78-493b-9407-b3853ffe3ae7: 13:53:12 | INFO     | Top 6 core products for iPad: ['iPad Air', 'iPad Pro', 'iPad Standard', 'iPad Mini']
2025-07-21 13:53:12,248 - simple_runner - INFO - Job 7342424b-3b78-493b-9407-b3853ffe3ae7: 13:53:12 | INFO     | Top 8 accessory categories for iPad: ['Screen Protector', 'Hub/Adapter', 'Headphones', 'Apple Pencil', 'Cleaning Kit', 'Cable', 'Tracking', 'Charger/Adapter']
2025-07-21 13:53:12,252 - simple_runner - INFO - Job 7342424b-3b78-493b-9407-b3853ffe3ae7: 13:53:12 | INFO     | Created cohort matrix: (8, 4)
2025-07-21 13:53:12,255 - simple_runner - INFO - Job 7342424b-3b78-493b-9407-b3853ffe3ae7: 13:53:12 | INFO     | Retrieved top 8 cohort pairs
2025-07-21 13:53:12,256 - simple_runner - INFO - Job 7342424b-3b78-493b-9407-b3853ffe3ae7: 13:53:12 | INFO     | Generated summary stats for iPad
2025-07-21 13:53:12,256 - socketio.server - INFO - emitting event "job_status" to 7342424b-3b78-493b-9407-b3853ffe3ae7 [/]
2025-07-21 13:53:12,256 - engineio.server - INFO - S3Gr8RrdsWWADAGOAAAC: Sending packet MESSAGE data 2["job_status",{"job_id":"7342424b-3b78-493b-9407-b3853ffe3ae7","status":"running","progress":95,"logs":["13:53:12 | INFO     | Generated summary stats for iPad"],"timestamp":"2025-07-21T13:53:12.256379"}]
2025-07-21 13:53:12,275 - engineio.server - INFO - S3Gr8RrdsWWADAGOAAAC: Sending packet PING data None
2025-07-21 13:53:12,548 - engineio.server - INFO - S3Gr8RrdsWWADAGOAAAC: Received packet MESSAGE data 2["leave_job",{"job_id":"7342424b-3b78-493b-9407-b3853ffe3ae7"}]
2025-07-21 13:53:12,548 - socketio.server - INFO - received event "leave_job" from 0Ly9A38_IWsiXhM3AAAD [/]
2025-07-21 13:53:12,549 - engineio.server - INFO - S3Gr8RrdsWWADAGOAAAC: Received packet MESSAGE data 2["join_job",{"job_id":"7342424b-3b78-493b-9407-b3853ffe3ae7"}]
2025-07-21 13:53:12,550 - socketio.server - INFO - received event "join_job" from 0Ly9A38_IWsiXhM3AAAD [/]
2025-07-21 13:53:12,550 - socketio.server - INFO - 0Ly9A38_IWsiXhM3AAAD is leaving room 7342424b-3b78-493b-9407-b3853ffe3ae7 [/]
2025-07-21 13:53:12,551 - __main__ - INFO - Client 0Ly9A38_IWsiXhM3AAAD left job room: 7342424b-3b78-493b-9407-b3853ffe3ae7
2025-07-21 13:53:12,552 - socketio.server - INFO - 0Ly9A38_IWsiXhM3AAAD is entering room 7342424b-3b78-493b-9407-b3853ffe3ae7 [/]
2025-07-21 13:53:12,552 - __main__ - INFO - Client 0Ly9A38_IWsiXhM3AAAD joined job room: 7342424b-3b78-493b-9407-b3853ffe3ae7
2025-07-21 13:53:12,553 - socketio.server - INFO - emitting event "job_status" to 0Ly9A38_IWsiXhM3AAAD [/]
2025-07-21 13:53:12,553 - engineio.server - INFO - S3Gr8RrdsWWADAGOAAAC: Sending packet MESSAGE data 2["job_status",{"job_id":"7342424b-3b78-493b-9407-b3853ffe3ae7","status":"running","progress":0,"logs":["[13:53:12] 13:53:12 | INFO     | Top 6 core products for iPad: ['iPad Air', 'iPad Pro', 'iPad Standard', 'iPad Mini']","[13:53:12] 13:53:12 | INFO     | Top 8 accessory categories for iPad: ['Screen Protector', 'Hub/Adapter', 'Headphones', 'Apple Pencil', 'Cleaning Kit', 'Cable', 'Tracking', 'Charger/Adapter']","[13:53:12] 13:53:12 | INFO     | Created cohort matrix: (8, 4)","[13:53:12] 13:53:12 | INFO     | Retrieved top 8 cohort pairs","[13:53:12] 13:53:12 | INFO     | Generated summary stats for iPad"]}]
2025-07-21 13:53:12,939 - simple_runner - INFO - Job 7342424b-3b78-493b-9407-b3853ffe3ae7: 13:53:12 | INFO     | Saved planogram: output\cohort_planograms\ipad_cohort_detailed_flagship.png
2025-07-21 13:53:12,939 - socketio.server - INFO - emitting event "job_status" to 7342424b-3b78-493b-9407-b3853ffe3ae7 [/]
2025-07-21 13:53:12,940 - engineio.server - INFO - S3Gr8RrdsWWADAGOAAAC: Sending packet MESSAGE data 2["job_status",{"job_id":"7342424b-3b78-493b-9407-b3853ffe3ae7","status":"running","progress":90,"logs":["13:53:12 | INFO     | Saved planogram: output\\cohort_planograms\\ipad_cohort_detailed_flagship.png"],"timestamp":"2025-07-21T13:53:12.939671"}]
2025-07-21 13:53:12,940 - socketio.server - INFO - emitting event "job_status" to 7342424b-3b78-493b-9407-b3853ffe3ae7 [/]
2025-07-21 13:53:12,940 - engineio.server - INFO - S3Gr8RrdsWWADAGOAAAC: Sending packet MESSAGE data 2["job_status",{"job_id":"7342424b-3b78-493b-9407-b3853ffe3ae7","status":"running","progress":95,"logs":["13:53:12 | INFO     | Saved planogram: output\\cohort_planograms\\ipad_cohort_detailed_flagship.png"],"timestamp":"2025-07-21T13:53:12.940545"}]
2025-07-21 13:53:12,941 - simple_runner - INFO - Job 7342424b-3b78-493b-9407-b3853ffe3ae7: 13:53:12 | INFO     | Generated product list: output\cohort_planograms\ipad_cohort_products_flagship.txt
2025-07-21 13:53:12,941 - socketio.server - INFO - emitting event "job_status" to 7342424b-3b78-493b-9407-b3853ffe3ae7 [/]
2025-07-21 13:53:12,941 - engineio.server - INFO - S3Gr8RrdsWWADAGOAAAC: Sending packet MESSAGE data 2["job_status",{"job_id":"7342424b-3b78-493b-9407-b3853ffe3ae7","status":"running","progress":95,"logs":["13:53:12 | INFO     | Generated product list: output\\cohort_planograms\\ipad_cohort_products_flagship.txt"],"timestamp":"2025-07-21T13:53:12.941172"}]
2025-07-21 13:53:12,941 - simple_runner - INFO - Job 7342424b-3b78-493b-9407-b3853ffe3ae7: 13:53:12 | INFO     | Successfully generated cohort planogram: output\cohort_planograms\ipad_cohort_detailed_flagship.png
2025-07-21 13:53:12,941 - simple_runner - INFO - Job 7342424b-3b78-493b-9407-b3853ffe3ae7: SUCCESS: Cohort planogram generated: output\cohort_planograms\ipad_cohort_detailed_flagship.png
2025-07-21 13:53:12,942 - socketio.server - INFO - emitting event "job_status" to 7342424b-3b78-493b-9407-b3853ffe3ae7 [/]
2025-07-21 13:53:12,942 - engineio.server - INFO - S3Gr8RrdsWWADAGOAAAC: Sending packet MESSAGE data 2["job_status",{"job_id":"7342424b-3b78-493b-9407-b3853ffe3ae7","status":"running","progress":95,"logs":["SUCCESS: Cohort planogram generated: output\\cohort_planograms\\ipad_cohort_detailed_flagship.png"],"timestamp":"2025-07-21T13:53:12.942112"}]
2025-07-21 13:53:13,058 - engineio.server - INFO - S3Gr8RrdsWWADAGOAAAC: Received packet MESSAGE data 2["get_job_status",{"job_id":"7342424b-3b78-493b-9407-b3853ffe3ae7"}]
2025-07-21 13:53:13,058 - socketio.server - INFO - received event "get_job_status" from 0Ly9A38_IWsiXhM3AAAD [/]
2025-07-21 13:53:13,059 - engineio.server - INFO - S3Gr8RrdsWWADAGOAAAC: Received packet MESSAGE data 2["get_job_logs_stream",{"job_id":"7342424b-3b78-493b-9407-b3853ffe3ae7","limit":50}]
2025-07-21 13:53:13,059 - socketio.server - INFO - received event "get_job_logs_stream" from 0Ly9A38_IWsiXhM3AAAD [/]
2025-07-21 13:53:13,130 - simple_runner - INFO - Found 4 generated files for job 7342424b-3b78-493b-9407-b3853ffe3ae7
2025-07-21 13:53:13,131 - socketio.server - INFO - emitting event "job_status" to 7342424b-3b78-493b-9407-b3853ffe3ae7 [/]
2025-07-21 13:53:13,132 - engineio.server - INFO - S3Gr8RrdsWWADAGOAAAC: Sending packet MESSAGE data 2["job_status",{"job_id":"7342424b-3b78-493b-9407-b3853ffe3ae7","status":"completed","progress":100,"logs":["Operation completed successfully"],"timestamp":"2025-07-21T13:53:13.131363"}]
2025-07-21 13:53:13,132 - socketio.server - INFO - emitting event "optimization_complete" to 7342424b-3b78-493b-9407-b3853ffe3ae7 [/]
2025-07-21 13:53:13,133 - engineio.server - INFO - S3Gr8RrdsWWADAGOAAAC: Sending packet MESSAGE data 2["optimization_complete",{"job_id":"7342424b-3b78-493b-9407-b3853ffe3ae7","result":{"success":true,"return_code":0,"files":[{"name":"ipad_cohort_detailed_flagship.png","type":"planogram","path":"cohort_planograms\\ipad_cohort_detailed_flagship.png","url":"/api/files/cohort_planograms/ipad_cohort_detailed_flagship.png","download_url":"/api/files/cohort_planograms/ipad_cohort_detailed_flagship.png/download","size":460968,"created":"2025-07-21T13:44:49.151756"},{"name":"ipad_cohort_products_flagship.txt","type":"product_list","path":"cohort_planograms\\ipad_cohort_products_flagship.txt","url":"/api/files/cohort_planograms/ipad_cohort_products_flagship.txt","download_url":"/api/files/cohort_planograms/ipad_cohort_products_flagship.txt/download","size":384,"created":"2025-07-21T13:44:49.567837"},{"name":"ipad_cohort_detailed_flagship.png","type":"planogram","path":"cohort_planograms\\ipad_cohort_detailed_flagship.png","url":"/api/files/cohort_planograms/ipad_cohort_detailed_flagship.png","download_url":"/api/files/cohort_planograms/ipad_cohort_detailed_flagship.png/download","size":460968,"created":"2025-07-21T13:44:49.151756"},{"name":"ipad_cohort_products_flagship.txt","type":"product_list","path":"cohort_planograms\\ipad_cohort_products_flagship.txt","url":"/api/files/cohort_planograms/ipad_cohort_products_flagship.txt","download_url":"/api/files/cohort_planograms/ipad_cohort_products_flagship.txt/download","size":384,"created":"2025-07-21T13:44:49.567837"}],"logs_count":15,"metrics":{"products_placed":38,"products_rejected":10,"average_utilization":80.0,"categories_processed":8,"models_processed":6},"products_placed":38,"products_rejected":10,"warnings":[]},"timestamp":"2025-07-21T13:53:13.132580"}]
2025-07-21 13:53:14,579 - engineio.server - INFO - S3Gr8RrdsWWADAGOAAAC: Received packet MESSAGE data 2["leave_job",{"job_id":"7342424b-3b78-493b-9407-b3853ffe3ae7"}]
2025-07-21 13:53:14,580 - socketio.server - INFO - received event "leave_job" from 0Ly9A38_IWsiXhM3AAAD [/]
2025-07-21 13:53:14,580 - socketio.server - INFO - 0Ly9A38_IWsiXhM3AAAD is leaving room 7342424b-3b78-493b-9407-b3853ffe3ae7 [/]
2025-07-21 13:53:14,581 - __main__ - INFO - Client 0Ly9A38_IWsiXhM3AAAD left job room: 7342424b-3b78-493b-9407-b3853ffe3ae7
2025-07-21 13:53:14,615 - __main__ - INFO - Job 7342424b-3b78-493b-9407-b3853ffe3ae7: Found 0 planograms and 4 other files
2025-07-21 13:53:14,616 - __main__ - INFO - Job type: cohort, Job parameters: {'lob': 'iPad', 'store_type': 'flagship'}
2025-07-21 13:53:14,616 - __main__ - INFO - Job patterns: ['ipad_cohort_detailed_flagship', 'ipad_cohort_products_flagship', 'ipad_cohort_planogram_flagship', 'ipad_cohort_flagship']
2025-07-21 13:53:14,616 - __main__ - INFO - Job start time: 1753086161.518787 (2025-07-21 13:52:41.518787)
2025-07-21 13:53:14,616 - __main__ - INFO - Other files: ['ipad_cohort_detailed_flagship.png', 'ipad_cohort_products_flagship.txt', 'ipad_cohort_detailed_flagship.png', 'ipad_cohort_products_flagship.txt']
2025-07-21 13:53:14,617 - __main__ - INFO - All recent files: ['ipad_cohort_detailed_flagship.png (mtime: 2025-07-21 13:53:12.881390)', 'ipad_cohort_products_flagship.txt (mtime: 2025-07-21 13:53:12.938839)', 'iphone_cohort_detailed_flagship.png (mtime: 2025-07-21 13:52:54.430099)', 'iphone_cohort_products_flagship.txt (mtime: 2025-07-21 13:52:54.548649)']
2025-07-21 13:53:34,071 - engineio.server - INFO - FBi0T3Q-7DN-hTnVAAAE: Sending packet OPEN data {'sid': 'FBi0T3Q-7DN-hTnVAAAE', 'upgrades': [], 'pingTimeout': 20000, 'pingInterval': 25000, 'maxPayload': 1000000}
2025-07-21 13:53:34,072 - engineio.server - INFO - FBi0T3Q-7DN-hTnVAAAE: Received request to upgrade to websocket
2025-07-21 13:53:34,072 - engineio.server - INFO - FBi0T3Q-7DN-hTnVAAAE: Upgrade to websocket successful
2025-07-21 13:53:34,073 - engineio.server - INFO - FBi0T3Q-7DN-hTnVAAAE: Received packet MESSAGE data 0
2025-07-21 13:53:34,074 - __main__ - INFO - Client connected: qNxuauV7JREtt-eMAAAF
2025-07-21 13:53:34,074 - socketio.server - INFO - emitting event "connected" to qNxuauV7JREtt-eMAAAF [/]
2025-07-21 13:53:34,074 - engineio.server - INFO - FBi0T3Q-7DN-hTnVAAAE: Sending packet MESSAGE data 2["connected",{"message":"Connected to Planogram API"}]
2025-07-21 13:53:34,075 - engineio.server - INFO - FBi0T3Q-7DN-hTnVAAAE: Sending packet MESSAGE data 0{"sid":"qNxuauV7JREtt-eMAAAF"}
2025-07-21 13:53:37,924 - __main__ - INFO - Client disconnected: 0Ly9A38_IWsiXhM3AAAD
2025-07-21 13:53:39,749 - simple_runner - INFO - Created job 7f85aadd-dd7d-4935-b55a-1308f7135108 of type cohort
2025-07-21 13:53:39,750 - socketio.server - INFO - emitting event "job_status" to 7f85aadd-dd7d-4935-b55a-1308f7135108 [/]
2025-07-21 13:53:39,772 - engineio.server - INFO - FBi0T3Q-7DN-hTnVAAAE: Received packet MESSAGE data 2["join_job",{"job_id":"7f85aadd-dd7d-4935-b55a-1308f7135108"}]
2025-07-21 13:53:39,773 - socketio.server - INFO - received event "join_job" from qNxuauV7JREtt-eMAAAF [/]
2025-07-21 13:53:39,773 - socketio.server - INFO - qNxuauV7JREtt-eMAAAF is entering room 7f85aadd-dd7d-4935-b55a-1308f7135108 [/]
2025-07-21 13:53:39,774 - __main__ - INFO - Client qNxuauV7JREtt-eMAAAF joined job room: 7f85aadd-dd7d-4935-b55a-1308f7135108
2025-07-21 13:53:39,774 - socketio.server - INFO - emitting event "job_status" to qNxuauV7JREtt-eMAAAF [/]
2025-07-21 13:53:39,774 - engineio.server - INFO - FBi0T3Q-7DN-hTnVAAAE: Sending packet MESSAGE data 2["job_status",{"job_id":"7f85aadd-dd7d-4935-b55a-1308f7135108","status":"running","progress":0,"logs":[]}]
2025-07-21 13:53:40,266 - engineio.server - INFO - FBi0T3Q-7DN-hTnVAAAE: Received packet MESSAGE data 2["get_job_status",{"job_id":"7f85aadd-dd7d-4935-b55a-1308f7135108"}]
2025-07-21 13:53:40,266 - socketio.server - INFO - received event "get_job_status" from qNxuauV7JREtt-eMAAAF [/]
2025-07-21 13:53:40,267 - engineio.server - INFO - FBi0T3Q-7DN-hTnVAAAE: Received packet MESSAGE data 2["get_job_logs_stream",{"job_id":"7f85aadd-dd7d-4935-b55a-1308f7135108","limit":50}]
2025-07-21 13:53:40,267 - socketio.server - INFO - received event "get_job_logs_stream" from qNxuauV7JREtt-eMAAAF [/]
2025-07-21 13:53:40,496 - simple_runner - INFO - Job 7f85aadd-dd7d-4935-b55a-1308f7135108: 13:53:40 | INFO     | Starting cohort planogram generation for iPhone - flagship
2025-07-21 13:53:40,526 - simple_runner - INFO - Job 7f85aadd-dd7d-4935-b55a-1308f7135108: 13:53:40 | INFO     | Loaded 23287 cohort records
2025-07-21 13:53:40,529 - simple_runner - INFO - Job 7f85aadd-dd7d-4935-b55a-1308f7135108: 13:53:40 | INFO     | Retrieved 18483 records for LOB: iPhone
2025-07-21 13:53:40,529 - simple_runner - INFO - Job 7f85aadd-dd7d-4935-b55a-1308f7135108: 13:53:40 | INFO     | Generating iPhone cohort planogram for flagship store
2025-07-21 13:53:40,553 - simple_runner - INFO - Job 7f85aadd-dd7d-4935-b55a-1308f7135108: 13:53:40 | INFO     | Loaded 23287 cohort records
2025-07-21 13:53:40,555 - simple_runner - INFO - Job 7f85aadd-dd7d-4935-b55a-1308f7135108: 13:53:40 | INFO     | Retrieved 18483 records for LOB: iPhone
2025-07-21 13:53:40,558 - simple_runner - INFO - Job 7f85aadd-dd7d-4935-b55a-1308f7135108: 13:53:40 | INFO     | Top 6 core products for iPhone: ['iPhone 16', 'iPhone 16 Pro Max', 'iPhone 15', 'iPhone 16 Pro', 'iPhone 16 Plus', 'iPhone 15 Pro Max']
2025-07-21 13:53:40,561 - simple_runner - INFO - Job 7f85aadd-dd7d-4935-b55a-1308f7135108: 13:53:40 | INFO     | Top 8 accessory categories for iPhone: ['Screen Protector', 'Wallet', 'PopSocket', 'Stand', 'Ring Holder', 'Wireless Charger', 'Headphones', 'Cleaning Kit']
2025-07-21 13:53:40,567 - simple_runner - INFO - Job 7f85aadd-dd7d-4935-b55a-1308f7135108: 13:53:40 | INFO     | Created cohort matrix: (8, 6)
2025-07-21 13:53:40,574 - simple_runner - INFO - Job 7f85aadd-dd7d-4935-b55a-1308f7135108: 13:53:40 | INFO     | Retrieved top 8 cohort pairs
2025-07-21 13:53:40,576 - simple_runner - INFO - Job 7f85aadd-dd7d-4935-b55a-1308f7135108: 13:53:40 | INFO     | Generated summary stats for iPhone
2025-07-21 13:53:40,577 - socketio.server - INFO - emitting event "job_status" to 7f85aadd-dd7d-4935-b55a-1308f7135108 [/]
2025-07-21 13:53:40,577 - engineio.server - INFO - FBi0T3Q-7DN-hTnVAAAE: Sending packet MESSAGE data 2["job_status",{"job_id":"7f85aadd-dd7d-4935-b55a-1308f7135108","status":"running","progress":95,"logs":["13:53:40 | INFO     | Generated summary stats for iPhone"],"timestamp":"2025-07-21T13:53:40.577301"}]
2025-07-21 13:53:40,770 - engineio.server - INFO - FBi0T3Q-7DN-hTnVAAAE: Received packet MESSAGE data 2["leave_job",{"job_id":"7f85aadd-dd7d-4935-b55a-1308f7135108"}]
2025-07-21 13:53:40,771 - socketio.server - INFO - received event "leave_job" from qNxuauV7JREtt-eMAAAF [/]
2025-07-21 13:53:40,771 - engineio.server - INFO - FBi0T3Q-7DN-hTnVAAAE: Received packet MESSAGE data 2["join_job",{"job_id":"7f85aadd-dd7d-4935-b55a-1308f7135108"}]
2025-07-21 13:53:40,772 - socketio.server - INFO - received event "join_job" from qNxuauV7JREtt-eMAAAF [/]
2025-07-21 13:53:40,773 - socketio.server - INFO - qNxuauV7JREtt-eMAAAF is leaving room 7f85aadd-dd7d-4935-b55a-1308f7135108 [/]
2025-07-21 13:53:40,773 - __main__ - INFO - Client qNxuauV7JREtt-eMAAAF left job room: 7f85aadd-dd7d-4935-b55a-1308f7135108
2025-07-21 13:53:40,774 - socketio.server - INFO - qNxuauV7JREtt-eMAAAF is entering room 7f85aadd-dd7d-4935-b55a-1308f7135108 [/]
2025-07-21 13:53:40,775 - __main__ - INFO - Client qNxuauV7JREtt-eMAAAF joined job room: 7f85aadd-dd7d-4935-b55a-1308f7135108
2025-07-21 13:53:40,775 - socketio.server - INFO - emitting event "job_status" to qNxuauV7JREtt-eMAAAF [/]
2025-07-21 13:53:40,776 - engineio.server - INFO - FBi0T3Q-7DN-hTnVAAAE: Sending packet MESSAGE data 2["job_status",{"job_id":"7f85aadd-dd7d-4935-b55a-1308f7135108","status":"running","progress":0,"logs":["[13:53:40] 13:53:40 | INFO     | Top 6 core products for iPhone: ['iPhone 16', 'iPhone 16 Pro Max', 'iPhone 15', 'iPhone 16 Pro', 'iPhone 16 Plus', 'iPhone 15 Pro Max']","[13:53:40] 13:53:40 | INFO     | Top 8 accessory categories for iPhone: ['Screen Protector', 'Wallet', 'PopSocket', 'Stand', 'Ring Holder', 'Wireless Charger', 'Headphones', 'Cleaning Kit']","[13:53:40] 13:53:40 | INFO     | Created cohort matrix: (8, 6)","[13:53:40] 13:53:40 | INFO     | Retrieved top 8 cohort pairs","[13:53:40] 13:53:40 | INFO     | Generated summary stats for iPhone"]}]
2025-07-21 13:53:41,270 - engineio.server - INFO - FBi0T3Q-7DN-hTnVAAAE: Received packet MESSAGE data 2["get_job_status",{"job_id":"7f85aadd-dd7d-4935-b55a-1308f7135108"}]
2025-07-21 13:53:41,271 - socketio.server - INFO - received event "get_job_status" from qNxuauV7JREtt-eMAAAF [/]
2025-07-21 13:53:41,272 - engineio.server - INFO - FBi0T3Q-7DN-hTnVAAAE: Received packet MESSAGE data 2["get_job_logs_stream",{"job_id":"7f85aadd-dd7d-4935-b55a-1308f7135108","limit":50}]
2025-07-21 13:53:41,272 - socketio.server - INFO - received event "get_job_logs_stream" from qNxuauV7JREtt-eMAAAF [/]
2025-07-21 13:53:41,885 - simple_runner - INFO - Job 7f85aadd-dd7d-4935-b55a-1308f7135108: 13:53:41 | INFO     | Saved planogram: output\cohort_planograms\iphone_cohort_detailed_flagship.png
2025-07-21 13:53:41,885 - socketio.server - INFO - emitting event "job_status" to 7f85aadd-dd7d-4935-b55a-1308f7135108 [/]
2025-07-21 13:53:41,886 - engineio.server - INFO - FBi0T3Q-7DN-hTnVAAAE: Sending packet MESSAGE data 2["job_status",{"job_id":"7f85aadd-dd7d-4935-b55a-1308f7135108","status":"running","progress":90,"logs":["13:53:41 | INFO     | Saved planogram: output\\cohort_planograms\\iphone_cohort_detailed_flagship.png"],"timestamp":"2025-07-21T13:53:41.885629"}]
2025-07-21 13:53:41,887 - socketio.server - INFO - emitting event "job_status" to 7f85aadd-dd7d-4935-b55a-1308f7135108 [/]
2025-07-21 13:53:41,887 - engineio.server - INFO - FBi0T3Q-7DN-hTnVAAAE: Sending packet MESSAGE data 2["job_status",{"job_id":"7f85aadd-dd7d-4935-b55a-1308f7135108","status":"running","progress":95,"logs":["13:53:41 | INFO     | Saved planogram: output\\cohort_planograms\\iphone_cohort_detailed_flagship.png"],"timestamp":"2025-07-21T13:53:41.887177"}]
2025-07-21 13:53:41,887 - simple_runner - INFO - Job 7f85aadd-dd7d-4935-b55a-1308f7135108: 13:53:41 | INFO     | Generating detailed product list for iPhone cohort combinations
2025-07-21 13:53:41,944 - simple_runner - INFO - Job 7f85aadd-dd7d-4935-b55a-1308f7135108: 13:53:41 | INFO     | Generated detailed product list: output\cohort_planograms\iphone_cohort_products_flagship.txt
2025-07-21 13:53:41,944 - socketio.server - INFO - emitting event "job_status" to 7f85aadd-dd7d-4935-b55a-1308f7135108 [/]
2025-07-21 13:53:41,945 - engineio.server - INFO - FBi0T3Q-7DN-hTnVAAAE: Sending packet MESSAGE data 2["job_status",{"job_id":"7f85aadd-dd7d-4935-b55a-1308f7135108","status":"running","progress":95,"logs":["13:53:41 | INFO     | Generated detailed product list: output\\cohort_planograms\\iphone_cohort_products_flagship.txt"],"timestamp":"2025-07-21T13:53:41.944849"}]
2025-07-21 13:53:41,945 - simple_runner - INFO - Job 7f85aadd-dd7d-4935-b55a-1308f7135108: 13:53:41 | INFO     | Successfully generated cohort planogram: output\cohort_planograms\iphone_cohort_detailed_flagship.png
2025-07-21 13:53:41,945 - simple_runner - INFO - Job 7f85aadd-dd7d-4935-b55a-1308f7135108: Detailed product list generated: output\cohort_planograms\iphone_cohort_products_flagship.txt
2025-07-21 13:53:41,946 - simple_runner - INFO - Job 7f85aadd-dd7d-4935-b55a-1308f7135108: SUCCESS: Cohort planogram generated: output\cohort_planograms\iphone_cohort_detailed_flagship.png
2025-07-21 13:53:41,946 - socketio.server - INFO - emitting event "job_status" to 7f85aadd-dd7d-4935-b55a-1308f7135108 [/]
2025-07-21 13:53:41,946 - engineio.server - INFO - FBi0T3Q-7DN-hTnVAAAE: Sending packet MESSAGE data 2["job_status",{"job_id":"7f85aadd-dd7d-4935-b55a-1308f7135108","status":"running","progress":95,"logs":["SUCCESS: Cohort planogram generated: output\\cohort_planograms\\iphone_cohort_detailed_flagship.png"],"timestamp":"2025-07-21T13:53:41.946634"}]
2025-07-21 13:53:42,154 - simple_runner - INFO - Found 4 generated files for job 7f85aadd-dd7d-4935-b55a-1308f7135108
2025-07-21 13:53:42,155 - socketio.server - INFO - emitting event "job_status" to 7f85aadd-dd7d-4935-b55a-1308f7135108 [/]
2025-07-21 13:53:42,156 - engineio.server - INFO - FBi0T3Q-7DN-hTnVAAAE: Sending packet MESSAGE data 2["job_status",{"job_id":"7f85aadd-dd7d-4935-b55a-1308f7135108","status":"completed","progress":100,"logs":["Operation completed successfully"],"timestamp":"2025-07-21T13:53:42.155135"}]
2025-07-21 13:53:42,156 - socketio.server - INFO - emitting event "optimization_complete" to 7f85aadd-dd7d-4935-b55a-1308f7135108 [/]
2025-07-21 13:53:42,156 - engineio.server - INFO - FBi0T3Q-7DN-hTnVAAAE: Sending packet MESSAGE data 2["optimization_complete",{"job_id":"7f85aadd-dd7d-4935-b55a-1308f7135108","result":{"success":true,"return_code":0,"files":[{"name":"iphone_cohort_detailed_flagship.png","type":"planogram","path":"cohort_planograms\\iphone_cohort_detailed_flagship.png","url":"/api/files/cohort_planograms/iphone_cohort_detailed_flagship.png","download_url":"/api/files/cohort_planograms/iphone_cohort_detailed_flagship.png/download","size":881837,"created":"2025-07-21T13:44:03.509237"},{"name":"iphone_cohort_products_flagship.txt","type":"product_list","path":"cohort_planograms\\iphone_cohort_products_flagship.txt","url":"/api/files/cohort_planograms/iphone_cohort_products_flagship.txt","download_url":"/api/files/cohort_planograms/iphone_cohort_products_flagship.txt/download","size":23268,"created":"2025-07-21T13:44:04.178110"},{"name":"iphone_cohort_detailed_flagship.png","type":"planogram","path":"cohort_planograms\\iphone_cohort_detailed_flagship.png","url":"/api/files/cohort_planograms/iphone_cohort_detailed_flagship.png","download_url":"/api/files/cohort_planograms/iphone_cohort_detailed_flagship.png/download","size":881837,"created":"2025-07-21T13:44:03.509237"},{"name":"iphone_cohort_products_flagship.txt","type":"product_list","path":"cohort_planograms\\iphone_cohort_products_flagship.txt","url":"/api/files/cohort_planograms/iphone_cohort_products_flagship.txt","download_url":"/api/files/cohort_planograms/iphone_cohort_products_flagship.txt/download","size":23268,"created":"2025-07-21T13:44:04.178110"}],"logs_count":17,"metrics":{"products_placed":40,"products_rejected":8,"average_utilization":85.0,"categories_processed":8,"models_processed":6},"products_placed":40,"products_rejected":8,"warnings":[]},"timestamp":"2025-07-21T13:53:42.156514"}]
2025-07-21 13:53:42,788 - engineio.server - INFO - FBi0T3Q-7DN-hTnVAAAE: Received packet MESSAGE data 2["leave_job",{"job_id":"7f85aadd-dd7d-4935-b55a-1308f7135108"}]
2025-07-21 13:53:42,789 - socketio.server - INFO - received event "leave_job" from qNxuauV7JREtt-eMAAAF [/]
2025-07-21 13:53:42,789 - socketio.server - INFO - qNxuauV7JREtt-eMAAAF is leaving room 7f85aadd-dd7d-4935-b55a-1308f7135108 [/]
2025-07-21 13:53:42,790 - __main__ - INFO - Client qNxuauV7JREtt-eMAAAF left job room: 7f85aadd-dd7d-4935-b55a-1308f7135108
2025-07-21 13:53:42,822 - __main__ - INFO - Job 7f85aadd-dd7d-4935-b55a-1308f7135108: Found 0 planograms and 4 other files
2025-07-21 13:53:42,822 - __main__ - INFO - Job type: cohort, Job parameters: {'lob': 'iPhone', 'store_type': 'flagship'}
2025-07-21 13:53:42,822 - __main__ - INFO - Job patterns: ['iphone_cohort_detailed_flagship', 'iphone_cohort_products_flagship', 'iphone_cohort_planogram_flagship', 'iphone_cohort_flagship']
2025-07-21 13:53:42,823 - __main__ - INFO - Job start time: 1753086189.750128 (2025-07-21 13:53:09.750128)
2025-07-21 13:53:42,823 - __main__ - INFO - Other files: ['iphone_cohort_detailed_flagship.png', 'iphone_cohort_products_flagship.txt', 'iphone_cohort_detailed_flagship.png', 'iphone_cohort_products_flagship.txt']
2025-07-21 13:53:42,824 - __main__ - INFO - All recent files: ['ipad_cohort_detailed_flagship.png (mtime: 2025-07-21 13:53:12.881390)', 'ipad_cohort_products_flagship.txt (mtime: 2025-07-21 13:53:12.938839)', 'iphone_cohort_detailed_flagship.png (mtime: 2025-07-21 13:53:41.755860)', 'iphone_cohort_products_flagship.txt (mtime: 2025-07-21 13:53:41.941836)']
2025-07-21 13:53:59,083 - engineio.server - INFO - FBi0T3Q-7DN-hTnVAAAE: Sending packet PING data None
2025-07-21 13:54:20,760 - engineio.server - INFO - yfdaWXqip3_k2NlrAAAG: Sending packet OPEN data {'sid': 'yfdaWXqip3_k2NlrAAAG', 'upgrades': [], 'pingTimeout': 20000, 'pingInterval': 25000, 'maxPayload': 1000000}
2025-07-21 13:54:20,761 - engineio.server - INFO - yfdaWXqip3_k2NlrAAAG: Received request to upgrade to websocket
2025-07-21 13:54:20,761 - engineio.server - INFO - yfdaWXqip3_k2NlrAAAG: Upgrade to websocket successful
2025-07-21 13:54:20,762 - engineio.server - INFO - yfdaWXqip3_k2NlrAAAG: Received packet MESSAGE data 0
2025-07-21 13:54:20,762 - __main__ - INFO - Client connected: hNOrbY55dKY_Dg0IAAAH
2025-07-21 13:54:20,762 - socketio.server - INFO - emitting event "connected" to hNOrbY55dKY_Dg0IAAAH [/]
2025-07-21 13:54:20,763 - engineio.server - INFO - yfdaWXqip3_k2NlrAAAG: Sending packet MESSAGE data 2["connected",{"message":"Connected to Planogram API"}]
2025-07-21 13:54:20,763 - engineio.server - INFO - yfdaWXqip3_k2NlrAAAG: Sending packet MESSAGE data 0{"sid":"hNOrbY55dKY_Dg0IAAAH"}
2025-07-21 13:54:24,788 - __main__ - INFO - Client disconnected: qNxuauV7JREtt-eMAAAF
2025-07-21 13:54:25,545 - simple_runner - INFO - Created job 7e864705-aeff-4f41-98a6-5e2dd0ea2afb of type cohort
2025-07-21 13:54:25,546 - socketio.server - INFO - emitting event "job_status" to 7e864705-aeff-4f41-98a6-5e2dd0ea2afb [/]
2025-07-21 13:54:25,568 - engineio.server - INFO - yfdaWXqip3_k2NlrAAAG: Received packet MESSAGE data 2["join_job",{"job_id":"7e864705-aeff-4f41-98a6-5e2dd0ea2afb"}]
2025-07-21 13:54:25,569 - socketio.server - INFO - received event "join_job" from hNOrbY55dKY_Dg0IAAAH [/]
2025-07-21 13:54:25,569 - socketio.server - INFO - hNOrbY55dKY_Dg0IAAAH is entering room 7e864705-aeff-4f41-98a6-5e2dd0ea2afb [/]
2025-07-21 13:54:25,570 - __main__ - INFO - Client hNOrbY55dKY_Dg0IAAAH joined job room: 7e864705-aeff-4f41-98a6-5e2dd0ea2afb
2025-07-21 13:54:25,570 - socketio.server - INFO - emitting event "job_status" to hNOrbY55dKY_Dg0IAAAH [/]
2025-07-21 13:54:25,570 - engineio.server - INFO - yfdaWXqip3_k2NlrAAAG: Sending packet MESSAGE data 2["job_status",{"job_id":"7e864705-aeff-4f41-98a6-5e2dd0ea2afb","status":"running","progress":0,"logs":[]}]
2025-07-21 13:54:26,061 - engineio.server - INFO - yfdaWXqip3_k2NlrAAAG: Received packet MESSAGE data 2["get_job_status",{"job_id":"7e864705-aeff-4f41-98a6-5e2dd0ea2afb"}]
2025-07-21 13:54:26,061 - socketio.server - INFO - received event "get_job_status" from hNOrbY55dKY_Dg0IAAAH [/]
2025-07-21 13:54:26,062 - engineio.server - INFO - yfdaWXqip3_k2NlrAAAG: Received packet MESSAGE data 2["get_job_logs_stream",{"job_id":"7e864705-aeff-4f41-98a6-5e2dd0ea2afb","limit":50}]
2025-07-21 13:54:26,062 - socketio.server - INFO - received event "get_job_logs_stream" from hNOrbY55dKY_Dg0IAAAH [/]
2025-07-21 13:54:26,273 - simple_runner - INFO - Job 7e864705-aeff-4f41-98a6-5e2dd0ea2afb: 13:54:26 | INFO     | Starting cohort planogram generation for Mac - flagship
2025-07-21 13:54:26,296 - simple_runner - INFO - Job 7e864705-aeff-4f41-98a6-5e2dd0ea2afb: 13:54:26 | INFO     | Loaded 23287 cohort records
2025-07-21 13:54:26,298 - simple_runner - INFO - Job 7e864705-aeff-4f41-98a6-5e2dd0ea2afb: 13:54:26 | INFO     | Retrieved 946 records for LOB: Mac
2025-07-21 13:54:26,298 - simple_runner - INFO - Job 7e864705-aeff-4f41-98a6-5e2dd0ea2afb: 13:54:26 | INFO     | Generating Mac cohort planogram for flagship store
2025-07-21 13:54:26,318 - simple_runner - INFO - Job 7e864705-aeff-4f41-98a6-5e2dd0ea2afb: 13:54:26 | INFO     | Loaded 23287 cohort records
2025-07-21 13:54:26,319 - simple_runner - INFO - Job 7e864705-aeff-4f41-98a6-5e2dd0ea2afb: 13:54:26 | INFO     | Retrieved 946 records for LOB: Mac
2025-07-21 13:54:26,560 - engineio.server - INFO - yfdaWXqip3_k2NlrAAAG: Received packet MESSAGE data 2["leave_job",{"job_id":"7e864705-aeff-4f41-98a6-5e2dd0ea2afb"}]
2025-07-21 13:54:26,561 - socketio.server - INFO - received event "leave_job" from hNOrbY55dKY_Dg0IAAAH [/]
2025-07-21 13:54:26,561 - engineio.server - INFO - yfdaWXqip3_k2NlrAAAG: Received packet MESSAGE data 2["join_job",{"job_id":"7e864705-aeff-4f41-98a6-5e2dd0ea2afb"}]
2025-07-21 13:54:26,562 - socketio.server - INFO - received event "join_job" from hNOrbY55dKY_Dg0IAAAH [/]
2025-07-21 13:54:26,563 - socketio.server - INFO - hNOrbY55dKY_Dg0IAAAH is leaving room 7e864705-aeff-4f41-98a6-5e2dd0ea2afb [/]
2025-07-21 13:54:26,563 - __main__ - INFO - Client hNOrbY55dKY_Dg0IAAAH left job room: 7e864705-aeff-4f41-98a6-5e2dd0ea2afb
2025-07-21 13:54:26,564 - socketio.server - INFO - hNOrbY55dKY_Dg0IAAAH is entering room 7e864705-aeff-4f41-98a6-5e2dd0ea2afb [/]
2025-07-21 13:54:26,564 - __main__ - INFO - Client hNOrbY55dKY_Dg0IAAAH joined job room: 7e864705-aeff-4f41-98a6-5e2dd0ea2afb
2025-07-21 13:54:26,565 - socketio.server - INFO - emitting event "job_status" to hNOrbY55dKY_Dg0IAAAH [/]
2025-07-21 13:54:26,565 - engineio.server - INFO - yfdaWXqip3_k2NlrAAAG: Sending packet MESSAGE data 2["job_status",{"job_id":"7e864705-aeff-4f41-98a6-5e2dd0ea2afb","status":"running","progress":0,"logs":["[13:54:26] 13:54:26 | INFO     | Loaded 23287 cohort records","[13:54:26] 13:54:26 | INFO     | Retrieved 946 records for LOB: Mac","[13:54:26] 13:54:26 | INFO     | Generating Mac cohort planogram for flagship store","[13:54:26] 13:54:26 | INFO     | Loaded 23287 cohort records","[13:54:26] 13:54:26 | INFO     | Retrieved 946 records for LOB: Mac"]}]
2025-07-21 13:54:27,066 - engineio.server - INFO - yfdaWXqip3_k2NlrAAAG: Received packet MESSAGE data 2["get_job_status",{"job_id":"7e864705-aeff-4f41-98a6-5e2dd0ea2afb"}]
2025-07-21 13:54:27,066 - socketio.server - INFO - received event "get_job_status" from hNOrbY55dKY_Dg0IAAAH [/]
2025-07-21 13:54:27,067 - engineio.server - INFO - yfdaWXqip3_k2NlrAAAG: Received packet MESSAGE data 2["get_job_logs_stream",{"job_id":"7e864705-aeff-4f41-98a6-5e2dd0ea2afb","limit":50}]
2025-07-21 13:54:27,067 - socketio.server - INFO - received event "get_job_logs_stream" from hNOrbY55dKY_Dg0IAAAH [/]
2025-07-21 13:54:27,193 - simple_runner - INFO - Job 7e864705-aeff-4f41-98a6-5e2dd0ea2afb: 13:54:27 | INFO     | Saved planogram: output\cohort_planograms\mac_cohort_detailed_flagship.png
2025-07-21 13:54:27,194 - socketio.server - INFO - emitting event "job_status" to 7e864705-aeff-4f41-98a6-5e2dd0ea2afb [/]
2025-07-21 13:54:27,194 - engineio.server - INFO - yfdaWXqip3_k2NlrAAAG: Sending packet MESSAGE data 2["job_status",{"job_id":"7e864705-aeff-4f41-98a6-5e2dd0ea2afb","status":"running","progress":25,"logs":["13:54:27 | INFO     | Saved planogram: output\\cohort_planograms\\mac_cohort_detailed_flagship.png"],"timestamp":"2025-07-21T13:54:27.194260"}]
2025-07-21 13:54:27,194 - socketio.server - INFO - emitting event "job_status" to 7e864705-aeff-4f41-98a6-5e2dd0ea2afb [/]
2025-07-21 13:54:27,195 - engineio.server - INFO - yfdaWXqip3_k2NlrAAAG: Sending packet MESSAGE data 2["job_status",{"job_id":"7e864705-aeff-4f41-98a6-5e2dd0ea2afb","status":"running","progress":95,"logs":["13:54:27 | INFO     | Saved planogram: output\\cohort_planograms\\mac_cohort_detailed_flagship.png"],"timestamp":"2025-07-21T13:54:27.194966"}]
2025-07-21 13:54:27,232 - simple_runner - INFO - Job 7e864705-aeff-4f41-98a6-5e2dd0ea2afb: 13:54:27 | INFO     | Generated detailed product list: output\cohort_planograms\mac_cohort_products_flagship.txt
2025-07-21 13:54:27,232 - socketio.server - INFO - emitting event "job_status" to 7e864705-aeff-4f41-98a6-5e2dd0ea2afb [/]
2025-07-21 13:54:27,233 - engineio.server - INFO - yfdaWXqip3_k2NlrAAAG: Sending packet MESSAGE data 2["job_status",{"job_id":"7e864705-aeff-4f41-98a6-5e2dd0ea2afb","status":"running","progress":95,"logs":["13:54:27 | INFO     | Generated detailed product list: output\\cohort_planograms\\mac_cohort_products_flagship.txt"],"timestamp":"2025-07-21T13:54:27.232763"}]
2025-07-21 13:54:27,233 - simple_runner - INFO - Job 7e864705-aeff-4f41-98a6-5e2dd0ea2afb: 13:54:27 | INFO     | Successfully generated cohort planogram: output\cohort_planograms\mac_cohort_detailed_flagship.png
2025-07-21 13:54:27,233 - simple_runner - INFO - Job 7e864705-aeff-4f41-98a6-5e2dd0ea2afb: SUCCESS: Cohort planogram generated: output\cohort_planograms\mac_cohort_detailed_flagship.png
2025-07-21 13:54:27,234 - socketio.server - INFO - emitting event "job_status" to 7e864705-aeff-4f41-98a6-5e2dd0ea2afb [/]
2025-07-21 13:54:27,234 - engineio.server - INFO - yfdaWXqip3_k2NlrAAAG: Sending packet MESSAGE data 2["job_status",{"job_id":"7e864705-aeff-4f41-98a6-5e2dd0ea2afb","status":"running","progress":95,"logs":["SUCCESS: Cohort planogram generated: output\\cohort_planograms\\mac_cohort_detailed_flagship.png"],"timestamp":"2025-07-21T13:54:27.234191"}]
2025-07-21 13:54:27,436 - simple_runner - INFO - Found 4 generated files for job 7e864705-aeff-4f41-98a6-5e2dd0ea2afb
2025-07-21 13:54:27,436 - socketio.server - INFO - emitting event "job_status" to 7e864705-aeff-4f41-98a6-5e2dd0ea2afb [/]
2025-07-21 13:54:27,436 - engineio.server - INFO - yfdaWXqip3_k2NlrAAAG: Sending packet MESSAGE data 2["job_status",{"job_id":"7e864705-aeff-4f41-98a6-5e2dd0ea2afb","status":"completed","progress":100,"logs":["Operation completed successfully"],"timestamp":"2025-07-21T13:54:27.436258"}]
2025-07-21 13:54:27,436 - socketio.server - INFO - emitting event "optimization_complete" to 7e864705-aeff-4f41-98a6-5e2dd0ea2afb [/]
2025-07-21 13:54:27,436 - engineio.server - INFO - yfdaWXqip3_k2NlrAAAG: Sending packet MESSAGE data 2["optimization_complete",{"job_id":"7e864705-aeff-4f41-98a6-5e2dd0ea2afb","result":{"success":true,"return_code":0,"files":[{"name":"mac_cohort_detailed_flagship.png","type":"planogram","path":"cohort_planograms\\mac_cohort_detailed_flagship.png","url":"/api/files/cohort_planograms/mac_cohort_detailed_flagship.png","download_url":"/api/files/cohort_planograms/mac_cohort_detailed_flagship.png/download","size":687692,"created":"2025-07-21T13:45:18.567407"},{"name":"mac_cohort_products_flagship.txt","type":"product_list","path":"cohort_planograms\\mac_cohort_products_flagship.txt","url":"/api/files/cohort_planograms/mac_cohort_products_flagship.txt","download_url":"/api/files/cohort_planograms/mac_cohort_products_flagship.txt/download","size":16288,"created":"2025-07-21T13:45:19.040848"},{"name":"mac_cohort_detailed_flagship.png","type":"planogram","path":"cohort_planograms\\mac_cohort_detailed_flagship.png","url":"/api/files/cohort_planograms/mac_cohort_detailed_flagship.png","download_url":"/api/files/cohort_planograms/mac_cohort_detailed_flagship.png/download","size":687692,"created":"2025-07-21T13:45:18.567407"},{"name":"mac_cohort_products_flagship.txt","type":"product_list","path":"cohort_planograms\\mac_cohort_products_flagship.txt","url":"/api/files/cohort_planograms/mac_cohort_products_flagship.txt","download_url":"/api/files/cohort_planograms/mac_cohort_products_flagship.txt/download","size":16288,"created":"2025-07-21T13:45:19.040848"}],"logs_count":10,"metrics":{"products_placed":18,"products_rejected":6,"average_utilization":75.0,"categories_processed":6,"models_processed":4},"products_placed":18,"products_rejected":6,"warnings":[]},"timestamp":"2025-07-21T13:54:27.436740"}]
2025-07-21 13:54:28,575 - engineio.server - INFO - yfdaWXqip3_k2NlrAAAG: Received packet MESSAGE data 2["leave_job",{"job_id":"7e864705-aeff-4f41-98a6-5e2dd0ea2afb"}]
2025-07-21 13:54:28,576 - socketio.server - INFO - received event "leave_job" from hNOrbY55dKY_Dg0IAAAH [/]
2025-07-21 13:54:28,576 - socketio.server - INFO - hNOrbY55dKY_Dg0IAAAH is leaving room 7e864705-aeff-4f41-98a6-5e2dd0ea2afb [/]
2025-07-21 13:54:28,576 - __main__ - INFO - Client hNOrbY55dKY_Dg0IAAAH left job room: 7e864705-aeff-4f41-98a6-5e2dd0ea2afb
2025-07-21 13:54:28,606 - __main__ - INFO - Job 7e864705-aeff-4f41-98a6-5e2dd0ea2afb: Found 0 planograms and 4 other files
2025-07-21 13:54:28,607 - __main__ - INFO - Job type: cohort, Job parameters: {'lob': 'Mac', 'store_type': 'flagship'}
2025-07-21 13:54:28,607 - __main__ - INFO - Job patterns: ['mac_cohort_detailed_flagship', 'mac_cohort_products_flagship', 'mac_cohort_planogram_flagship', 'mac_cohort_flagship']
2025-07-21 13:54:28,608 - __main__ - INFO - Job start time: 1753086235.54632 (2025-07-21 13:53:55.546320)
2025-07-21 13:54:28,608 - __main__ - INFO - Other files: ['mac_cohort_detailed_flagship.png', 'mac_cohort_products_flagship.txt', 'mac_cohort_detailed_flagship.png', 'mac_cohort_products_flagship.txt']
2025-07-21 13:54:28,610 - __main__ - INFO - All recent files: ['mac_cohort_detailed_flagship.png (mtime: 2025-07-21 13:54:27.115574)', 'mac_cohort_products_flagship.txt (mtime: 2025-07-21 13:54:27.231919)']
2025-07-21 13:54:45,321 - simple_runner - INFO - Created job 4de580e6-01f1-4c44-81ce-12cafa10e9d3 of type cohort
2025-07-21 13:54:45,322 - socketio.server - INFO - emitting event "job_status" to 4de580e6-01f1-4c44-81ce-12cafa10e9d3 [/]
2025-07-21 13:54:45,341 - engineio.server - INFO - yfdaWXqip3_k2NlrAAAG: Received packet MESSAGE data 2["join_job",{"job_id":"4de580e6-01f1-4c44-81ce-12cafa10e9d3"}]
2025-07-21 13:54:45,341 - socketio.server - INFO - received event "join_job" from hNOrbY55dKY_Dg0IAAAH [/]
2025-07-21 13:54:45,342 - socketio.server - INFO - hNOrbY55dKY_Dg0IAAAH is entering room 4de580e6-01f1-4c44-81ce-12cafa10e9d3 [/]
2025-07-21 13:54:45,343 - __main__ - INFO - Client hNOrbY55dKY_Dg0IAAAH joined job room: 4de580e6-01f1-4c44-81ce-12cafa10e9d3
2025-07-21 13:54:45,343 - socketio.server - INFO - emitting event "job_status" to hNOrbY55dKY_Dg0IAAAH [/]
2025-07-21 13:54:45,344 - engineio.server - INFO - yfdaWXqip3_k2NlrAAAG: Sending packet MESSAGE data 2["job_status",{"job_id":"4de580e6-01f1-4c44-81ce-12cafa10e9d3","status":"running","progress":0,"logs":[]}]
2025-07-21 13:54:45,767 - engineio.server - INFO - yfdaWXqip3_k2NlrAAAG: Sending packet PING data None
2025-07-21 13:54:45,837 - engineio.server - INFO - yfdaWXqip3_k2NlrAAAG: Received packet MESSAGE data 2["get_job_status",{"job_id":"4de580e6-01f1-4c44-81ce-12cafa10e9d3"}]
2025-07-21 13:54:45,837 - socketio.server - INFO - received event "get_job_status" from hNOrbY55dKY_Dg0IAAAH [/]
2025-07-21 13:54:45,838 - engineio.server - INFO - yfdaWXqip3_k2NlrAAAG: Received packet MESSAGE data 2["get_job_logs_stream",{"job_id":"4de580e6-01f1-4c44-81ce-12cafa10e9d3","limit":50}]
2025-07-21 13:54:45,838 - socketio.server - INFO - received event "get_job_logs_stream" from hNOrbY55dKY_Dg0IAAAH [/]
2025-07-21 13:54:46,183 - simple_runner - INFO - Job 4de580e6-01f1-4c44-81ce-12cafa10e9d3: 13:54:46 | INFO     | Starting cohort planogram generation for Watch - flagship
2025-07-21 13:54:46,217 - simple_runner - INFO - Job 4de580e6-01f1-4c44-81ce-12cafa10e9d3: 13:54:46 | INFO     | Loaded 23287 cohort records
2025-07-21 13:54:46,219 - simple_runner - INFO - Job 4de580e6-01f1-4c44-81ce-12cafa10e9d3: 13:54:46 | INFO     | Retrieved 1419 records for LOB: Watch
2025-07-21 13:54:46,220 - simple_runner - INFO - Job 4de580e6-01f1-4c44-81ce-12cafa10e9d3: 13:54:46 | INFO     | Generating Watch cohort planogram for flagship store
2025-07-21 13:54:46,249 - simple_runner - INFO - Job 4de580e6-01f1-4c44-81ce-12cafa10e9d3: 13:54:46 | INFO     | Loaded 23287 cohort records
2025-07-21 13:54:46,250 - simple_runner - INFO - Job 4de580e6-01f1-4c44-81ce-12cafa10e9d3: 13:54:46 | INFO     | Retrieved 1419 records for LOB: Watch
2025-07-21 13:54:46,263 - simple_runner - INFO - Job 4de580e6-01f1-4c44-81ce-12cafa10e9d3: 13:54:46 | INFO     | Top 4 core products for Watch: ['Apple Watch Other', 'Apple Watch SE', 'Apple Watch Series', 'Apple Watch Ultra']
2025-07-21 13:54:46,264 - simple_runner - INFO - Job 4de580e6-01f1-4c44-81ce-12cafa10e9d3: 13:54:46 | INFO     | Top 6 accessory categories for Watch: ['Screen Protector', 'Wireless Charger', 'Headphones', 'Cleaning Kit', 'Cable', 'Charger/Adapter']
2025-07-21 13:54:46,278 - simple_runner - INFO - Job 4de580e6-01f1-4c44-81ce-12cafa10e9d3: 13:54:46 | INFO     | Generating detailed product list for Watch cohort combinations
2025-07-21 13:54:46,298 - simple_runner - INFO - Job 4de580e6-01f1-4c44-81ce-12cafa10e9d3: 13:54:46 | INFO     | Generated detailed product list: output\cohort_planograms\watch_cohort_products_flagship.txt
2025-07-21 13:54:46,298 - socketio.server - INFO - emitting event "job_status" to 4de580e6-01f1-4c44-81ce-12cafa10e9d3 [/]
2025-07-21 13:54:46,299 - engineio.server - INFO - yfdaWXqip3_k2NlrAAAG: Sending packet MESSAGE data 2["job_status",{"job_id":"4de580e6-01f1-4c44-81ce-12cafa10e9d3","status":"running","progress":95,"logs":["13:54:46 | INFO     | Generated detailed product list: output\\cohort_planograms\\watch_cohort_products_flagship.txt"],"timestamp":"2025-07-21T13:54:46.298811"}]
2025-07-21 13:54:46,422 - engineio.server - INFO - yfdaWXqip3_k2NlrAAAG: Received packet MESSAGE data 2["leave_job",{"job_id":"4de580e6-01f1-4c44-81ce-12cafa10e9d3"}]
2025-07-21 13:54:46,422 - socketio.server - INFO - received event "leave_job" from hNOrbY55dKY_Dg0IAAAH [/]
2025-07-21 13:54:46,423 - engineio.server - INFO - yfdaWXqip3_k2NlrAAAG: Received packet MESSAGE data 2["join_job",{"job_id":"4de580e6-01f1-4c44-81ce-12cafa10e9d3"}]
2025-07-21 13:54:46,424 - socketio.server - INFO - received event "join_job" from hNOrbY55dKY_Dg0IAAAH [/]
2025-07-21 13:54:46,424 - socketio.server - INFO - hNOrbY55dKY_Dg0IAAAH is leaving room 4de580e6-01f1-4c44-81ce-12cafa10e9d3 [/]
2025-07-21 13:54:46,425 - __main__ - INFO - Client hNOrbY55dKY_Dg0IAAAH left job room: 4de580e6-01f1-4c44-81ce-12cafa10e9d3
2025-07-21 13:54:46,426 - socketio.server - INFO - hNOrbY55dKY_Dg0IAAAH is entering room 4de580e6-01f1-4c44-81ce-12cafa10e9d3 [/]
2025-07-21 13:54:46,426 - __main__ - INFO - Client hNOrbY55dKY_Dg0IAAAH joined job room: 4de580e6-01f1-4c44-81ce-12cafa10e9d3
2025-07-21 13:54:46,426 - socketio.server - INFO - emitting event "job_status" to hNOrbY55dKY_Dg0IAAAH [/]
2025-07-21 13:54:46,427 - engineio.server - INFO - yfdaWXqip3_k2NlrAAAG: Sending packet MESSAGE data 2["job_status",{"job_id":"4de580e6-01f1-4c44-81ce-12cafa10e9d3","status":"running","progress":0,"logs":["[13:54:46] 13:54:46 | INFO     | Retrieved 1419 records for LOB: Watch","[13:54:46] 13:54:46 | INFO     | Top 4 core products for Watch: ['Apple Watch Other', 'Apple Watch SE', 'Apple Watch Series', 'Apple Watch Ultra']","[13:54:46] 13:54:46 | INFO     | Top 6 accessory categories for Watch: ['Screen Protector', 'Wireless Charger', 'Headphones', 'Cleaning Kit', 'Cable', 'Charger/Adapter']","[13:54:46] 13:54:46 | INFO     | Generating detailed product list for Watch cohort combinations","[13:54:46] 13:54:46 | INFO     | Generated detailed product list: output\\cohort_planograms\\watch_cohort_products_flagship.txt"]}]
2025-07-21 13:54:46,972 - engineio.server - INFO - yfdaWXqip3_k2NlrAAAG: Received packet MESSAGE data 2["get_job_status",{"job_id":"4de580e6-01f1-4c44-81ce-12cafa10e9d3"}]
2025-07-21 13:54:46,973 - socketio.server - INFO - received event "get_job_status" from hNOrbY55dKY_Dg0IAAAH [/]
2025-07-21 13:54:46,973 - engineio.server - INFO - yfdaWXqip3_k2NlrAAAG: Received packet MESSAGE data 2["get_job_logs_stream",{"job_id":"4de580e6-01f1-4c44-81ce-12cafa10e9d3","limit":50}]
2025-07-21 13:54:46,974 - socketio.server - INFO - received event "get_job_logs_stream" from hNOrbY55dKY_Dg0IAAAH [/]
2025-07-21 13:54:47,000 - engineio.server - INFO - yfdaWXqip3_k2NlrAAAG: Received packet MESSAGE data 2["leave_job",{"job_id":"4de580e6-01f1-4c44-81ce-12cafa10e9d3"}]
2025-07-21 13:54:47,001 - socketio.server - INFO - received event "leave_job" from hNOrbY55dKY_Dg0IAAAH [/]
2025-07-21 13:54:47,001 - socketio.server - INFO - hNOrbY55dKY_Dg0IAAAH is leaving room 4de580e6-01f1-4c44-81ce-12cafa10e9d3 [/]
2025-07-21 13:54:47,002 - __main__ - INFO - Client hNOrbY55dKY_Dg0IAAAH left job room: 4de580e6-01f1-4c44-81ce-12cafa10e9d3
2025-07-21 13:54:47,006 - engineio.server - INFO - yfdaWXqip3_k2NlrAAAG: Received packet MESSAGE data 2["join_job",{"job_id":"4de580e6-01f1-4c44-81ce-12cafa10e9d3"}]
2025-07-21 13:54:47,006 - socketio.server - INFO - received event "join_job" from hNOrbY55dKY_Dg0IAAAH [/]
2025-07-21 13:54:47,008 - socketio.server - INFO - hNOrbY55dKY_Dg0IAAAH is entering room 4de580e6-01f1-4c44-81ce-12cafa10e9d3 [/]
2025-07-21 13:54:47,008 - __main__ - INFO - Client hNOrbY55dKY_Dg0IAAAH joined job room: 4de580e6-01f1-4c44-81ce-12cafa10e9d3
2025-07-21 13:54:47,009 - socketio.server - INFO - emitting event "job_status" to hNOrbY55dKY_Dg0IAAAH [/]
2025-07-21 13:54:47,009 - engineio.server - INFO - yfdaWXqip3_k2NlrAAAG: Sending packet MESSAGE data 2["job_status",{"job_id":"4de580e6-01f1-4c44-81ce-12cafa10e9d3","status":"running","progress":0,"logs":["[13:54:46] 13:54:46 | INFO     | Retrieved 1419 records for LOB: Watch","[13:54:46] 13:54:46 | INFO     | Top 4 core products for Watch: ['Apple Watch Other', 'Apple Watch SE', 'Apple Watch Series', 'Apple Watch Ultra']","[13:54:46] 13:54:46 | INFO     | Top 6 accessory categories for Watch: ['Screen Protector', 'Wireless Charger', 'Headphones', 'Cleaning Kit', 'Cable', 'Charger/Adapter']","[13:54:46] 13:54:46 | INFO     | Generating detailed product list for Watch cohort combinations","[13:54:46] 13:54:46 | INFO     | Generated detailed product list: output\\cohort_planograms\\watch_cohort_products_flagship.txt"]}]
2025-07-21 13:54:47,191 - simple_runner - INFO - Job 4de580e6-01f1-4c44-81ce-12cafa10e9d3: 13:54:47 | INFO     | Saved planogram: output\cohort_planograms\watch_cohort_detailed_flagship.png
2025-07-21 13:54:47,191 - socketio.server - INFO - emitting event "job_status" to 4de580e6-01f1-4c44-81ce-12cafa10e9d3 [/]
2025-07-21 13:54:47,191 - engineio.server - INFO - yfdaWXqip3_k2NlrAAAG: Sending packet MESSAGE data 2["job_status",{"job_id":"4de580e6-01f1-4c44-81ce-12cafa10e9d3","status":"running","progress":90,"logs":["13:54:47 | INFO     | Saved planogram: output\\cohort_planograms\\watch_cohort_detailed_flagship.png"],"timestamp":"2025-07-21T13:54:47.191407"}]
2025-07-21 13:54:47,192 - socketio.server - INFO - emitting event "job_status" to 4de580e6-01f1-4c44-81ce-12cafa10e9d3 [/]
2025-07-21 13:54:47,193 - engineio.server - INFO - yfdaWXqip3_k2NlrAAAG: Sending packet MESSAGE data 2["job_status",{"job_id":"4de580e6-01f1-4c44-81ce-12cafa10e9d3","status":"running","progress":95,"logs":["13:54:47 | INFO     | Saved planogram: output\\cohort_planograms\\watch_cohort_detailed_flagship.png"],"timestamp":"2025-07-21T13:54:47.192417"}]
2025-07-21 13:54:47,194 - simple_runner - INFO - Job 4de580e6-01f1-4c44-81ce-12cafa10e9d3: 13:54:47 | INFO     | Successfully generated cohort planogram: output\cohort_planograms\watch_cohort_detailed_flagship.png
2025-07-21 13:54:47,195 - simple_runner - INFO - Job 4de580e6-01f1-4c44-81ce-12cafa10e9d3: Detailed product list generated: output\cohort_planograms\watch_cohort_products_flagship.txt
2025-07-21 13:54:47,195 - simple_runner - INFO - Job 4de580e6-01f1-4c44-81ce-12cafa10e9d3: SUCCESS: Cohort planogram generated: output\cohort_planograms\watch_cohort_detailed_flagship.png
2025-07-21 13:54:47,195 - socketio.server - INFO - emitting event "job_status" to 4de580e6-01f1-4c44-81ce-12cafa10e9d3 [/]
2025-07-21 13:54:47,196 - engineio.server - INFO - yfdaWXqip3_k2NlrAAAG: Sending packet MESSAGE data 2["job_status",{"job_id":"4de580e6-01f1-4c44-81ce-12cafa10e9d3","status":"running","progress":95,"logs":["SUCCESS: Cohort planogram generated: output\\cohort_planograms\\watch_cohort_detailed_flagship.png"],"timestamp":"2025-07-21T13:54:47.195707"}]
2025-07-21 13:54:47,437 - simple_runner - INFO - Found 4 generated files for job 4de580e6-01f1-4c44-81ce-12cafa10e9d3
2025-07-21 13:54:47,438 - socketio.server - INFO - emitting event "job_status" to 4de580e6-01f1-4c44-81ce-12cafa10e9d3 [/]
2025-07-21 13:54:47,438 - engineio.server - INFO - yfdaWXqip3_k2NlrAAAG: Sending packet MESSAGE data 2["job_status",{"job_id":"4de580e6-01f1-4c44-81ce-12cafa10e9d3","status":"completed","progress":100,"logs":["Operation completed successfully"],"timestamp":"2025-07-21T13:54:47.438064"}]
2025-07-21 13:54:47,439 - socketio.server - INFO - emitting event "optimization_complete" to 4de580e6-01f1-4c44-81ce-12cafa10e9d3 [/]
2025-07-21 13:54:47,440 - engineio.server - INFO - yfdaWXqip3_k2NlrAAAG: Sending packet MESSAGE data 2["optimization_complete",{"job_id":"4de580e6-01f1-4c44-81ce-12cafa10e9d3","result":{"success":true,"return_code":0,"files":[{"name":"watch_cohort_detailed_flagship.png","type":"planogram","path":"cohort_planograms\\watch_cohort_detailed_flagship.png","url":"/api/files/cohort_planograms/watch_cohort_detailed_flagship.png","download_url":"/api/files/cohort_planograms/watch_cohort_detailed_flagship.png/download","size":345710,"created":"2025-07-21T13:45:40.030636"},{"name":"watch_cohort_products_flagship.txt","type":"product_list","path":"cohort_planograms\\watch_cohort_products_flagship.txt","url":"/api/files/cohort_planograms/watch_cohort_products_flagship.txt","download_url":"/api/files/cohort_planograms/watch_cohort_products_flagship.txt/download","size":3604,"created":"2025-07-21T13:49:32.761214"},{"name":"watch_cohort_detailed_flagship.png","type":"planogram","path":"cohort_planograms\\watch_cohort_detailed_flagship.png","url":"/api/files/cohort_planograms/watch_cohort_detailed_flagship.png","download_url":"/api/files/cohort_planograms/watch_cohort_detailed_flagship.png/download","size":345710,"created":"2025-07-21T13:45:40.030636"},{"name":"watch_cohort_products_flagship.txt","type":"product_list","path":"cohort_planograms\\watch_cohort_products_flagship.txt","url":"/api/files/cohort_planograms/watch_cohort_products_flagship.txt","download_url":"/api/files/cohort_planograms/watch_cohort_products_flagship.txt/download","size":3604,"created":"2025-07-21T13:49:32.761214"}],"logs_count":14,"metrics":{"products_placed":16,"products_rejected":8,"average_utilization":70.0,"categories_processed":6,"models_processed":4},"products_placed":16,"products_rejected":8,"warnings":[]},"timestamp":"2025-07-21T13:54:47.439350"}]
2025-07-21 13:54:47,504 - engineio.server - INFO - yfdaWXqip3_k2NlrAAAG: Received packet MESSAGE data 2["get_job_status",{"job_id":"4de580e6-01f1-4c44-81ce-12cafa10e9d3"}]
2025-07-21 13:54:47,505 - socketio.server - INFO - received event "get_job_status" from hNOrbY55dKY_Dg0IAAAH [/]
2025-07-21 13:54:47,505 - engineio.server - INFO - yfdaWXqip3_k2NlrAAAG: Received packet MESSAGE data 2["get_job_logs_stream",{"job_id":"4de580e6-01f1-4c44-81ce-12cafa10e9d3","limit":50}]
2025-07-21 13:54:47,506 - socketio.server - INFO - received event "get_job_logs_stream" from hNOrbY55dKY_Dg0IAAAH [/]
2025-07-21 13:54:49,028 - engineio.server - INFO - yfdaWXqip3_k2NlrAAAG: Received packet MESSAGE data 2["leave_job",{"job_id":"4de580e6-01f1-4c44-81ce-12cafa10e9d3"}]
2025-07-21 13:54:49,029 - socketio.server - INFO - received event "leave_job" from hNOrbY55dKY_Dg0IAAAH [/]
2025-07-21 13:54:49,029 - socketio.server - INFO - hNOrbY55dKY_Dg0IAAAH is leaving room 4de580e6-01f1-4c44-81ce-12cafa10e9d3 [/]
2025-07-21 13:54:49,030 - __main__ - INFO - Client hNOrbY55dKY_Dg0IAAAH left job room: 4de580e6-01f1-4c44-81ce-12cafa10e9d3
2025-07-21 13:54:49,066 - __main__ - INFO - Job 4de580e6-01f1-4c44-81ce-12cafa10e9d3: Found 0 planograms and 4 other files
2025-07-21 13:54:49,066 - __main__ - INFO - Job type: cohort, Job parameters: {'lob': 'Watch', 'store_type': 'flagship'}
2025-07-21 13:54:49,066 - __main__ - INFO - Job patterns: ['watch_cohort_detailed_flagship', 'watch_cohort_products_flagship', 'watch_cohort_planogram_flagship', 'watch_cohort_flagship']
2025-07-21 13:54:49,066 - __main__ - INFO - Job start time: 1753086255.322233 (2025-07-21 13:54:15.322233)
2025-07-21 13:54:49,067 - __main__ - INFO - Other files: ['watch_cohort_detailed_flagship.png', 'watch_cohort_products_flagship.txt', 'watch_cohort_detailed_flagship.png', 'watch_cohort_products_flagship.txt']
2025-07-21 13:54:49,068 - __main__ - INFO - All recent files: ['mac_cohort_detailed_flagship.png (mtime: 2025-07-21 13:54:27.115574)', 'mac_cohort_products_flagship.txt (mtime: 2025-07-21 13:54:27.231919)', 'watch_cohort_detailed_flagship.png (mtime: 2025-07-21 13:54:47.126571)', 'watch_cohort_products_flagship.txt (mtime: 2025-07-21 13:54:46.289103)']
2025-07-21 13:55:08,684 - engineio.server - INFO - 2Iz8B-gMe1QjDEVnAAAI: Sending packet OPEN data {'sid': '2Iz8B-gMe1QjDEVnAAAI', 'upgrades': [], 'pingTimeout': 20000, 'pingInterval': 25000, 'maxPayload': 1000000}
2025-07-21 13:55:08,685 - engineio.server - INFO - 2Iz8B-gMe1QjDEVnAAAI: Received request to upgrade to websocket
2025-07-21 13:55:08,686 - engineio.server - INFO - 2Iz8B-gMe1QjDEVnAAAI: Upgrade to websocket successful
2025-07-21 13:55:08,688 - engineio.server - INFO - 2Iz8B-gMe1QjDEVnAAAI: Received packet MESSAGE data 0
2025-07-21 13:55:08,689 - __main__ - INFO - Client connected: rTtgBEXripZVJ4DlAAAJ
2025-07-21 13:55:08,689 - socketio.server - INFO - emitting event "connected" to rTtgBEXripZVJ4DlAAAJ [/]
2025-07-21 13:55:08,690 - engineio.server - INFO - 2Iz8B-gMe1QjDEVnAAAI: Sending packet MESSAGE data 2["connected",{"message":"Connected to Planogram API"}]
2025-07-21 13:55:08,691 - engineio.server - INFO - 2Iz8B-gMe1QjDEVnAAAI: Sending packet MESSAGE data 0{"sid":"rTtgBEXripZVJ4DlAAAJ"}
2025-07-21 13:55:11,570 - __main__ - INFO - Client disconnected: hNOrbY55dKY_Dg0IAAAH
2025-07-21 13:55:33,698 - engineio.server - INFO - 2Iz8B-gMe1QjDEVnAAAI: Sending packet PING data None
2025-07-21 13:55:33,700 - engineio.server - INFO - 2Iz8B-gMe1QjDEVnAAAI: Received packet PONG data 
2025-07-21 13:55:58,701 - engineio.server - INFO - 2Iz8B-gMe1QjDEVnAAAI: Sending packet PING data None
2025-07-21 13:55:58,703 - engineio.server - INFO - 2Iz8B-gMe1QjDEVnAAAI: Received packet PONG data 
2025-07-21 13:56:17,745 - werkzeug - INFO -  * Detected change in 'C:\\Python313\\Lib\\argparse.py', reloading
2025-07-21 13:56:18,357 - werkzeug - INFO -  * Restarting with watchdog (windowsapi)
2025-07-21 13:56:19,354 - engineio.server - INFO - Server initialized for eventlet.
2025-07-21 13:56:19,363 - __main__ - INFO - Starting simplified Planogram Web UI backend
2025-07-21 13:56:19,363 - __main__ - INFO - Project root: C:\Users\Shivansh Pal\Desktop\Planogram_Project
2025-07-21 13:56:19,392 - werkzeug - WARNING -  * Debugger is active!
2025-07-21 13:56:19,400 - werkzeug - INFO -  * Debugger PIN: 567-306-382
2025-07-21 13:56:20,669 - engineio.server - INFO - 7j1JHKvUuOxQFN-RAAAA: Sending packet OPEN data {'sid': '7j1JHKvUuOxQFN-RAAAA', 'upgrades': [], 'pingTimeout': 20000, 'pingInterval': 25000, 'maxPayload': 1000000}
2025-07-21 13:56:20,670 - engineio.server - INFO - 7j1JHKvUuOxQFN-RAAAA: Received request to upgrade to websocket
2025-07-21 13:56:20,671 - engineio.server - INFO - 7j1JHKvUuOxQFN-RAAAA: Upgrade to websocket successful
2025-07-21 13:56:20,674 - engineio.server - INFO - 7j1JHKvUuOxQFN-RAAAA: Received packet MESSAGE data 0
2025-07-21 13:56:20,676 - __main__ - INFO - Client connected: _V3bzuPUn0dJk2YkAAAB
2025-07-21 13:56:20,677 - socketio.server - INFO - emitting event "connected" to _V3bzuPUn0dJk2YkAAAB [/]
2025-07-21 13:56:20,677 - engineio.server - INFO - 7j1JHKvUuOxQFN-RAAAA: Sending packet MESSAGE data 2["connected",{"message":"Connected to Planogram API"}]
2025-07-21 13:56:20,678 - engineio.server - INFO - 7j1JHKvUuOxQFN-RAAAA: Sending packet MESSAGE data 0{"sid":"_V3bzuPUn0dJk2YkAAAB"}
2025-07-21 14:00:25,234 - engineio.server - INFO - Server initialized for eventlet.
2025-07-21 14:01:40,026 - engineio.server - INFO - Server initialized for eventlet.
2025-07-21 14:01:40,032 - __main__ - INFO - Starting simplified Planogram Web UI backend
2025-07-21 14:01:40,033 - __main__ - INFO - Project root: C:\Users\Shivansh Pal\Desktop\Planogram_Project
2025-07-21 14:01:40,045 - werkzeug - INFO -  * Restarting with watchdog (windowsapi)
2025-07-21 14:01:41,384 - engineio.server - INFO - Server initialized for eventlet.
2025-07-21 14:01:41,392 - __main__ - INFO - Starting simplified Planogram Web UI backend
2025-07-21 14:01:41,393 - __main__ - INFO - Project root: C:\Users\Shivansh Pal\Desktop\Planogram_Project
2025-07-21 14:01:41,408 - werkzeug - WARNING -  * Debugger is active!
2025-07-21 14:01:41,411 - werkzeug - INFO -  * Debugger PIN: 567-306-382
2025-07-21 14:01:46,092 - engineio.server - INFO - lJMKY45Wo4vRltKeAAAA: Sending packet OPEN data {'sid': 'lJMKY45Wo4vRltKeAAAA', 'upgrades': [], 'pingTimeout': 20000, 'pingInterval': 25000, 'maxPayload': 1000000}
2025-07-21 14:01:46,093 - engineio.server - INFO - lJMKY45Wo4vRltKeAAAA: Received request to upgrade to websocket
2025-07-21 14:01:46,094 - engineio.server - INFO - lJMKY45Wo4vRltKeAAAA: Upgrade to websocket successful
2025-07-21 14:01:46,100 - engineio.server - INFO - lJMKY45Wo4vRltKeAAAA: Received packet MESSAGE data 0
2025-07-21 14:01:46,101 - __main__ - INFO - Client connected: 5ViPmq5q46iPNXSqAAAB
2025-07-21 14:01:46,101 - socketio.server - INFO - emitting event "connected" to 5ViPmq5q46iPNXSqAAAB [/]
2025-07-21 14:01:46,101 - engineio.server - INFO - lJMKY45Wo4vRltKeAAAA: Sending packet MESSAGE data 2["connected",{"message":"Connected to Planogram API"}]
2025-07-21 14:01:46,102 - engineio.server - INFO - lJMKY45Wo4vRltKeAAAA: Sending packet MESSAGE data 0{"sid":"5ViPmq5q46iPNXSqAAAB"}
2025-07-21 14:01:55,543 - simple_runner - INFO - Created job 43063ad1-1fc5-4141-b80f-c87c38266043 of type cohort
2025-07-21 14:01:55,544 - socketio.server - INFO - emitting event "job_status" to 43063ad1-1fc5-4141-b80f-c87c38266043 [/]
2025-07-21 14:01:55,569 - engineio.server - INFO - lJMKY45Wo4vRltKeAAAA: Received packet MESSAGE data 2["join_job",{"job_id":"43063ad1-1fc5-4141-b80f-c87c38266043"}]
2025-07-21 14:01:55,570 - socketio.server - INFO - received event "join_job" from 5ViPmq5q46iPNXSqAAAB [/]
2025-07-21 14:01:55,570 - socketio.server - INFO - 5ViPmq5q46iPNXSqAAAB is entering room 43063ad1-1fc5-4141-b80f-c87c38266043 [/]
2025-07-21 14:01:55,570 - __main__ - INFO - Client 5ViPmq5q46iPNXSqAAAB joined job room: 43063ad1-1fc5-4141-b80f-c87c38266043
2025-07-21 14:01:55,571 - socketio.server - INFO - emitting event "job_status" to 5ViPmq5q46iPNXSqAAAB [/]
2025-07-21 14:01:55,571 - engineio.server - INFO - lJMKY45Wo4vRltKeAAAA: Sending packet MESSAGE data 2["job_status",{"job_id":"43063ad1-1fc5-4141-b80f-c87c38266043","status":"running","progress":0,"logs":[]}]
2025-07-21 14:01:56,065 - engineio.server - INFO - lJMKY45Wo4vRltKeAAAA: Received packet MESSAGE data 2["get_job_status",{"job_id":"43063ad1-1fc5-4141-b80f-c87c38266043"}]
2025-07-21 14:01:56,066 - socketio.server - INFO - received event "get_job_status" from 5ViPmq5q46iPNXSqAAAB [/]
2025-07-21 14:01:56,066 - engineio.server - INFO - lJMKY45Wo4vRltKeAAAA: Received packet MESSAGE data 2["get_job_logs_stream",{"job_id":"43063ad1-1fc5-4141-b80f-c87c38266043","limit":50}]
2025-07-21 14:01:56,066 - socketio.server - INFO - received event "get_job_logs_stream" from 5ViPmq5q46iPNXSqAAAB [/]
2025-07-21 14:01:56,273 - simple_runner - INFO - Job 43063ad1-1fc5-4141-b80f-c87c38266043: 14:01:56 | INFO     | Starting cohort planogram generation for iPad - flagship
2025-07-21 14:01:56,294 - simple_runner - INFO - Job 43063ad1-1fc5-4141-b80f-c87c38266043: 14:01:56 | INFO     | Loaded 23287 cohort records
2025-07-21 14:01:56,295 - simple_runner - INFO - Job 43063ad1-1fc5-4141-b80f-c87c38266043: 14:01:56 | INFO     | Retrieved 1387 records for LOB: iPad
2025-07-21 14:01:56,295 - simple_runner - INFO - Job 43063ad1-1fc5-4141-b80f-c87c38266043: 14:01:56 | INFO     | Generating iPad cohort planogram for flagship store
2025-07-21 14:01:56,312 - simple_runner - INFO - Job 43063ad1-1fc5-4141-b80f-c87c38266043: 14:01:56 | INFO     | Loaded 23287 cohort records
2025-07-21 14:01:56,313 - simple_runner - INFO - Job 43063ad1-1fc5-4141-b80f-c87c38266043: 14:01:56 | INFO     | Retrieved 1387 records for LOB: iPad
2025-07-21 14:01:56,315 - simple_runner - INFO - Job 43063ad1-1fc5-4141-b80f-c87c38266043: 14:01:56 | INFO     | Top 6 core products for iPad: ['iPad Air', 'iPad Pro', 'iPad Standard', 'iPad Mini']
2025-07-21 14:01:56,317 - simple_runner - INFO - Job 43063ad1-1fc5-4141-b80f-c87c38266043: 14:01:56 | INFO     | Top 8 accessory categories for iPad: ['Screen Protector', 'Hub/Adapter', 'Headphones', 'Apple Pencil', 'Cleaning Kit', 'Cable', 'Tracking', 'Charger/Adapter']
2025-07-21 14:01:56,321 - simple_runner - INFO - Job 43063ad1-1fc5-4141-b80f-c87c38266043: 14:01:56 | INFO     | Created cohort matrix: (8, 4)
2025-07-21 14:01:56,325 - simple_runner - INFO - Job 43063ad1-1fc5-4141-b80f-c87c38266043: 14:01:56 | INFO     | Retrieved top 8 cohort pairs
2025-07-21 14:01:56,326 - simple_runner - INFO - Job 43063ad1-1fc5-4141-b80f-c87c38266043: 14:01:56 | INFO     | Generated summary stats for iPad
2025-07-21 14:01:56,326 - socketio.server - INFO - emitting event "job_status" to 43063ad1-1fc5-4141-b80f-c87c38266043 [/]
2025-07-21 14:01:56,326 - engineio.server - INFO - lJMKY45Wo4vRltKeAAAA: Sending packet MESSAGE data 2["job_status",{"job_id":"43063ad1-1fc5-4141-b80f-c87c38266043","status":"running","progress":95,"logs":["14:01:56 | INFO     | Generated summary stats for iPad"],"timestamp":"2025-07-21T14:01:56.326667"}]
2025-07-21 14:01:56,567 - engineio.server - INFO - lJMKY45Wo4vRltKeAAAA: Received packet MESSAGE data 2["leave_job",{"job_id":"43063ad1-1fc5-4141-b80f-c87c38266043"}]
2025-07-21 14:01:56,567 - socketio.server - INFO - received event "leave_job" from 5ViPmq5q46iPNXSqAAAB [/]
2025-07-21 14:01:56,568 - engineio.server - INFO - lJMKY45Wo4vRltKeAAAA: Received packet MESSAGE data 2["join_job",{"job_id":"43063ad1-1fc5-4141-b80f-c87c38266043"}]
2025-07-21 14:01:56,568 - socketio.server - INFO - received event "join_job" from 5ViPmq5q46iPNXSqAAAB [/]
2025-07-21 14:01:56,569 - socketio.server - INFO - 5ViPmq5q46iPNXSqAAAB is leaving room 43063ad1-1fc5-4141-b80f-c87c38266043 [/]
2025-07-21 14:01:56,570 - __main__ - INFO - Client 5ViPmq5q46iPNXSqAAAB left job room: 43063ad1-1fc5-4141-b80f-c87c38266043
2025-07-21 14:01:56,571 - socketio.server - INFO - 5ViPmq5q46iPNXSqAAAB is entering room 43063ad1-1fc5-4141-b80f-c87c38266043 [/]
2025-07-21 14:01:56,572 - __main__ - INFO - Client 5ViPmq5q46iPNXSqAAAB joined job room: 43063ad1-1fc5-4141-b80f-c87c38266043
2025-07-21 14:01:56,572 - socketio.server - INFO - emitting event "job_status" to 5ViPmq5q46iPNXSqAAAB [/]
2025-07-21 14:01:56,573 - engineio.server - INFO - lJMKY45Wo4vRltKeAAAA: Sending packet MESSAGE data 2["job_status",{"job_id":"43063ad1-1fc5-4141-b80f-c87c38266043","status":"running","progress":0,"logs":["[14:01:56] 14:01:56 | INFO     | Top 6 core products for iPad: ['iPad Air', 'iPad Pro', 'iPad Standard', 'iPad Mini']","[14:01:56] 14:01:56 | INFO     | Top 8 accessory categories for iPad: ['Screen Protector', 'Hub/Adapter', 'Headphones', 'Apple Pencil', 'Cleaning Kit', 'Cable', 'Tracking', 'Charger/Adapter']","[14:01:56] 14:01:56 | INFO     | Created cohort matrix: (8, 4)","[14:01:56] 14:01:56 | INFO     | Retrieved top 8 cohort pairs","[14:01:56] 14:01:56 | INFO     | Generated summary stats for iPad"]}]
2025-07-21 14:01:56,909 - simple_runner - INFO - Job 43063ad1-1fc5-4141-b80f-c87c38266043: 14:01:56 | INFO     | Saved planogram: output\cohort_planograms\ipad_cohort_detailed_flagship.png
2025-07-21 14:01:56,910 - socketio.server - INFO - emitting event "job_status" to 43063ad1-1fc5-4141-b80f-c87c38266043 [/]
2025-07-21 14:01:56,910 - engineio.server - INFO - lJMKY45Wo4vRltKeAAAA: Sending packet MESSAGE data 2["job_status",{"job_id":"43063ad1-1fc5-4141-b80f-c87c38266043","status":"running","progress":90,"logs":["14:01:56 | INFO     | Saved planogram: output\\cohort_planograms\\ipad_cohort_detailed_flagship.png"],"timestamp":"2025-07-21T14:01:56.910401"}]
2025-07-21 14:01:56,911 - socketio.server - INFO - emitting event "job_status" to 43063ad1-1fc5-4141-b80f-c87c38266043 [/]
2025-07-21 14:01:56,911 - engineio.server - INFO - lJMKY45Wo4vRltKeAAAA: Sending packet MESSAGE data 2["job_status",{"job_id":"43063ad1-1fc5-4141-b80f-c87c38266043","status":"running","progress":95,"logs":["14:01:56 | INFO     | Saved planogram: output\\cohort_planograms\\ipad_cohort_detailed_flagship.png"],"timestamp":"2025-07-21T14:01:56.911454"}]
2025-07-21 14:01:56,912 - simple_runner - INFO - Job 43063ad1-1fc5-4141-b80f-c87c38266043: 14:01:56 | INFO     | Generating detailed product list for iPad cohort combinations
2025-07-21 14:01:56,913 - simple_runner - INFO - Job 43063ad1-1fc5-4141-b80f-c87c38266043: 14:01:56 | INFO     | Generated detailed product list: output\cohort_planograms\ipad_cohort_products_flagship.txt
2025-07-21 14:01:56,914 - socketio.server - INFO - emitting event "job_status" to 43063ad1-1fc5-4141-b80f-c87c38266043 [/]
2025-07-21 14:01:56,914 - engineio.server - INFO - lJMKY45Wo4vRltKeAAAA: Sending packet MESSAGE data 2["job_status",{"job_id":"43063ad1-1fc5-4141-b80f-c87c38266043","status":"running","progress":95,"logs":["14:01:56 | INFO     | Generated detailed product list: output\\cohort_planograms\\ipad_cohort_products_flagship.txt"],"timestamp":"2025-07-21T14:01:56.914121"}]
2025-07-21 14:01:56,914 - simple_runner - INFO - Job 43063ad1-1fc5-4141-b80f-c87c38266043: 14:01:56 | INFO     | Successfully generated cohort planogram: output\cohort_planograms\ipad_cohort_detailed_flagship.png
2025-07-21 14:01:56,915 - simple_runner - INFO - Job 43063ad1-1fc5-4141-b80f-c87c38266043: Detailed product list generated: output\cohort_planograms\ipad_cohort_products_flagship.txt
2025-07-21 14:01:56,915 - simple_runner - INFO - Job 43063ad1-1fc5-4141-b80f-c87c38266043: SUCCESS: Cohort planogram generated: output\cohort_planograms\ipad_cohort_detailed_flagship.png
2025-07-21 14:01:56,915 - socketio.server - INFO - emitting event "job_status" to 43063ad1-1fc5-4141-b80f-c87c38266043 [/]
2025-07-21 14:01:56,915 - engineio.server - INFO - lJMKY45Wo4vRltKeAAAA: Sending packet MESSAGE data 2["job_status",{"job_id":"43063ad1-1fc5-4141-b80f-c87c38266043","status":"running","progress":95,"logs":["SUCCESS: Cohort planogram generated: output\\cohort_planograms\\ipad_cohort_detailed_flagship.png"],"timestamp":"2025-07-21T14:01:56.915641"}]
2025-07-21 14:01:57,070 - engineio.server - INFO - lJMKY45Wo4vRltKeAAAA: Received packet MESSAGE data 2["get_job_status",{"job_id":"43063ad1-1fc5-4141-b80f-c87c38266043"}]
2025-07-21 14:01:57,070 - socketio.server - INFO - received event "get_job_status" from 5ViPmq5q46iPNXSqAAAB [/]
2025-07-21 14:01:57,071 - engineio.server - INFO - lJMKY45Wo4vRltKeAAAA: Received packet MESSAGE data 2["get_job_logs_stream",{"job_id":"43063ad1-1fc5-4141-b80f-c87c38266043","limit":50}]
2025-07-21 14:01:57,071 - socketio.server - INFO - received event "get_job_logs_stream" from 5ViPmq5q46iPNXSqAAAB [/]
2025-07-21 14:01:57,109 - simple_runner - INFO - Found 4 generated files for job 43063ad1-1fc5-4141-b80f-c87c38266043
2025-07-21 14:01:57,109 - socketio.server - INFO - emitting event "job_status" to 43063ad1-1fc5-4141-b80f-c87c38266043 [/]
2025-07-21 14:01:57,110 - engineio.server - INFO - lJMKY45Wo4vRltKeAAAA: Sending packet MESSAGE data 2["job_status",{"job_id":"43063ad1-1fc5-4141-b80f-c87c38266043","status":"completed","progress":100,"logs":["Operation completed successfully"],"timestamp":"2025-07-21T14:01:57.109910"}]
2025-07-21 14:01:57,111 - socketio.server - INFO - emitting event "optimization_complete" to 43063ad1-1fc5-4141-b80f-c87c38266043 [/]
2025-07-21 14:01:57,112 - engineio.server - INFO - lJMKY45Wo4vRltKeAAAA: Sending packet MESSAGE data 2["optimization_complete",{"job_id":"43063ad1-1fc5-4141-b80f-c87c38266043","result":{"success":true,"return_code":0,"files":[{"name":"ipad_cohort_detailed_flagship.png","type":"planogram","path":"cohort_planograms\\ipad_cohort_detailed_flagship.png","url":"/api/files/cohort_planograms/ipad_cohort_detailed_flagship.png","download_url":"/api/files/cohort_planograms/ipad_cohort_detailed_flagship.png/download","size":358022,"created":"2025-07-21T13:59:49.140757"},{"name":"ipad_cohort_products_flagship.txt","type":"product_list","path":"cohort_planograms\\ipad_cohort_products_flagship.txt","url":"/api/files/cohort_planograms/ipad_cohort_products_flagship.txt","download_url":"/api/files/cohort_planograms/ipad_cohort_products_flagship.txt/download","size":1369,"created":"2025-07-21T13:59:49.750592"},{"name":"ipad_cohort_detailed_flagship.png","type":"planogram","path":"cohort_planograms\\ipad_cohort_detailed_flagship.png","url":"/api/files/cohort_planograms/ipad_cohort_detailed_flagship.png","download_url":"/api/files/cohort_planograms/ipad_cohort_detailed_flagship.png/download","size":358022,"created":"2025-07-21T13:59:49.140757"},{"name":"ipad_cohort_products_flagship.txt","type":"product_list","path":"cohort_planograms\\ipad_cohort_products_flagship.txt","url":"/api/files/cohort_planograms/ipad_cohort_products_flagship.txt","download_url":"/api/files/cohort_planograms/ipad_cohort_products_flagship.txt/download","size":1369,"created":"2025-07-21T13:59:49.750592"}],"logs_count":17,"metrics":{"products_placed":38,"products_rejected":10,"average_utilization":80.0,"categories_processed":8,"models_processed":6},"products_placed":38,"products_rejected":10,"warnings":[]},"timestamp":"2025-07-21T14:01:57.111817"}]
2025-07-21 14:01:58,587 - engineio.server - INFO - lJMKY45Wo4vRltKeAAAA: Received packet MESSAGE data 2["leave_job",{"job_id":"43063ad1-1fc5-4141-b80f-c87c38266043"}]
2025-07-21 14:01:58,588 - socketio.server - INFO - received event "leave_job" from 5ViPmq5q46iPNXSqAAAB [/]
2025-07-21 14:01:58,588 - socketio.server - INFO - 5ViPmq5q46iPNXSqAAAB is leaving room 43063ad1-1fc5-4141-b80f-c87c38266043 [/]
2025-07-21 14:01:58,589 - __main__ - INFO - Client 5ViPmq5q46iPNXSqAAAB left job room: 43063ad1-1fc5-4141-b80f-c87c38266043
2025-07-21 14:01:58,610 - __main__ - INFO - Job 43063ad1-1fc5-4141-b80f-c87c38266043: Found 0 planograms and 4 other files
2025-07-21 14:01:58,611 - __main__ - INFO - Job type: cohort, Job parameters: {'lob': 'iPad', 'store_type': 'flagship'}
2025-07-21 14:01:58,611 - __main__ - INFO - Job patterns: ['ipad_cohort_detailed_flagship', 'ipad_cohort_products_flagship', 'ipad_cohort_planogram_flagship', 'ipad_cohort_flagship']
2025-07-21 14:01:58,611 - __main__ - INFO - Job start time: 1753086685.544619 (2025-07-21 14:01:25.544619)
2025-07-21 14:01:58,611 - __main__ - INFO - Other files: ['ipad_cohort_detailed_flagship.png', 'ipad_cohort_products_flagship.txt', 'ipad_cohort_detailed_flagship.png', 'ipad_cohort_products_flagship.txt']
2025-07-21 14:01:58,613 - __main__ - INFO - All recent files: ['ipad_cohort_detailed_flagship.png (mtime: 2025-07-21 14:01:56.871612)', 'ipad_cohort_products_flagship.txt (mtime: 2025-07-21 14:01:56.913181)']
2025-07-21 14:02:11,102 - engineio.server - INFO - lJMKY45Wo4vRltKeAAAA: Sending packet PING data None
2025-07-21 14:02:29,205 - simple_runner - INFO - Created job e5f99dd7-d3f1-40de-8e09-8581c18c3571 of type cohort
2025-07-21 14:02:29,205 - socketio.server - INFO - emitting event "job_status" to e5f99dd7-d3f1-40de-8e09-8581c18c3571 [/]
2025-07-21 14:02:29,229 - engineio.server - INFO - lJMKY45Wo4vRltKeAAAA: Received packet MESSAGE data 2["join_job",{"job_id":"e5f99dd7-d3f1-40de-8e09-8581c18c3571"}]
2025-07-21 14:02:29,229 - socketio.server - INFO - received event "join_job" from 5ViPmq5q46iPNXSqAAAB [/]
2025-07-21 14:02:29,230 - socketio.server - INFO - 5ViPmq5q46iPNXSqAAAB is entering room e5f99dd7-d3f1-40de-8e09-8581c18c3571 [/]
2025-07-21 14:02:29,230 - __main__ - INFO - Client 5ViPmq5q46iPNXSqAAAB joined job room: e5f99dd7-d3f1-40de-8e09-8581c18c3571
2025-07-21 14:02:29,230 - socketio.server - INFO - emitting event "job_status" to 5ViPmq5q46iPNXSqAAAB [/]
2025-07-21 14:02:29,231 - engineio.server - INFO - lJMKY45Wo4vRltKeAAAA: Sending packet MESSAGE data 2["job_status",{"job_id":"e5f99dd7-d3f1-40de-8e09-8581c18c3571","status":"running","progress":0,"logs":[]}]
2025-07-21 14:02:29,730 - engineio.server - INFO - lJMKY45Wo4vRltKeAAAA: Received packet MESSAGE data 2["get_job_status",{"job_id":"e5f99dd7-d3f1-40de-8e09-8581c18c3571"}]
2025-07-21 14:02:29,730 - socketio.server - INFO - received event "get_job_status" from 5ViPmq5q46iPNXSqAAAB [/]
2025-07-21 14:02:29,730 - engineio.server - INFO - lJMKY45Wo4vRltKeAAAA: Received packet MESSAGE data 2["get_job_logs_stream",{"job_id":"e5f99dd7-d3f1-40de-8e09-8581c18c3571","limit":50}]
2025-07-21 14:02:29,731 - socketio.server - INFO - received event "get_job_logs_stream" from 5ViPmq5q46iPNXSqAAAB [/]
2025-07-21 14:02:29,872 - simple_runner - INFO - Job e5f99dd7-d3f1-40de-8e09-8581c18c3571: 14:02:29 | INFO     | Starting cohort planogram generation for Watch - flagship
2025-07-21 14:02:29,897 - simple_runner - INFO - Job e5f99dd7-d3f1-40de-8e09-8581c18c3571: 14:02:29 | INFO     | Loaded 23287 cohort records
2025-07-21 14:02:29,899 - simple_runner - INFO - Job e5f99dd7-d3f1-40de-8e09-8581c18c3571: 14:02:29 | INFO     | Retrieved 1419 records for LOB: Watch
2025-07-21 14:02:29,899 - simple_runner - INFO - Job e5f99dd7-d3f1-40de-8e09-8581c18c3571: 14:02:29 | INFO     | Generating Watch cohort planogram for flagship store
2025-07-21 14:02:29,920 - simple_runner - INFO - Job e5f99dd7-d3f1-40de-8e09-8581c18c3571: 14:02:29 | INFO     | Loaded 23287 cohort records
2025-07-21 14:02:29,923 - simple_runner - INFO - Job e5f99dd7-d3f1-40de-8e09-8581c18c3571: 14:02:29 | INFO     | Retrieved 1419 records for LOB: Watch
2025-07-21 14:02:29,930 - simple_runner - INFO - Job e5f99dd7-d3f1-40de-8e09-8581c18c3571: 14:02:29 | INFO     | Top 4 core products for Watch: ['Apple Watch Other', 'Apple Watch SE', 'Apple Watch Series', 'Apple Watch Ultra']
2025-07-21 14:02:29,931 - simple_runner - INFO - Job e5f99dd7-d3f1-40de-8e09-8581c18c3571: 14:02:29 | INFO     | Top 6 accessory categories for Watch: ['Screen Protector', 'Wireless Charger', 'Headphones', 'Cleaning Kit', 'Cable', 'Charger/Adapter']
2025-07-21 14:02:29,949 - simple_runner - INFO - Job e5f99dd7-d3f1-40de-8e09-8581c18c3571: 14:02:29 | INFO     | Generating detailed product list for Watch cohort combinations
2025-07-21 14:02:29,964 - simple_runner - INFO - Job e5f99dd7-d3f1-40de-8e09-8581c18c3571: 14:02:29 | INFO     | Generated detailed product list: output\cohort_planograms\watch_cohort_products_flagship.txt
2025-07-21 14:02:29,965 - socketio.server - INFO - emitting event "job_status" to e5f99dd7-d3f1-40de-8e09-8581c18c3571 [/]
2025-07-21 14:02:29,965 - engineio.server - INFO - lJMKY45Wo4vRltKeAAAA: Sending packet MESSAGE data 2["job_status",{"job_id":"e5f99dd7-d3f1-40de-8e09-8581c18c3571","status":"running","progress":95,"logs":["14:02:29 | INFO     | Generated detailed product list: output\\cohort_planograms\\watch_cohort_products_flagship.txt"],"timestamp":"2025-07-21T14:02:29.965144"}]
2025-07-21 14:02:30,234 - engineio.server - INFO - lJMKY45Wo4vRltKeAAAA: Received packet MESSAGE data 2["leave_job",{"job_id":"e5f99dd7-d3f1-40de-8e09-8581c18c3571"}]
2025-07-21 14:02:30,235 - socketio.server - INFO - received event "leave_job" from 5ViPmq5q46iPNXSqAAAB [/]
2025-07-21 14:02:30,236 - engineio.server - INFO - lJMKY45Wo4vRltKeAAAA: Received packet MESSAGE data 2["join_job",{"job_id":"e5f99dd7-d3f1-40de-8e09-8581c18c3571"}]
2025-07-21 14:02:30,236 - socketio.server - INFO - received event "join_job" from 5ViPmq5q46iPNXSqAAAB [/]
2025-07-21 14:02:30,237 - socketio.server - INFO - 5ViPmq5q46iPNXSqAAAB is leaving room e5f99dd7-d3f1-40de-8e09-8581c18c3571 [/]
2025-07-21 14:02:30,238 - __main__ - INFO - Client 5ViPmq5q46iPNXSqAAAB left job room: e5f99dd7-d3f1-40de-8e09-8581c18c3571
2025-07-21 14:02:30,238 - socketio.server - INFO - 5ViPmq5q46iPNXSqAAAB is entering room e5f99dd7-d3f1-40de-8e09-8581c18c3571 [/]
2025-07-21 14:02:30,238 - __main__ - INFO - Client 5ViPmq5q46iPNXSqAAAB joined job room: e5f99dd7-d3f1-40de-8e09-8581c18c3571
2025-07-21 14:02:30,239 - socketio.server - INFO - emitting event "job_status" to 5ViPmq5q46iPNXSqAAAB [/]
2025-07-21 14:02:30,239 - engineio.server - INFO - lJMKY45Wo4vRltKeAAAA: Sending packet MESSAGE data 2["job_status",{"job_id":"e5f99dd7-d3f1-40de-8e09-8581c18c3571","status":"running","progress":0,"logs":["[14:02:29] 14:02:29 | INFO     | Retrieved 1419 records for LOB: Watch","[14:02:29] 14:02:29 | INFO     | Top 4 core products for Watch: ['Apple Watch Other', 'Apple Watch SE', 'Apple Watch Series', 'Apple Watch Ultra']","[14:02:29] 14:02:29 | INFO     | Top 6 accessory categories for Watch: ['Screen Protector', 'Wireless Charger', 'Headphones', 'Cleaning Kit', 'Cable', 'Charger/Adapter']","[14:02:29] 14:02:29 | INFO     | Generating detailed product list for Watch cohort combinations","[14:02:29] 14:02:29 | INFO     | Generated detailed product list: output\\cohort_planograms\\watch_cohort_products_flagship.txt"]}]
2025-07-21 14:02:30,510 - simple_runner - INFO - Job e5f99dd7-d3f1-40de-8e09-8581c18c3571: 14:02:30 | INFO     | Saved planogram: output\cohort_planograms\watch_cohort_detailed_flagship.png
2025-07-21 14:02:30,510 - socketio.server - INFO - emitting event "job_status" to e5f99dd7-d3f1-40de-8e09-8581c18c3571 [/]
2025-07-21 14:02:30,511 - engineio.server - INFO - lJMKY45Wo4vRltKeAAAA: Sending packet MESSAGE data 2["job_status",{"job_id":"e5f99dd7-d3f1-40de-8e09-8581c18c3571","status":"running","progress":90,"logs":["14:02:30 | INFO     | Saved planogram: output\\cohort_planograms\\watch_cohort_detailed_flagship.png"],"timestamp":"2025-07-21T14:02:30.510792"}]
2025-07-21 14:02:30,511 - socketio.server - INFO - emitting event "job_status" to e5f99dd7-d3f1-40de-8e09-8581c18c3571 [/]
2025-07-21 14:02:30,511 - engineio.server - INFO - lJMKY45Wo4vRltKeAAAA: Sending packet MESSAGE data 2["job_status",{"job_id":"e5f99dd7-d3f1-40de-8e09-8581c18c3571","status":"running","progress":95,"logs":["14:02:30 | INFO     | Saved planogram: output\\cohort_planograms\\watch_cohort_detailed_flagship.png"],"timestamp":"2025-07-21T14:02:30.511342"}]
2025-07-21 14:02:30,511 - simple_runner - INFO - Job e5f99dd7-d3f1-40de-8e09-8581c18c3571: 14:02:30 | INFO     | Successfully generated cohort planogram: output\cohort_planograms\watch_cohort_detailed_flagship.png
2025-07-21 14:02:30,512 - simple_runner - INFO - Job e5f99dd7-d3f1-40de-8e09-8581c18c3571: Detailed product list generated: output\cohort_planograms\watch_cohort_products_flagship.txt
2025-07-21 14:02:30,512 - simple_runner - INFO - Job e5f99dd7-d3f1-40de-8e09-8581c18c3571: SUCCESS: Cohort planogram generated: output\cohort_planograms\watch_cohort_detailed_flagship.png
2025-07-21 14:02:30,512 - socketio.server - INFO - emitting event "job_status" to e5f99dd7-d3f1-40de-8e09-8581c18c3571 [/]
2025-07-21 14:02:30,512 - engineio.server - INFO - lJMKY45Wo4vRltKeAAAA: Sending packet MESSAGE data 2["job_status",{"job_id":"e5f99dd7-d3f1-40de-8e09-8581c18c3571","status":"running","progress":95,"logs":["SUCCESS: Cohort planogram generated: output\\cohort_planograms\\watch_cohort_detailed_flagship.png"],"timestamp":"2025-07-21T14:02:30.512321"}]
2025-07-21 14:02:30,701 - simple_runner - INFO - Found 4 generated files for job e5f99dd7-d3f1-40de-8e09-8581c18c3571
2025-07-21 14:02:30,701 - socketio.server - INFO - emitting event "job_status" to e5f99dd7-d3f1-40de-8e09-8581c18c3571 [/]
2025-07-21 14:02:30,701 - engineio.server - INFO - lJMKY45Wo4vRltKeAAAA: Sending packet MESSAGE data 2["job_status",{"job_id":"e5f99dd7-d3f1-40de-8e09-8581c18c3571","status":"completed","progress":100,"logs":["Operation completed successfully"],"timestamp":"2025-07-21T14:02:30.701588"}]
2025-07-21 14:02:30,702 - socketio.server - INFO - emitting event "optimization_complete" to e5f99dd7-d3f1-40de-8e09-8581c18c3571 [/]
2025-07-21 14:02:30,702 - engineio.server - INFO - lJMKY45Wo4vRltKeAAAA: Sending packet MESSAGE data 2["optimization_complete",{"job_id":"e5f99dd7-d3f1-40de-8e09-8581c18c3571","result":{"success":true,"return_code":0,"files":[{"name":"watch_cohort_detailed_flagship.png","type":"planogram","path":"cohort_planograms\\watch_cohort_detailed_flagship.png","url":"/api/files/cohort_planograms/watch_cohort_detailed_flagship.png","download_url":"/api/files/cohort_planograms/watch_cohort_detailed_flagship.png/download","size":348705,"created":"2025-07-21T13:59:42.073801"},{"name":"watch_cohort_products_flagship.txt","type":"product_list","path":"cohort_planograms\\watch_cohort_products_flagship.txt","url":"/api/files/cohort_planograms/watch_cohort_products_flagship.txt","download_url":"/api/files/cohort_planograms/watch_cohort_products_flagship.txt/download","size":3604,"created":"2025-07-21T13:59:41.786567"},{"name":"watch_cohort_detailed_flagship.png","type":"planogram","path":"cohort_planograms\\watch_cohort_detailed_flagship.png","url":"/api/files/cohort_planograms/watch_cohort_detailed_flagship.png","download_url":"/api/files/cohort_planograms/watch_cohort_detailed_flagship.png/download","size":348705,"created":"2025-07-21T13:59:42.073801"},{"name":"watch_cohort_products_flagship.txt","type":"product_list","path":"cohort_planograms\\watch_cohort_products_flagship.txt","url":"/api/files/cohort_planograms/watch_cohort_products_flagship.txt","download_url":"/api/files/cohort_planograms/watch_cohort_products_flagship.txt/download","size":3604,"created":"2025-07-21T13:59:41.786567"}],"logs_count":14,"metrics":{"products_placed":16,"products_rejected":8,"average_utilization":70.0,"categories_processed":6,"models_processed":4},"products_placed":16,"products_rejected":8,"warnings":[]},"timestamp":"2025-07-21T14:02:30.702116"}]
2025-07-21 14:02:30,747 - engineio.server - INFO - lJMKY45Wo4vRltKeAAAA: Received packet MESSAGE data 2["get_job_status",{"job_id":"e5f99dd7-d3f1-40de-8e09-8581c18c3571"}]
2025-07-21 14:02:30,748 - socketio.server - INFO - received event "get_job_status" from 5ViPmq5q46iPNXSqAAAB [/]
2025-07-21 14:02:30,749 - engineio.server - INFO - lJMKY45Wo4vRltKeAAAA: Received packet MESSAGE data 2["get_job_logs_stream",{"job_id":"e5f99dd7-d3f1-40de-8e09-8581c18c3571","limit":50}]
2025-07-21 14:02:30,749 - socketio.server - INFO - received event "get_job_logs_stream" from 5ViPmq5q46iPNXSqAAAB [/]
2025-07-21 14:02:32,188 - engineio.server - INFO - N1uiaj4b8y1nQyXRAAAC: Sending packet OPEN data {'sid': 'N1uiaj4b8y1nQyXRAAAC', 'upgrades': [], 'pingTimeout': 20000, 'pingInterval': 25000, 'maxPayload': 1000000}
2025-07-21 14:02:32,189 - engineio.server - INFO - N1uiaj4b8y1nQyXRAAAC: Received request to upgrade to websocket
2025-07-21 14:02:32,189 - engineio.server - INFO - N1uiaj4b8y1nQyXRAAAC: Upgrade to websocket successful
2025-07-21 14:02:32,190 - engineio.server - INFO - N1uiaj4b8y1nQyXRAAAC: Received packet MESSAGE data 0
2025-07-21 14:02:32,190 - __main__ - INFO - Client connected: vJRL0FNrnykqf4o1AAAD
2025-07-21 14:02:32,191 - socketio.server - INFO - emitting event "connected" to vJRL0FNrnykqf4o1AAAD [/]
2025-07-21 14:02:32,191 - engineio.server - INFO - N1uiaj4b8y1nQyXRAAAC: Sending packet MESSAGE data 2["connected",{"message":"Connected to Planogram API"}]
2025-07-21 14:02:32,191 - engineio.server - INFO - N1uiaj4b8y1nQyXRAAAC: Sending packet MESSAGE data 0{"sid":"vJRL0FNrnykqf4o1AAAD"}
2025-07-21 14:02:32,252 - engineio.server - INFO - N1uiaj4b8y1nQyXRAAAC: Received packet MESSAGE data 2["leave_job",{"job_id":"e5f99dd7-d3f1-40de-8e09-8581c18c3571"}]
2025-07-21 14:02:32,253 - socketio.server - INFO - received event "leave_job" from vJRL0FNrnykqf4o1AAAD [/]
2025-07-21 14:02:32,253 - socketio.server - INFO - vJRL0FNrnykqf4o1AAAD is leaving room e5f99dd7-d3f1-40de-8e09-8581c18c3571 [/]
2025-07-21 14:02:32,253 - __main__ - INFO - Client vJRL0FNrnykqf4o1AAAD left job room: e5f99dd7-d3f1-40de-8e09-8581c18c3571
2025-07-21 14:02:32,290 - __main__ - INFO - Job e5f99dd7-d3f1-40de-8e09-8581c18c3571: Found 0 planograms and 4 other files
2025-07-21 14:02:32,290 - __main__ - INFO - Job type: cohort, Job parameters: {'lob': 'Watch', 'store_type': 'flagship'}
2025-07-21 14:02:32,290 - __main__ - INFO - Job patterns: ['watch_cohort_detailed_flagship', 'watch_cohort_products_flagship', 'watch_cohort_planogram_flagship', 'watch_cohort_flagship']
2025-07-21 14:02:32,291 - __main__ - INFO - Job start time: 1753086719.205851 (2025-07-21 14:01:59.205851)
2025-07-21 14:02:32,291 - __main__ - INFO - Other files: ['watch_cohort_detailed_flagship.png', 'watch_cohort_products_flagship.txt', 'watch_cohort_detailed_flagship.png', 'watch_cohort_products_flagship.txt']
2025-07-21 14:02:32,292 - __main__ - INFO - All recent files: ['watch_cohort_detailed_flagship.png (mtime: 2025-07-21 14:02:30.463502)', 'watch_cohort_products_flagship.txt (mtime: 2025-07-21 14:02:29.963674)']
2025-07-21 14:04:50,020 - engineio.server - INFO - Server initialized for eventlet.
2025-07-21 14:04:50,027 - __main__ - INFO - Starting simplified Planogram Web UI backend
2025-07-21 14:04:50,027 - __main__ - INFO - Project root: C:\Users\Shivansh Pal\Desktop\Planogram_Project
2025-07-21 14:04:50,039 - werkzeug - INFO -  * Restarting with watchdog (windowsapi)
2025-07-21 14:04:50,759 - engineio.server - INFO - Server initialized for eventlet.
2025-07-21 14:04:50,765 - __main__ - INFO - Starting simplified Planogram Web UI backend
2025-07-21 14:04:50,765 - __main__ - INFO - Project root: C:\Users\Shivansh Pal\Desktop\Planogram_Project
2025-07-21 14:04:50,774 - werkzeug - WARNING -  * Debugger is active!
2025-07-21 14:04:50,776 - werkzeug - INFO -  * Debugger PIN: 567-306-382
2025-07-21 14:04:53,350 - engineio.server - INFO - F0omC5Ast9cEYPWmAAAA: Sending packet OPEN data {'sid': 'F0omC5Ast9cEYPWmAAAA', 'upgrades': [], 'pingTimeout': 20000, 'pingInterval': 25000, 'maxPayload': 1000000}
2025-07-21 14:04:53,351 - engineio.server - INFO - F0omC5Ast9cEYPWmAAAA: Received request to upgrade to websocket
2025-07-21 14:04:53,352 - engineio.server - INFO - F0omC5Ast9cEYPWmAAAA: Upgrade to websocket successful
2025-07-21 14:04:53,383 - engineio.server - INFO - F0omC5Ast9cEYPWmAAAA: Received packet MESSAGE data 0
2025-07-21 14:04:53,384 - __main__ - INFO - Client connected: 2obLua-6FhVMkQ78AAAB
2025-07-21 14:04:53,384 - socketio.server - INFO - emitting event "connected" to 2obLua-6FhVMkQ78AAAB [/]
2025-07-21 14:04:53,384 - engineio.server - INFO - F0omC5Ast9cEYPWmAAAA: Sending packet MESSAGE data 2["connected",{"message":"Connected to Planogram API"}]
2025-07-21 14:04:53,385 - engineio.server - INFO - F0omC5Ast9cEYPWmAAAA: Sending packet MESSAGE data 0{"sid":"2obLua-6FhVMkQ78AAAB"}
2025-07-21 14:05:00,233 - simple_runner - INFO - Created job 0c861c06-7fad-4a49-88e2-58abc05728a8 of type cohort
2025-07-21 14:05:00,234 - socketio.server - INFO - emitting event "job_status" to 0c861c06-7fad-4a49-88e2-58abc05728a8 [/]
2025-07-21 14:05:00,256 - engineio.server - INFO - F0omC5Ast9cEYPWmAAAA: Received packet MESSAGE data 2["join_job",{"job_id":"0c861c06-7fad-4a49-88e2-58abc05728a8"}]
2025-07-21 14:05:00,256 - socketio.server - INFO - received event "join_job" from 2obLua-6FhVMkQ78AAAB [/]
2025-07-21 14:05:00,257 - socketio.server - INFO - 2obLua-6FhVMkQ78AAAB is entering room 0c861c06-7fad-4a49-88e2-58abc05728a8 [/]
2025-07-21 14:05:00,258 - __main__ - INFO - Client 2obLua-6FhVMkQ78AAAB joined job room: 0c861c06-7fad-4a49-88e2-58abc05728a8
2025-07-21 14:05:00,258 - socketio.server - INFO - emitting event "job_status" to 2obLua-6FhVMkQ78AAAB [/]
2025-07-21 14:05:00,258 - engineio.server - INFO - F0omC5Ast9cEYPWmAAAA: Sending packet MESSAGE data 2["job_status",{"job_id":"0c861c06-7fad-4a49-88e2-58abc05728a8","status":"running","progress":0,"logs":[]}]
2025-07-21 14:05:00,751 - engineio.server - INFO - F0omC5Ast9cEYPWmAAAA: Received packet MESSAGE data 2["get_job_status",{"job_id":"0c861c06-7fad-4a49-88e2-58abc05728a8"}]
2025-07-21 14:05:00,752 - socketio.server - INFO - received event "get_job_status" from 2obLua-6FhVMkQ78AAAB [/]
2025-07-21 14:05:00,752 - engineio.server - INFO - F0omC5Ast9cEYPWmAAAA: Received packet MESSAGE data 2["get_job_logs_stream",{"job_id":"0c861c06-7fad-4a49-88e2-58abc05728a8","limit":50}]
2025-07-21 14:05:00,753 - socketio.server - INFO - received event "get_job_logs_stream" from 2obLua-6FhVMkQ78AAAB [/]
2025-07-21 14:05:00,961 - simple_runner - INFO - Job 0c861c06-7fad-4a49-88e2-58abc05728a8: 14:05:00 | INFO     | Starting cohort planogram generation for iPhone - flagship
2025-07-21 14:05:00,984 - simple_runner - INFO - Job 0c861c06-7fad-4a49-88e2-58abc05728a8: 14:05:00 | INFO     | Loaded 23287 cohort records
2025-07-21 14:05:00,986 - simple_runner - INFO - Job 0c861c06-7fad-4a49-88e2-58abc05728a8: 14:05:00 | INFO     | Retrieved 18483 records for LOB: iPhone
2025-07-21 14:05:00,986 - simple_runner - INFO - Job 0c861c06-7fad-4a49-88e2-58abc05728a8: 14:05:00 | INFO     | Generating iPhone cohort planogram for flagship store
2025-07-21 14:05:01,005 - simple_runner - INFO - Job 0c861c06-7fad-4a49-88e2-58abc05728a8: 14:05:01 | INFO     | Loaded 23287 cohort records
2025-07-21 14:05:01,007 - simple_runner - INFO - Job 0c861c06-7fad-4a49-88e2-58abc05728a8: 14:05:01 | INFO     | Retrieved 18483 records for LOB: iPhone
2025-07-21 14:05:01,009 - simple_runner - INFO - Job 0c861c06-7fad-4a49-88e2-58abc05728a8: 14:05:01 | INFO     | Top 6 core products for iPhone: ['iPhone 16', 'iPhone 16 Pro Max', 'iPhone 15', 'iPhone 16 Pro', 'iPhone 16 Plus', 'iPhone 15 Pro Max']
2025-07-21 14:05:01,011 - simple_runner - INFO - Job 0c861c06-7fad-4a49-88e2-58abc05728a8: 14:05:01 | INFO     | Top 8 accessory categories for iPhone: ['Screen Protector', 'Wallet', 'PopSocket', 'Stand', 'Ring Holder', 'Wireless Charger', 'Headphones', 'Cleaning Kit']
2025-07-21 14:05:01,017 - simple_runner - INFO - Job 0c861c06-7fad-4a49-88e2-58abc05728a8: 14:05:01 | INFO     | Created cohort matrix: (8, 6)
2025-07-21 14:05:01,022 - simple_runner - INFO - Job 0c861c06-7fad-4a49-88e2-58abc05728a8: 14:05:01 | INFO     | Retrieved top 8 cohort pairs
2025-07-21 14:05:01,023 - simple_runner - INFO - Job 0c861c06-7fad-4a49-88e2-58abc05728a8: 14:05:01 | INFO     | Generated summary stats for iPhone
2025-07-21 14:05:01,023 - socketio.server - INFO - emitting event "job_status" to 0c861c06-7fad-4a49-88e2-58abc05728a8 [/]
2025-07-21 14:05:01,024 - engineio.server - INFO - F0omC5Ast9cEYPWmAAAA: Sending packet MESSAGE data 2["job_status",{"job_id":"0c861c06-7fad-4a49-88e2-58abc05728a8","status":"running","progress":95,"logs":["14:05:01 | INFO     | Generated summary stats for iPhone"],"timestamp":"2025-07-21T14:05:01.023861"}]
2025-07-21 14:05:01,252 - engineio.server - INFO - F0omC5Ast9cEYPWmAAAA: Received packet MESSAGE data 2["leave_job",{"job_id":"0c861c06-7fad-4a49-88e2-58abc05728a8"}]
2025-07-21 14:05:01,252 - socketio.server - INFO - received event "leave_job" from 2obLua-6FhVMkQ78AAAB [/]
2025-07-21 14:05:01,253 - engineio.server - INFO - F0omC5Ast9cEYPWmAAAA: Received packet MESSAGE data 2["join_job",{"job_id":"0c861c06-7fad-4a49-88e2-58abc05728a8"}]
2025-07-21 14:05:01,253 - socketio.server - INFO - received event "join_job" from 2obLua-6FhVMkQ78AAAB [/]
2025-07-21 14:05:01,254 - socketio.server - INFO - 2obLua-6FhVMkQ78AAAB is leaving room 0c861c06-7fad-4a49-88e2-58abc05728a8 [/]
2025-07-21 14:05:01,254 - __main__ - INFO - Client 2obLua-6FhVMkQ78AAAB left job room: 0c861c06-7fad-4a49-88e2-58abc05728a8
2025-07-21 14:05:01,255 - socketio.server - INFO - 2obLua-6FhVMkQ78AAAB is entering room 0c861c06-7fad-4a49-88e2-58abc05728a8 [/]
2025-07-21 14:05:01,255 - __main__ - INFO - Client 2obLua-6FhVMkQ78AAAB joined job room: 0c861c06-7fad-4a49-88e2-58abc05728a8
2025-07-21 14:05:01,255 - socketio.server - INFO - emitting event "job_status" to 2obLua-6FhVMkQ78AAAB [/]
2025-07-21 14:05:01,256 - engineio.server - INFO - F0omC5Ast9cEYPWmAAAA: Sending packet MESSAGE data 2["job_status",{"job_id":"0c861c06-7fad-4a49-88e2-58abc05728a8","status":"running","progress":0,"logs":["[14:05:01] 14:05:01 | INFO     | Top 6 core products for iPhone: ['iPhone 16', 'iPhone 16 Pro Max', 'iPhone 15', 'iPhone 16 Pro', 'iPhone 16 Plus', 'iPhone 15 Pro Max']","[14:05:01] 14:05:01 | INFO     | Top 8 accessory categories for iPhone: ['Screen Protector', 'Wallet', 'PopSocket', 'Stand', 'Ring Holder', 'Wireless Charger', 'Headphones', 'Cleaning Kit']","[14:05:01] 14:05:01 | INFO     | Created cohort matrix: (8, 6)","[14:05:01] 14:05:01 | INFO     | Retrieved top 8 cohort pairs","[14:05:01] 14:05:01 | INFO     | Generated summary stats for iPhone"]}]
2025-07-21 14:05:01,759 - engineio.server - INFO - F0omC5Ast9cEYPWmAAAA: Received packet MESSAGE data 2["get_job_status",{"job_id":"0c861c06-7fad-4a49-88e2-58abc05728a8"}]
2025-07-21 14:05:01,759 - socketio.server - INFO - received event "get_job_status" from 2obLua-6FhVMkQ78AAAB [/]
2025-07-21 14:05:01,760 - engineio.server - INFO - F0omC5Ast9cEYPWmAAAA: Received packet MESSAGE data 2["get_job_logs_stream",{"job_id":"0c861c06-7fad-4a49-88e2-58abc05728a8","limit":50}]
2025-07-21 14:05:01,760 - socketio.server - INFO - received event "get_job_logs_stream" from 2obLua-6FhVMkQ78AAAB [/]
2025-07-21 14:05:01,989 - simple_runner - INFO - Job 0c861c06-7fad-4a49-88e2-58abc05728a8: 14:05:01 | INFO     | Saved planogram: output\cohort_planograms\iphone_cohort_detailed_flagship.png
2025-07-21 14:05:01,990 - socketio.server - INFO - emitting event "job_status" to 0c861c06-7fad-4a49-88e2-58abc05728a8 [/]
2025-07-21 14:05:01,991 - engineio.server - INFO - F0omC5Ast9cEYPWmAAAA: Sending packet MESSAGE data 2["job_status",{"job_id":"0c861c06-7fad-4a49-88e2-58abc05728a8","status":"running","progress":90,"logs":["14:05:01 | INFO     | Saved planogram: output\\cohort_planograms\\iphone_cohort_detailed_flagship.png"],"timestamp":"2025-07-21T14:05:01.990057"}]
2025-07-21 14:05:01,991 - socketio.server - INFO - emitting event "job_status" to 0c861c06-7fad-4a49-88e2-58abc05728a8 [/]
2025-07-21 14:05:01,991 - engineio.server - INFO - F0omC5Ast9cEYPWmAAAA: Sending packet MESSAGE data 2["job_status",{"job_id":"0c861c06-7fad-4a49-88e2-58abc05728a8","status":"running","progress":95,"logs":["14:05:01 | INFO     | Saved planogram: output\\cohort_planograms\\iphone_cohort_detailed_flagship.png"],"timestamp":"2025-07-21T14:05:01.991612"}]
2025-07-21 14:05:01,992 - simple_runner - INFO - Job 0c861c06-7fad-4a49-88e2-58abc05728a8: 14:05:01 | INFO     | Generating detailed product list for iPhone cohort combinations
2025-07-21 14:05:02,026 - simple_runner - INFO - Job 0c861c06-7fad-4a49-88e2-58abc05728a8: 14:05:02 | INFO     | Generated detailed product list: output\cohort_planograms\iphone_cohort_products_flagship.txt
2025-07-21 14:05:02,026 - socketio.server - INFO - emitting event "job_status" to 0c861c06-7fad-4a49-88e2-58abc05728a8 [/]
2025-07-21 14:05:02,027 - engineio.server - INFO - F0omC5Ast9cEYPWmAAAA: Sending packet MESSAGE data 2["job_status",{"job_id":"0c861c06-7fad-4a49-88e2-58abc05728a8","status":"running","progress":95,"logs":["14:05:02 | INFO     | Generated detailed product list: output\\cohort_planograms\\iphone_cohort_products_flagship.txt"],"timestamp":"2025-07-21T14:05:02.026513"}]
2025-07-21 14:05:02,027 - simple_runner - INFO - Job 0c861c06-7fad-4a49-88e2-58abc05728a8: 14:05:02 | INFO     | Successfully generated cohort planogram: output\cohort_planograms\iphone_cohort_detailed_flagship.png
2025-07-21 14:05:02,027 - simple_runner - INFO - Job 0c861c06-7fad-4a49-88e2-58abc05728a8: Detailed product list generated: output\cohort_planograms\iphone_cohort_products_flagship.txt
2025-07-21 14:05:02,028 - simple_runner - INFO - Job 0c861c06-7fad-4a49-88e2-58abc05728a8: SUCCESS: Cohort planogram generated: output\cohort_planograms\iphone_cohort_detailed_flagship.png
2025-07-21 14:05:02,028 - socketio.server - INFO - emitting event "job_status" to 0c861c06-7fad-4a49-88e2-58abc05728a8 [/]
2025-07-21 14:05:02,028 - engineio.server - INFO - F0omC5Ast9cEYPWmAAAA: Sending packet MESSAGE data 2["job_status",{"job_id":"0c861c06-7fad-4a49-88e2-58abc05728a8","status":"running","progress":95,"logs":["SUCCESS: Cohort planogram generated: output\\cohort_planograms\\iphone_cohort_detailed_flagship.png"],"timestamp":"2025-07-21T14:05:02.028292"}]
2025-07-21 14:05:02,243 - simple_runner - INFO - Found 4 generated files for job 0c861c06-7fad-4a49-88e2-58abc05728a8
2025-07-21 14:05:02,244 - socketio.server - INFO - emitting event "job_status" to 0c861c06-7fad-4a49-88e2-58abc05728a8 [/]
2025-07-21 14:05:02,245 - engineio.server - INFO - F0omC5Ast9cEYPWmAAAA: Sending packet MESSAGE data 2["job_status",{"job_id":"0c861c06-7fad-4a49-88e2-58abc05728a8","status":"completed","progress":100,"logs":["Operation completed successfully"],"timestamp":"2025-07-21T14:05:02.244609"}]
2025-07-21 14:05:02,246 - socketio.server - INFO - emitting event "optimization_complete" to 0c861c06-7fad-4a49-88e2-58abc05728a8 [/]
2025-07-21 14:05:02,247 - engineio.server - INFO - F0omC5Ast9cEYPWmAAAA: Sending packet MESSAGE data 2["optimization_complete",{"job_id":"0c861c06-7fad-4a49-88e2-58abc05728a8","result":{"success":true,"return_code":0,"files":[{"name":"iphone_cohort_detailed_flagship.png","type":"planogram","path":"cohort_planograms\\iphone_cohort_detailed_flagship.png","url":"/api/files/cohort_planograms/iphone_cohort_detailed_flagship.png","download_url":"/api/files/cohort_planograms/iphone_cohort_detailed_flagship.png/download","size":881837,"created":"2025-07-21T14:05:01.425104"},{"name":"iphone_cohort_products_flagship.txt","type":"product_list","path":"cohort_planograms\\iphone_cohort_products_flagship.txt","url":"/api/files/cohort_planograms/iphone_cohort_products_flagship.txt","download_url":"/api/files/cohort_planograms/iphone_cohort_products_flagship.txt/download","size":23268,"created":"2025-07-21T14:05:01.980353"},{"name":"iphone_cohort_detailed_flagship.png","type":"planogram","path":"cohort_planograms\\iphone_cohort_detailed_flagship.png","url":"/api/files/cohort_planograms/iphone_cohort_detailed_flagship.png","download_url":"/api/files/cohort_planograms/iphone_cohort_detailed_flagship.png/download","size":881837,"created":"2025-07-21T14:05:01.425104"},{"name":"iphone_cohort_products_flagship.txt","type":"product_list","path":"cohort_planograms\\iphone_cohort_products_flagship.txt","url":"/api/files/cohort_planograms/iphone_cohort_products_flagship.txt","download_url":"/api/files/cohort_planograms/iphone_cohort_products_flagship.txt/download","size":23268,"created":"2025-07-21T14:05:01.980353"}],"logs_count":17,"metrics":{"products_placed":40,"products_rejected":8,"average_utilization":85.0,"categories_processed":8,"models_processed":6},"products_placed":40,"products_rejected":8,"warnings":[]},"timestamp":"2025-07-21T14:05:02.246298"}]
2025-07-21 14:05:03,270 - engineio.server - INFO - F0omC5Ast9cEYPWmAAAA: Received packet MESSAGE data 2["leave_job",{"job_id":"0c861c06-7fad-4a49-88e2-58abc05728a8"}]
2025-07-21 14:05:03,270 - socketio.server - INFO - received event "leave_job" from 2obLua-6FhVMkQ78AAAB [/]
2025-07-21 14:05:03,271 - socketio.server - INFO - 2obLua-6FhVMkQ78AAAB is leaving room 0c861c06-7fad-4a49-88e2-58abc05728a8 [/]
2025-07-21 14:05:03,271 - __main__ - INFO - Client 2obLua-6FhVMkQ78AAAB left job room: 0c861c06-7fad-4a49-88e2-58abc05728a8
2025-07-21 14:05:03,290 - __main__ - INFO - Job 0c861c06-7fad-4a49-88e2-58abc05728a8: Found 0 planograms and 4 other files
2025-07-21 14:05:03,291 - __main__ - INFO - Job type: cohort, Job parameters: {'lob': 'iPhone', 'store_type': 'flagship'}
2025-07-21 14:05:03,291 - __main__ - INFO - Job patterns: ['iphone_cohort_detailed_flagship', 'iphone_cohort_products_flagship', 'iphone_cohort_planogram_flagship', 'iphone_cohort_flagship']
2025-07-21 14:05:03,291 - __main__ - INFO - Job start time: 1753086870.234223 (2025-07-21 14:04:30.234223)
2025-07-21 14:05:03,292 - __main__ - INFO - Other files: ['iphone_cohort_detailed_flagship.png', 'iphone_cohort_products_flagship.txt', 'iphone_cohort_detailed_flagship.png', 'iphone_cohort_products_flagship.txt']
2025-07-21 14:05:03,295 - __main__ - INFO - All recent files: ['iphone_cohort_detailed_flagship.png (mtime: 2025-07-21 14:05:01.896040)', 'iphone_cohort_products_flagship.txt (mtime: 2025-07-21 14:05:02.023660)']
2025-07-21 14:05:18,357 - engineio.server - INFO - F0omC5Ast9cEYPWmAAAA: Sending packet PING data None
2025-07-21 14:05:39,866 - engineio.server - INFO - -x1heA8SjeUkVUfwAAAC: Sending packet OPEN data {'sid': '-x1heA8SjeUkVUfwAAAC', 'upgrades': [], 'pingTimeout': 20000, 'pingInterval': 25000, 'maxPayload': 1000000}
2025-07-21 14:05:39,868 - engineio.server - INFO - -x1heA8SjeUkVUfwAAAC: Received request to upgrade to websocket
2025-07-21 14:05:39,869 - engineio.server - INFO - -x1heA8SjeUkVUfwAAAC: Upgrade to websocket successful
2025-07-21 14:05:39,871 - engineio.server - INFO - -x1heA8SjeUkVUfwAAAC: Received packet MESSAGE data 0
2025-07-21 14:05:39,872 - __main__ - INFO - Client connected: 5FwFoulmMpqJ0QrcAAAD
2025-07-21 14:05:39,872 - socketio.server - INFO - emitting event "connected" to 5FwFoulmMpqJ0QrcAAAD [/]
2025-07-21 14:05:39,873 - engineio.server - INFO - -x1heA8SjeUkVUfwAAAC: Sending packet MESSAGE data 2["connected",{"message":"Connected to Planogram API"}]
2025-07-21 14:05:39,873 - engineio.server - INFO - -x1heA8SjeUkVUfwAAAC: Sending packet MESSAGE data 0{"sid":"5FwFoulmMpqJ0QrcAAAD"}
2025-07-21 14:05:45,262 - __main__ - INFO - Client disconnected: 2obLua-6FhVMkQ78AAAB
2025-07-21 14:06:04,873 - engineio.server - INFO - -x1heA8SjeUkVUfwAAAC: Sending packet PING data None
2025-07-21 14:06:04,875 - engineio.server - INFO - -x1heA8SjeUkVUfwAAAC: Received packet PONG data 
2025-07-21 14:06:29,890 - engineio.server - INFO - -x1heA8SjeUkVUfwAAAC: Sending packet PING data None
2025-07-21 14:06:29,892 - engineio.server - INFO - -x1heA8SjeUkVUfwAAAC: Received packet PONG data 
2025-07-21 14:06:54,905 - engineio.server - INFO - -x1heA8SjeUkVUfwAAAC: Sending packet PING data None
2025-07-21 14:06:54,907 - engineio.server - INFO - -x1heA8SjeUkVUfwAAAC: Received packet PONG data 
2025-07-21 14:07:19,921 - engineio.server - INFO - -x1heA8SjeUkVUfwAAAC: Sending packet PING data None
2025-07-21 14:07:19,923 - engineio.server - INFO - -x1heA8SjeUkVUfwAAAC: Received packet PONG data 
2025-07-21 14:07:44,934 - engineio.server - INFO - -x1heA8SjeUkVUfwAAAC: Sending packet PING data None
2025-07-21 14:07:44,936 - engineio.server - INFO - -x1heA8SjeUkVUfwAAAC: Received packet PONG data 
2025-07-21 14:08:09,948 - engineio.server - INFO - -x1heA8SjeUkVUfwAAAC: Sending packet PING data None
2025-07-21 14:08:09,949 - engineio.server - INFO - -x1heA8SjeUkVUfwAAAC: Received packet PONG data 
2025-07-21 14:08:34,957 - engineio.server - INFO - -x1heA8SjeUkVUfwAAAC: Sending packet PING data None
2025-07-21 14:08:34,961 - engineio.server - INFO - -x1heA8SjeUkVUfwAAAC: Received packet PONG data 
2025-07-21 14:08:59,969 - engineio.server - INFO - -x1heA8SjeUkVUfwAAAC: Sending packet PING data None
2025-07-21 14:08:59,971 - engineio.server - INFO - -x1heA8SjeUkVUfwAAAC: Received packet PONG data 
2025-07-21 14:09:24,981 - engineio.server - INFO - -x1heA8SjeUkVUfwAAAC: Sending packet PING data None
2025-07-21 14:09:24,984 - engineio.server - INFO - -x1heA8SjeUkVUfwAAAC: Received packet PONG data 
2025-07-21 14:58:13,095 - engineio.server - INFO - Server initialized for eventlet.
2025-07-21 14:58:13,122 - __main__ - INFO - Starting simplified Planogram Web UI backend
2025-07-21 14:58:13,123 - __main__ - INFO - Project root: C:\Users\Shivansh Pal\Desktop\Planogram_Project
2025-07-21 14:58:13,172 - werkzeug - INFO -  * Restarting with watchdog (windowsapi)
2025-07-21 14:58:16,754 - engineio.server - INFO - Server initialized for eventlet.
2025-07-21 14:58:16,784 - __main__ - INFO - Starting simplified Planogram Web UI backend
2025-07-21 14:58:16,786 - __main__ - INFO - Project root: C:\Users\Shivansh Pal\Desktop\Planogram_Project
2025-07-21 14:58:16,825 - werkzeug - WARNING -  * Debugger is active!
2025-07-21 14:58:16,831 - werkzeug - INFO -  * Debugger PIN: 567-306-382
2025-07-21 14:58:22,840 - engineio.server - INFO - Ee4H4wMtHCdvq0dxAAAA: Sending packet OPEN data {'sid': 'Ee4H4wMtHCdvq0dxAAAA', 'upgrades': [], 'pingTimeout': 20000, 'pingInterval': 25000, 'maxPayload': 1000000}
2025-07-21 14:58:22,840 - engineio.server - INFO - Ee4H4wMtHCdvq0dxAAAA: Received request to upgrade to websocket
2025-07-21 14:58:22,841 - engineio.server - INFO - Ee4H4wMtHCdvq0dxAAAA: Upgrade to websocket successful
2025-07-21 14:58:22,842 - engineio.server - INFO - Ee4H4wMtHCdvq0dxAAAA: Received packet MESSAGE data 0
2025-07-21 14:58:22,843 - __main__ - INFO - Client connected: eB8YbwyWqx7OhmMAAAAB
2025-07-21 14:58:22,843 - socketio.server - INFO - emitting event "connected" to eB8YbwyWqx7OhmMAAAAB [/]
2025-07-21 14:58:22,843 - engineio.server - INFO - Ee4H4wMtHCdvq0dxAAAA: Sending packet MESSAGE data 2["connected",{"message":"Connected to Planogram API"}]
2025-07-21 14:58:22,844 - engineio.server - INFO - Ee4H4wMtHCdvq0dxAAAA: Sending packet MESSAGE data 0{"sid":"eB8YbwyWqx7OhmMAAAAB"}
2025-07-21 14:58:27,597 - simple_runner - INFO - Created job 48750edd-84b0-460b-99b3-6e9405484d57 of type cohort
2025-07-21 14:58:27,598 - socketio.server - INFO - emitting event "job_status" to 48750edd-84b0-460b-99b3-6e9405484d57 [/]
2025-07-21 14:58:27,620 - engineio.server - INFO - Ee4H4wMtHCdvq0dxAAAA: Received packet MESSAGE data 2["join_job",{"job_id":"48750edd-84b0-460b-99b3-6e9405484d57"}]
2025-07-21 14:58:27,620 - socketio.server - INFO - received event "join_job" from eB8YbwyWqx7OhmMAAAAB [/]
2025-07-21 14:58:27,621 - socketio.server - INFO - eB8YbwyWqx7OhmMAAAAB is entering room 48750edd-84b0-460b-99b3-6e9405484d57 [/]
2025-07-21 14:58:27,621 - __main__ - INFO - Client eB8YbwyWqx7OhmMAAAAB joined job room: 48750edd-84b0-460b-99b3-6e9405484d57
2025-07-21 14:58:27,622 - socketio.server - INFO - emitting event "job_status" to eB8YbwyWqx7OhmMAAAAB [/]
2025-07-21 14:58:27,622 - engineio.server - INFO - Ee4H4wMtHCdvq0dxAAAA: Sending packet MESSAGE data 2["job_status",{"job_id":"48750edd-84b0-460b-99b3-6e9405484d57","status":"running","progress":0,"logs":[]}]
2025-07-21 14:58:28,118 - engineio.server - INFO - Ee4H4wMtHCdvq0dxAAAA: Received packet MESSAGE data 2["get_job_status",{"job_id":"48750edd-84b0-460b-99b3-6e9405484d57"}]
2025-07-21 14:58:28,119 - socketio.server - INFO - received event "get_job_status" from eB8YbwyWqx7OhmMAAAAB [/]
2025-07-21 14:58:28,120 - engineio.server - INFO - Ee4H4wMtHCdvq0dxAAAA: Received packet MESSAGE data 2["get_job_logs_stream",{"job_id":"48750edd-84b0-460b-99b3-6e9405484d57","limit":50}]
2025-07-21 14:58:28,120 - socketio.server - INFO - received event "get_job_logs_stream" from eB8YbwyWqx7OhmMAAAAB [/]
2025-07-21 14:58:28,352 - simple_runner - INFO - Job 48750edd-84b0-460b-99b3-6e9405484d57: 14:58:28 | INFO     | Starting cohort planogram generation for iPhone - flagship
2025-07-21 14:58:28,378 - simple_runner - INFO - Job 48750edd-84b0-460b-99b3-6e9405484d57: 14:58:28 | INFO     | Loaded 23287 cohort records
2025-07-21 14:58:28,381 - simple_runner - INFO - Job 48750edd-84b0-460b-99b3-6e9405484d57: 14:58:28 | INFO     | Retrieved 18483 records for LOB: iPhone
2025-07-21 14:58:28,382 - simple_runner - INFO - Job 48750edd-84b0-460b-99b3-6e9405484d57: 14:58:28 | INFO     | Generating iPhone cohort planogram for flagship store
2025-07-21 14:58:28,404 - simple_runner - INFO - Job 48750edd-84b0-460b-99b3-6e9405484d57: 14:58:28 | INFO     | Loaded 23287 cohort records
2025-07-21 14:58:28,407 - simple_runner - INFO - Job 48750edd-84b0-460b-99b3-6e9405484d57: 14:58:28 | INFO     | Retrieved 18483 records for LOB: iPhone
2025-07-21 14:58:28,409 - simple_runner - INFO - Job 48750edd-84b0-460b-99b3-6e9405484d57: 14:58:28 | INFO     | Top 6 core products for iPhone: ['iPhone 16', 'iPhone 16 Pro Max', 'iPhone 15', 'iPhone 16 Pro', 'iPhone 16 Plus', 'iPhone 15 Pro Max']
2025-07-21 14:58:28,411 - simple_runner - INFO - Job 48750edd-84b0-460b-99b3-6e9405484d57: 14:58:28 | INFO     | Top 8 accessory categories for iPhone: ['Screen Protector', 'Wallet', 'PopSocket', 'Stand', 'Ring Holder', 'Wireless Charger', 'Headphones', 'Cleaning Kit']
2025-07-21 14:58:28,417 - simple_runner - INFO - Job 48750edd-84b0-460b-99b3-6e9405484d57: 14:58:28 | INFO     | Created cohort matrix: (8, 6)
2025-07-21 14:58:28,424 - simple_runner - INFO - Job 48750edd-84b0-460b-99b3-6e9405484d57: 14:58:28 | INFO     | Retrieved top 8 cohort pairs
2025-07-21 14:58:28,426 - simple_runner - INFO - Job 48750edd-84b0-460b-99b3-6e9405484d57: 14:58:28 | INFO     | Generated summary stats for iPhone
2025-07-21 14:58:28,426 - socketio.server - INFO - emitting event "job_status" to 48750edd-84b0-460b-99b3-6e9405484d57 [/]
2025-07-21 14:58:28,427 - engineio.server - INFO - Ee4H4wMtHCdvq0dxAAAA: Sending packet MESSAGE data 2["job_status",{"job_id":"48750edd-84b0-460b-99b3-6e9405484d57","status":"running","progress":95,"logs":["14:58:28 | INFO     | Generated summary stats for iPhone"],"timestamp":"2025-07-21T14:58:28.426646"}]
2025-07-21 14:58:28,626 - engineio.server - INFO - Ee4H4wMtHCdvq0dxAAAA: Received packet MESSAGE data 2["leave_job",{"job_id":"48750edd-84b0-460b-99b3-6e9405484d57"}]
2025-07-21 14:58:28,627 - socketio.server - INFO - received event "leave_job" from eB8YbwyWqx7OhmMAAAAB [/]
2025-07-21 14:58:28,627 - engineio.server - INFO - Ee4H4wMtHCdvq0dxAAAA: Received packet MESSAGE data 2["join_job",{"job_id":"48750edd-84b0-460b-99b3-6e9405484d57"}]
2025-07-21 14:58:28,628 - socketio.server - INFO - received event "join_job" from eB8YbwyWqx7OhmMAAAAB [/]
2025-07-21 14:58:28,630 - socketio.server - INFO - eB8YbwyWqx7OhmMAAAAB is leaving room 48750edd-84b0-460b-99b3-6e9405484d57 [/]
2025-07-21 14:58:28,630 - __main__ - INFO - Client eB8YbwyWqx7OhmMAAAAB left job room: 48750edd-84b0-460b-99b3-6e9405484d57
2025-07-21 14:58:28,631 - socketio.server - INFO - eB8YbwyWqx7OhmMAAAAB is entering room 48750edd-84b0-460b-99b3-6e9405484d57 [/]
2025-07-21 14:58:28,632 - __main__ - INFO - Client eB8YbwyWqx7OhmMAAAAB joined job room: 48750edd-84b0-460b-99b3-6e9405484d57
2025-07-21 14:58:28,633 - socketio.server - INFO - emitting event "job_status" to eB8YbwyWqx7OhmMAAAAB [/]
2025-07-21 14:58:28,634 - engineio.server - INFO - Ee4H4wMtHCdvq0dxAAAA: Sending packet MESSAGE data 2["job_status",{"job_id":"48750edd-84b0-460b-99b3-6e9405484d57","status":"running","progress":0,"logs":["[14:58:28] 14:58:28 | INFO     | Top 6 core products for iPhone: ['iPhone 16', 'iPhone 16 Pro Max', 'iPhone 15', 'iPhone 16 Pro', 'iPhone 16 Plus', 'iPhone 15 Pro Max']","[14:58:28] 14:58:28 | INFO     | Top 8 accessory categories for iPhone: ['Screen Protector', 'Wallet', 'PopSocket', 'Stand', 'Ring Holder', 'Wireless Charger', 'Headphones', 'Cleaning Kit']","[14:58:28] 14:58:28 | INFO     | Created cohort matrix: (8, 6)","[14:58:28] 14:58:28 | INFO     | Retrieved top 8 cohort pairs","[14:58:28] 14:58:28 | INFO     | Generated summary stats for iPhone"]}]
2025-07-21 14:58:29,142 - engineio.server - INFO - Ee4H4wMtHCdvq0dxAAAA: Received packet MESSAGE data 2["get_job_status",{"job_id":"48750edd-84b0-460b-99b3-6e9405484d57"}]
2025-07-21 14:58:29,143 - socketio.server - INFO - received event "get_job_status" from eB8YbwyWqx7OhmMAAAAB [/]
2025-07-21 14:58:29,143 - engineio.server - INFO - Ee4H4wMtHCdvq0dxAAAA: Received packet MESSAGE data 2["get_job_logs_stream",{"job_id":"48750edd-84b0-460b-99b3-6e9405484d57","limit":50}]
2025-07-21 14:58:29,143 - socketio.server - INFO - received event "get_job_logs_stream" from eB8YbwyWqx7OhmMAAAAB [/]
2025-07-21 14:58:29,727 - simple_runner - INFO - Job 48750edd-84b0-460b-99b3-6e9405484d57: 14:58:29 | INFO     | Saved planogram: output\cohort_planograms\iphone_cohort_detailed_flagship.png
2025-07-21 14:58:29,728 - socketio.server - INFO - emitting event "job_status" to 48750edd-84b0-460b-99b3-6e9405484d57 [/]
2025-07-21 14:58:29,729 - engineio.server - INFO - Ee4H4wMtHCdvq0dxAAAA: Sending packet MESSAGE data 2["job_status",{"job_id":"48750edd-84b0-460b-99b3-6e9405484d57","status":"running","progress":90,"logs":["14:58:29 | INFO     | Saved planogram: output\\cohort_planograms\\iphone_cohort_detailed_flagship.png"],"timestamp":"2025-07-21T14:58:29.728686"}]
2025-07-21 14:58:29,730 - socketio.server - INFO - emitting event "job_status" to 48750edd-84b0-460b-99b3-6e9405484d57 [/]
2025-07-21 14:58:29,730 - engineio.server - INFO - Ee4H4wMtHCdvq0dxAAAA: Sending packet MESSAGE data 2["job_status",{"job_id":"48750edd-84b0-460b-99b3-6e9405484d57","status":"running","progress":95,"logs":["14:58:29 | INFO     | Saved planogram: output\\cohort_planograms\\iphone_cohort_detailed_flagship.png"],"timestamp":"2025-07-21T14:58:29.730080"}]
2025-07-21 14:58:29,730 - simple_runner - INFO - Job 48750edd-84b0-460b-99b3-6e9405484d57: 14:58:29 | INFO     | Generating detailed product list for iPhone cohort combinations
2025-07-21 14:58:29,779 - simple_runner - INFO - Job 48750edd-84b0-460b-99b3-6e9405484d57: 14:58:29 | INFO     | Generated detailed product list: output\cohort_planograms\iphone_cohort_products_flagship.txt
2025-07-21 14:58:29,780 - socketio.server - INFO - emitting event "job_status" to 48750edd-84b0-460b-99b3-6e9405484d57 [/]
2025-07-21 14:58:29,780 - engineio.server - INFO - Ee4H4wMtHCdvq0dxAAAA: Sending packet MESSAGE data 2["job_status",{"job_id":"48750edd-84b0-460b-99b3-6e9405484d57","status":"running","progress":95,"logs":["14:58:29 | INFO     | Generated detailed product list: output\\cohort_planograms\\iphone_cohort_products_flagship.txt"],"timestamp":"2025-07-21T14:58:29.780027"}]
2025-07-21 14:58:29,781 - simple_runner - INFO - Job 48750edd-84b0-460b-99b3-6e9405484d57: 14:58:29 | INFO     | Successfully generated cohort planogram: output\cohort_planograms\iphone_cohort_detailed_flagship.png
2025-07-21 14:58:29,781 - simple_runner - INFO - Job 48750edd-84b0-460b-99b3-6e9405484d57: Detailed product list generated: output\cohort_planograms\iphone_cohort_products_flagship.txt
2025-07-21 14:58:29,781 - simple_runner - INFO - Job 48750edd-84b0-460b-99b3-6e9405484d57: SUCCESS: Cohort planogram generated: output\cohort_planograms\iphone_cohort_detailed_flagship.png
2025-07-21 14:58:29,782 - socketio.server - INFO - emitting event "job_status" to 48750edd-84b0-460b-99b3-6e9405484d57 [/]
2025-07-21 14:58:29,782 - engineio.server - INFO - Ee4H4wMtHCdvq0dxAAAA: Sending packet MESSAGE data 2["job_status",{"job_id":"48750edd-84b0-460b-99b3-6e9405484d57","status":"running","progress":95,"logs":["SUCCESS: Cohort planogram generated: output\\cohort_planograms\\iphone_cohort_detailed_flagship.png"],"timestamp":"2025-07-21T14:58:29.782121"}]
2025-07-21 14:58:29,989 - simple_runner - INFO - Found 4 generated files for job 48750edd-84b0-460b-99b3-6e9405484d57
2025-07-21 14:58:29,990 - socketio.server - INFO - emitting event "job_status" to 48750edd-84b0-460b-99b3-6e9405484d57 [/]
2025-07-21 14:58:29,991 - engineio.server - INFO - Ee4H4wMtHCdvq0dxAAAA: Sending packet MESSAGE data 2["job_status",{"job_id":"48750edd-84b0-460b-99b3-6e9405484d57","status":"completed","progress":100,"logs":["Operation completed successfully"],"timestamp":"2025-07-21T14:58:29.990406"}]
2025-07-21 14:58:29,991 - socketio.server - INFO - emitting event "optimization_complete" to 48750edd-84b0-460b-99b3-6e9405484d57 [/]
2025-07-21 14:58:29,992 - engineio.server - INFO - Ee4H4wMtHCdvq0dxAAAA: Sending packet MESSAGE data 2["optimization_complete",{"job_id":"48750edd-84b0-460b-99b3-6e9405484d57","result":{"success":true,"return_code":0,"files":[{"name":"iphone_cohort_detailed_flagship.png","type":"planogram","path":"cohort_planograms\\iphone_cohort_detailed_flagship.png","url":"/api/files/cohort_planograms/iphone_cohort_detailed_flagship.png","download_url":"/api/files/cohort_planograms/iphone_cohort_detailed_flagship.png/download","size":881837,"created":"2025-07-21T14:58:28.966009"},{"name":"iphone_cohort_products_flagship.txt","type":"product_list","path":"cohort_planograms\\iphone_cohort_products_flagship.txt","url":"/api/files/cohort_planograms/iphone_cohort_products_flagship.txt","download_url":"/api/files/cohort_planograms/iphone_cohort_products_flagship.txt/download","size":23268,"created":"2025-07-21T14:58:29.727636"},{"name":"iphone_cohort_detailed_flagship.png","type":"planogram","path":"cohort_planograms\\iphone_cohort_detailed_flagship.png","url":"/api/files/cohort_planograms/iphone_cohort_detailed_flagship.png","download_url":"/api/files/cohort_planograms/iphone_cohort_detailed_flagship.png/download","size":881837,"created":"2025-07-21T14:58:28.966009"},{"name":"iphone_cohort_products_flagship.txt","type":"product_list","path":"cohort_planograms\\iphone_cohort_products_flagship.txt","url":"/api/files/cohort_planograms/iphone_cohort_products_flagship.txt","download_url":"/api/files/cohort_planograms/iphone_cohort_products_flagship.txt/download","size":23268,"created":"2025-07-21T14:58:29.727636"}],"logs_count":17,"metrics":{"products_placed":40,"products_rejected":8,"average_utilization":85.0,"categories_processed":8,"models_processed":6},"products_placed":40,"products_rejected":8,"warnings":[]},"timestamp":"2025-07-21T14:58:29.991638"}]
2025-07-21 14:58:30,655 - engineio.server - INFO - Ee4H4wMtHCdvq0dxAAAA: Received packet MESSAGE data 2["leave_job",{"job_id":"48750edd-84b0-460b-99b3-6e9405484d57"}]
2025-07-21 14:58:30,655 - socketio.server - INFO - received event "leave_job" from eB8YbwyWqx7OhmMAAAAB [/]
2025-07-21 14:58:30,656 - socketio.server - INFO - eB8YbwyWqx7OhmMAAAAB is leaving room 48750edd-84b0-460b-99b3-6e9405484d57 [/]
2025-07-21 14:58:30,656 - __main__ - INFO - Client eB8YbwyWqx7OhmMAAAAB left job room: 48750edd-84b0-460b-99b3-6e9405484d57
2025-07-21 14:58:30,678 - __main__ - INFO - Job 48750edd-84b0-460b-99b3-6e9405484d57: Found 0 planograms and 4 other files
2025-07-21 14:58:30,679 - __main__ - INFO - Job type: cohort, Job parameters: {'lob': 'iPhone', 'store_type': 'flagship'}
2025-07-21 14:58:30,679 - __main__ - INFO - Job patterns: ['iphone_cohort_detailed_flagship', 'iphone_cohort_products_flagship', 'iphone_cohort_planogram_flagship', 'iphone_cohort_flagship']
2025-07-21 14:58:30,680 - __main__ - INFO - Job start time: 1753090077.598297 (2025-07-21 14:57:57.598297)
2025-07-21 14:58:30,680 - __main__ - INFO - Other files: ['iphone_cohort_detailed_flagship.png', 'iphone_cohort_products_flagship.txt', 'iphone_cohort_detailed_flagship.png', 'iphone_cohort_products_flagship.txt']
2025-07-21 14:58:30,681 - __main__ - INFO - All recent files: ['iphone_cohort_detailed_flagship.png (mtime: 2025-07-21 14:58:29.600167)', 'iphone_cohort_products_flagship.txt (mtime: 2025-07-21 14:58:29.775568)']
2025-07-21 14:58:47,846 - engineio.server - INFO - Ee4H4wMtHCdvq0dxAAAA: Sending packet PING data None
2025-07-21 14:59:09,727 - engineio.server - INFO - 4K0hheAgT9obZ4HrAAAC: Sending packet OPEN data {'sid': '4K0hheAgT9obZ4HrAAAC', 'upgrades': [], 'pingTimeout': 20000, 'pingInterval': 25000, 'maxPayload': 1000000}
2025-07-21 14:59:09,727 - engineio.server - INFO - 4K0hheAgT9obZ4HrAAAC: Received request to upgrade to websocket
2025-07-21 14:59:09,728 - engineio.server - INFO - 4K0hheAgT9obZ4HrAAAC: Upgrade to websocket successful
2025-07-21 14:59:09,729 - engineio.server - INFO - 4K0hheAgT9obZ4HrAAAC: Received packet MESSAGE data 0
2025-07-21 14:59:09,730 - __main__ - INFO - Client connected: x-fYCyETuSdNoVNqAAAD
2025-07-21 14:59:09,730 - socketio.server - INFO - emitting event "connected" to x-fYCyETuSdNoVNqAAAD [/]
2025-07-21 14:59:09,730 - engineio.server - INFO - 4K0hheAgT9obZ4HrAAAC: Sending packet MESSAGE data 2["connected",{"message":"Connected to Planogram API"}]
2025-07-21 14:59:09,730 - engineio.server - INFO - 4K0hheAgT9obZ4HrAAAC: Sending packet MESSAGE data 0{"sid":"x-fYCyETuSdNoVNqAAAD"}
2025-07-21 14:59:12,638 - __main__ - INFO - Client disconnected: eB8YbwyWqx7OhmMAAAAB
2025-07-21 14:59:34,742 - engineio.server - INFO - 4K0hheAgT9obZ4HrAAAC: Sending packet PING data None
2025-07-21 14:59:34,744 - engineio.server - INFO - 4K0hheAgT9obZ4HrAAAC: Received packet PONG data 
2025-07-21 14:59:35,085 - simple_runner - INFO - Created job 84bd25d3-d2f3-4926-95d8-b3c79668eacb of type cohort
2025-07-21 14:59:35,086 - socketio.server - INFO - emitting event "job_status" to 84bd25d3-d2f3-4926-95d8-b3c79668eacb [/]
2025-07-21 14:59:35,125 - engineio.server - INFO - 4K0hheAgT9obZ4HrAAAC: Received packet MESSAGE data 2["join_job",{"job_id":"84bd25d3-d2f3-4926-95d8-b3c79668eacb"}]
2025-07-21 14:59:35,126 - socketio.server - INFO - received event "join_job" from x-fYCyETuSdNoVNqAAAD [/]
2025-07-21 14:59:35,128 - socketio.server - INFO - x-fYCyETuSdNoVNqAAAD is entering room 84bd25d3-d2f3-4926-95d8-b3c79668eacb [/]
2025-07-21 14:59:35,130 - __main__ - INFO - Client x-fYCyETuSdNoVNqAAAD joined job room: 84bd25d3-d2f3-4926-95d8-b3c79668eacb
2025-07-21 14:59:35,130 - socketio.server - INFO - emitting event "job_status" to x-fYCyETuSdNoVNqAAAD [/]
2025-07-21 14:59:35,132 - engineio.server - INFO - 4K0hheAgT9obZ4HrAAAC: Sending packet MESSAGE data 2["job_status",{"job_id":"84bd25d3-d2f3-4926-95d8-b3c79668eacb","status":"running","progress":0,"logs":[]}]
2025-07-21 14:59:35,621 - engineio.server - INFO - 4K0hheAgT9obZ4HrAAAC: Received packet MESSAGE data 2["get_job_status",{"job_id":"84bd25d3-d2f3-4926-95d8-b3c79668eacb"}]
2025-07-21 14:59:35,622 - socketio.server - INFO - received event "get_job_status" from x-fYCyETuSdNoVNqAAAD [/]
2025-07-21 14:59:35,622 - engineio.server - INFO - 4K0hheAgT9obZ4HrAAAC: Received packet MESSAGE data 2["get_job_logs_stream",{"job_id":"84bd25d3-d2f3-4926-95d8-b3c79668eacb","limit":50}]
2025-07-21 14:59:35,622 - socketio.server - INFO - received event "get_job_logs_stream" from x-fYCyETuSdNoVNqAAAD [/]
2025-07-21 14:59:36,009 - simple_runner - INFO - Job 84bd25d3-d2f3-4926-95d8-b3c79668eacb: 14:59:36 | INFO     | Starting cohort planogram generation for Watch - flagship
2025-07-21 14:59:36,033 - simple_runner - INFO - Job 84bd25d3-d2f3-4926-95d8-b3c79668eacb: 14:59:36 | INFO     | Loaded 23287 cohort records
2025-07-21 14:59:36,034 - simple_runner - INFO - Job 84bd25d3-d2f3-4926-95d8-b3c79668eacb: 14:59:36 | INFO     | Retrieved 1419 records for LOB: Watch
2025-07-21 14:59:36,035 - simple_runner - INFO - Job 84bd25d3-d2f3-4926-95d8-b3c79668eacb: 14:59:36 | INFO     | Generating Watch cohort planogram for flagship store
2025-07-21 14:59:36,062 - simple_runner - INFO - Job 84bd25d3-d2f3-4926-95d8-b3c79668eacb: 14:59:36 | INFO     | Loaded 23287 cohort records
2025-07-21 14:59:36,063 - simple_runner - INFO - Job 84bd25d3-d2f3-4926-95d8-b3c79668eacb: 14:59:36 | INFO     | Retrieved 1419 records for LOB: Watch
2025-07-21 14:59:36,064 - simple_runner - INFO - Job 84bd25d3-d2f3-4926-95d8-b3c79668eacb: 14:59:36 | INFO     | Top 6 core products for Watch: ['Apple Watch Other', 'Apple Watch SE', 'Apple Watch Series', 'Apple Watch Ultra']
2025-07-21 14:59:36,065 - simple_runner - INFO - Job 84bd25d3-d2f3-4926-95d8-b3c79668eacb: 14:59:36 | INFO     | Top 8 accessory categories for Watch: ['Screen Protector', 'Wireless Charger', 'Headphones', 'Cleaning Kit', 'Cable', 'Charger/Adapter', 'Tracking', 'Power Bank']
2025-07-21 14:59:36,069 - simple_runner - INFO - Job 84bd25d3-d2f3-4926-95d8-b3c79668eacb: 14:59:36 | INFO     | Created cohort matrix: (8, 4)
2025-07-21 14:59:36,072 - simple_runner - INFO - Job 84bd25d3-d2f3-4926-95d8-b3c79668eacb: 14:59:36 | INFO     | Retrieved top 8 cohort pairs
2025-07-21 14:59:36,073 - simple_runner - INFO - Job 84bd25d3-d2f3-4926-95d8-b3c79668eacb: 14:59:36 | INFO     | Generated summary stats for Watch
2025-07-21 14:59:36,073 - socketio.server - INFO - emitting event "job_status" to 84bd25d3-d2f3-4926-95d8-b3c79668eacb [/]
2025-07-21 14:59:36,074 - engineio.server - INFO - 4K0hheAgT9obZ4HrAAAC: Sending packet MESSAGE data 2["job_status",{"job_id":"84bd25d3-d2f3-4926-95d8-b3c79668eacb","status":"running","progress":95,"logs":["14:59:36 | INFO     | Generated summary stats for Watch"],"timestamp":"2025-07-21T14:59:36.073664"}]
2025-07-21 14:59:36,117 - engineio.server - INFO - 4K0hheAgT9obZ4HrAAAC: Received packet MESSAGE data 2["leave_job",{"job_id":"84bd25d3-d2f3-4926-95d8-b3c79668eacb"}]
2025-07-21 14:59:36,118 - simple_runner - INFO - Job 84bd25d3-d2f3-4926-95d8-b3c79668eacb: 14:59:36 | INFO     | Generating detailed product list for Watch cohort combinations
2025-07-21 14:59:36,118 - socketio.server - INFO - received event "leave_job" from x-fYCyETuSdNoVNqAAAD [/]
2025-07-21 14:59:36,119 - socketio.server - INFO - emitting event "job_status" to 84bd25d3-d2f3-4926-95d8-b3c79668eacb [/]
2025-07-21 14:59:36,119 - engineio.server - INFO - 4K0hheAgT9obZ4HrAAAC: Received packet MESSAGE data 2["join_job",{"job_id":"84bd25d3-d2f3-4926-95d8-b3c79668eacb"}]
2025-07-21 14:59:36,120 - engineio.server - INFO - 4K0hheAgT9obZ4HrAAAC: Sending packet MESSAGE data 2["job_status",{"job_id":"84bd25d3-d2f3-4926-95d8-b3c79668eacb","status":"running","progress":90,"logs":["14:59:36 | INFO     | Generating detailed product list for Watch cohort combinations"],"timestamp":"2025-07-21T14:59:36.119217"}]
2025-07-21 14:59:36,120 - socketio.server - INFO - received event "join_job" from x-fYCyETuSdNoVNqAAAD [/]
2025-07-21 14:59:36,121 - socketio.server - INFO - x-fYCyETuSdNoVNqAAAD is leaving room 84bd25d3-d2f3-4926-95d8-b3c79668eacb [/]
2025-07-21 14:59:36,121 - __main__ - INFO - Client x-fYCyETuSdNoVNqAAAD left job room: 84bd25d3-d2f3-4926-95d8-b3c79668eacb
2025-07-21 14:59:36,122 - socketio.server - INFO - x-fYCyETuSdNoVNqAAAD is entering room 84bd25d3-d2f3-4926-95d8-b3c79668eacb [/]
2025-07-21 14:59:36,122 - __main__ - INFO - Client x-fYCyETuSdNoVNqAAAD joined job room: 84bd25d3-d2f3-4926-95d8-b3c79668eacb
2025-07-21 14:59:36,122 - socketio.server - INFO - emitting event "job_status" to x-fYCyETuSdNoVNqAAAD [/]
2025-07-21 14:59:36,122 - engineio.server - INFO - 4K0hheAgT9obZ4HrAAAC: Sending packet MESSAGE data 2["job_status",{"job_id":"84bd25d3-d2f3-4926-95d8-b3c79668eacb","status":"running","progress":0,"logs":["[14:59:36] 14:59:36 | INFO     | Top 8 accessory categories for Watch: ['Screen Protector', 'Wireless Charger', 'Headphones', 'Cleaning Kit', 'Cable', 'Charger/Adapter', 'Tracking', 'Power Bank']","[14:59:36] 14:59:36 | INFO     | Created cohort matrix: (8, 4)","[14:59:36] 14:59:36 | INFO     | Retrieved top 8 cohort pairs","[14:59:36] 14:59:36 | INFO     | Generated summary stats for Watch","[14:59:36] 14:59:36 | INFO     | Generating detailed product list for Watch cohort combinations"]}]
2025-07-21 14:59:36,139 - simple_runner - INFO - Job 84bd25d3-d2f3-4926-95d8-b3c79668eacb: 14:59:36 | INFO     | Generated detailed product list: output\cohort_planograms\watch_cohort_products_flagship.txt
2025-07-21 14:59:36,140 - socketio.server - INFO - emitting event "job_status" to 84bd25d3-d2f3-4926-95d8-b3c79668eacb [/]
2025-07-21 14:59:36,142 - engineio.server - INFO - 4K0hheAgT9obZ4HrAAAC: Sending packet MESSAGE data 2["job_status",{"job_id":"84bd25d3-d2f3-4926-95d8-b3c79668eacb","status":"running","progress":95,"logs":["14:59:36 | INFO     | Generated detailed product list: output\\cohort_planograms\\watch_cohort_products_flagship.txt"],"timestamp":"2025-07-21T14:59:36.140711"}]
2025-07-21 14:59:36,626 - engineio.server - INFO - 4K0hheAgT9obZ4HrAAAC: Received packet MESSAGE data 2["get_job_status",{"job_id":"84bd25d3-d2f3-4926-95d8-b3c79668eacb"}]
2025-07-21 14:59:36,626 - socketio.server - INFO - received event "get_job_status" from x-fYCyETuSdNoVNqAAAD [/]
2025-07-21 14:59:36,627 - engineio.server - INFO - 4K0hheAgT9obZ4HrAAAC: Received packet MESSAGE data 2["get_job_logs_stream",{"job_id":"84bd25d3-d2f3-4926-95d8-b3c79668eacb","limit":50}]
2025-07-21 14:59:36,627 - socketio.server - INFO - received event "get_job_logs_stream" from x-fYCyETuSdNoVNqAAAD [/]
2025-07-21 14:59:37,250 - simple_runner - INFO - Job 84bd25d3-d2f3-4926-95d8-b3c79668eacb: 14:59:37 | INFO     | Saved planogram: output\cohort_planograms\watch_cohort_detailed_flagship.png
2025-07-21 14:59:37,250 - socketio.server - INFO - emitting event "job_status" to 84bd25d3-d2f3-4926-95d8-b3c79668eacb [/]
2025-07-21 14:59:37,253 - engineio.server - INFO - 4K0hheAgT9obZ4HrAAAC: Sending packet MESSAGE data 2["job_status",{"job_id":"84bd25d3-d2f3-4926-95d8-b3c79668eacb","status":"running","progress":90,"logs":["14:59:37 | INFO     | Saved planogram: output\\cohort_planograms\\watch_cohort_detailed_flagship.png"],"timestamp":"2025-07-21T14:59:37.250829"}]
2025-07-21 14:59:37,256 - socketio.server - INFO - emitting event "job_status" to 84bd25d3-d2f3-4926-95d8-b3c79668eacb [/]
2025-07-21 14:59:37,258 - engineio.server - INFO - 4K0hheAgT9obZ4HrAAAC: Sending packet MESSAGE data 2["job_status",{"job_id":"84bd25d3-d2f3-4926-95d8-b3c79668eacb","status":"running","progress":95,"logs":["14:59:37 | INFO     | Saved planogram: output\\cohort_planograms\\watch_cohort_detailed_flagship.png"],"timestamp":"2025-07-21T14:59:37.256739"}]
2025-07-21 14:59:37,260 - simple_runner - INFO - Job 84bd25d3-d2f3-4926-95d8-b3c79668eacb: 14:59:37 | INFO     | Successfully generated cohort planogram: output\cohort_planograms\watch_cohort_detailed_flagship.png
2025-07-21 14:59:37,262 - simple_runner - INFO - Job 84bd25d3-d2f3-4926-95d8-b3c79668eacb: Detailed product list generated: output\cohort_planograms\watch_cohort_products_flagship.txt
2025-07-21 14:59:37,265 - simple_runner - INFO - Job 84bd25d3-d2f3-4926-95d8-b3c79668eacb: SUCCESS: Cohort planogram generated: output\cohort_planograms\watch_cohort_detailed_flagship.png
2025-07-21 14:59:37,267 - socketio.server - INFO - emitting event "job_status" to 84bd25d3-d2f3-4926-95d8-b3c79668eacb [/]
2025-07-21 14:59:37,268 - engineio.server - INFO - 4K0hheAgT9obZ4HrAAAC: Sending packet MESSAGE data 2["job_status",{"job_id":"84bd25d3-d2f3-4926-95d8-b3c79668eacb","status":"running","progress":95,"logs":["SUCCESS: Cohort planogram generated: output\\cohort_planograms\\watch_cohort_detailed_flagship.png"],"timestamp":"2025-07-21T14:59:37.267128"}]
2025-07-21 14:59:37,525 - simple_runner - INFO - Found 4 generated files for job 84bd25d3-d2f3-4926-95d8-b3c79668eacb
2025-07-21 14:59:37,526 - socketio.server - INFO - emitting event "job_status" to 84bd25d3-d2f3-4926-95d8-b3c79668eacb [/]
2025-07-21 14:59:37,527 - engineio.server - INFO - 4K0hheAgT9obZ4HrAAAC: Sending packet MESSAGE data 2["job_status",{"job_id":"84bd25d3-d2f3-4926-95d8-b3c79668eacb","status":"completed","progress":100,"logs":["Operation completed successfully"],"timestamp":"2025-07-21T14:59:37.526430"}]
2025-07-21 14:59:37,528 - socketio.server - INFO - emitting event "optimization_complete" to 84bd25d3-d2f3-4926-95d8-b3c79668eacb [/]
2025-07-21 14:59:37,529 - engineio.server - INFO - 4K0hheAgT9obZ4HrAAAC: Sending packet MESSAGE data 2["optimization_complete",{"job_id":"84bd25d3-d2f3-4926-95d8-b3c79668eacb","result":{"success":true,"return_code":0,"files":[{"name":"watch_cohort_detailed_flagship.png","type":"planogram","path":"cohort_planograms\\watch_cohort_detailed_flagship.png","url":"/api/files/cohort_planograms/watch_cohort_detailed_flagship.png","download_url":"/api/files/cohort_planograms/watch_cohort_detailed_flagship.png/download","size":636278,"created":"2025-07-21T14:56:06.737907"},{"name":"watch_cohort_products_flagship.txt","type":"product_list","path":"cohort_planograms\\watch_cohort_products_flagship.txt","url":"/api/files/cohort_planograms/watch_cohort_products_flagship.txt","download_url":"/api/files/cohort_planograms/watch_cohort_products_flagship.txt/download","size":3742,"created":"2025-07-21T14:56:05.683387"},{"name":"watch_cohort_detailed_flagship.png","type":"planogram","path":"cohort_planograms\\watch_cohort_detailed_flagship.png","url":"/api/files/cohort_planograms/watch_cohort_detailed_flagship.png","download_url":"/api/files/cohort_planograms/watch_cohort_detailed_flagship.png/download","size":636278,"created":"2025-07-21T14:56:06.737907"},{"name":"watch_cohort_products_flagship.txt","type":"product_list","path":"cohort_planograms\\watch_cohort_products_flagship.txt","url":"/api/files/cohort_planograms/watch_cohort_products_flagship.txt","download_url":"/api/files/cohort_planograms/watch_cohort_products_flagship.txt/download","size":3742,"created":"2025-07-21T14:56:05.683387"}],"logs_count":17,"metrics":{"products_placed":33,"products_rejected":15,"average_utilization":70.0,"categories_processed":8,"models_processed":6},"products_placed":33,"products_rejected":15,"warnings":[]},"timestamp":"2025-07-21T14:59:37.528116"}]
2025-07-21 14:59:38,166 - engineio.server - INFO - 4K0hheAgT9obZ4HrAAAC: Received packet MESSAGE data 2["leave_job",{"job_id":"84bd25d3-d2f3-4926-95d8-b3c79668eacb"}]
2025-07-21 14:59:38,168 - socketio.server - INFO - received event "leave_job" from x-fYCyETuSdNoVNqAAAD [/]
2025-07-21 14:59:38,170 - socketio.server - INFO - x-fYCyETuSdNoVNqAAAD is leaving room 84bd25d3-d2f3-4926-95d8-b3c79668eacb [/]
2025-07-21 14:59:38,171 - __main__ - INFO - Client x-fYCyETuSdNoVNqAAAD left job room: 84bd25d3-d2f3-4926-95d8-b3c79668eacb
2025-07-21 14:59:38,227 - __main__ - INFO - Job 84bd25d3-d2f3-4926-95d8-b3c79668eacb: Found 0 planograms and 4 other files
2025-07-21 14:59:38,228 - __main__ - INFO - Job type: cohort, Job parameters: {'lob': 'Watch', 'store_type': 'flagship'}
2025-07-21 14:59:38,228 - __main__ - INFO - Job patterns: ['watch_cohort_detailed_flagship', 'watch_cohort_products_flagship', 'watch_cohort_planogram_flagship', 'watch_cohort_flagship']
2025-07-21 14:59:38,229 - __main__ - INFO - Job start time: 1753090145.086405 (2025-07-21 14:59:05.086405)
2025-07-21 14:59:38,229 - __main__ - INFO - Other files: ['watch_cohort_detailed_flagship.png', 'watch_cohort_products_flagship.txt', 'watch_cohort_detailed_flagship.png', 'watch_cohort_products_flagship.txt']
2025-07-21 14:59:38,233 - __main__ - INFO - All recent files: ['watch_cohort_detailed_flagship.png (mtime: 2025-07-21 14:59:37.060749)', 'watch_cohort_products_flagship.txt (mtime: 2025-07-21 14:59:36.138520)']
2025-07-21 14:59:52,199 - werkzeug - INFO -  * Detected change in 'C:\\Users\\Shivansh Pal\\Desktop\\Planogram_Project\\web-ui\\backend\\simple_runner.py', reloading
2025-07-21 14:59:53,179 - werkzeug - INFO -  * Restarting with watchdog (windowsapi)
2025-07-21 14:59:54,578 - engineio.server - INFO - Server initialized for eventlet.
2025-07-21 14:59:54,586 - __main__ - INFO - Starting simplified Planogram Web UI backend
2025-07-21 14:59:54,586 - __main__ - INFO - Project root: C:\Users\Shivansh Pal\Desktop\Planogram_Project
2025-07-21 14:59:54,602 - werkzeug - WARNING -  * Debugger is active!
2025-07-21 14:59:54,605 - werkzeug - INFO -  * Debugger PIN: 567-306-382
2025-07-21 14:59:54,876 - engineio.server - INFO - WSrHVVZC9x4ejUk0AAAA: Sending packet OPEN data {'sid': 'WSrHVVZC9x4ejUk0AAAA', 'upgrades': [], 'pingTimeout': 20000, 'pingInterval': 25000, 'maxPayload': 1000000}
2025-07-21 14:59:54,877 - engineio.server - INFO - WSrHVVZC9x4ejUk0AAAA: Received request to upgrade to websocket
2025-07-21 14:59:54,877 - engineio.server - INFO - WSrHVVZC9x4ejUk0AAAA: Upgrade to websocket successful
2025-07-21 14:59:54,879 - engineio.server - INFO - WSrHVVZC9x4ejUk0AAAA: Received packet MESSAGE data 0
2025-07-21 14:59:54,880 - __main__ - INFO - Client connected: nysmUvuCdkv8yxruAAAB
2025-07-21 14:59:54,880 - socketio.server - INFO - emitting event "connected" to nysmUvuCdkv8yxruAAAB [/]
2025-07-21 14:59:54,881 - engineio.server - INFO - WSrHVVZC9x4ejUk0AAAA: Sending packet MESSAGE data 2["connected",{"message":"Connected to Planogram API"}]
2025-07-21 14:59:54,881 - engineio.server - INFO - WSrHVVZC9x4ejUk0AAAA: Sending packet MESSAGE data 0{"sid":"nysmUvuCdkv8yxruAAAB"}
2025-07-21 15:00:19,889 - engineio.server - INFO - WSrHVVZC9x4ejUk0AAAA: Sending packet PING data None
2025-07-21 15:00:19,891 - engineio.server - INFO - WSrHVVZC9x4ejUk0AAAA: Received packet PONG data 
2025-07-21 15:00:23,375 - werkzeug - INFO -  * Detected change in 'C:\\Users\\Shivansh Pal\\Desktop\\Planogram_Project\\debug_file_detection.py', reloading
2025-07-21 15:00:23,377 - werkzeug - INFO -  * Detected change in 'C:\\Users\\Shivansh Pal\\Desktop\\Planogram_Project\\debug_file_detection.py', reloading
2025-07-21 15:00:23,378 - werkzeug - INFO -  * Detected change in 'C:\\Users\\Shivansh Pal\\Desktop\\Planogram_Project\\debug_file_detection.py', reloading
2025-07-21 15:00:23,887 - werkzeug - INFO -  * Restarting with watchdog (windowsapi)
2025-07-21 15:00:27,075 - engineio.server - INFO - Server initialized for eventlet.
2025-07-21 15:00:27,085 - __main__ - INFO - Starting simplified Planogram Web UI backend
2025-07-21 15:00:27,086 - __main__ - INFO - Project root: C:\Users\Shivansh Pal\Desktop\Planogram_Project
2025-07-21 15:00:27,106 - werkzeug - WARNING -  * Debugger is active!
2025-07-21 15:00:27,111 - werkzeug - INFO -  * Debugger PIN: 567-306-382
2025-07-21 15:00:27,192 - engineio.server - INFO - wrJTir-qUFt1dGN9AAAA: Sending packet OPEN data {'sid': 'wrJTir-qUFt1dGN9AAAA', 'upgrades': [], 'pingTimeout': 20000, 'pingInterval': 25000, 'maxPayload': 1000000}
2025-07-21 15:00:27,193 - engineio.server - INFO - wrJTir-qUFt1dGN9AAAA: Received request to upgrade to websocket
2025-07-21 15:00:27,194 - engineio.server - INFO - wrJTir-qUFt1dGN9AAAA: Upgrade to websocket successful
2025-07-21 15:00:27,197 - engineio.server - INFO - wrJTir-qUFt1dGN9AAAA: Received packet MESSAGE data 0
2025-07-21 15:00:27,199 - __main__ - INFO - Client connected: KKiOHQ7XBKRMUYvbAAAB
2025-07-21 15:00:27,199 - socketio.server - INFO - emitting event "connected" to KKiOHQ7XBKRMUYvbAAAB [/]
2025-07-21 15:00:27,200 - engineio.server - INFO - wrJTir-qUFt1dGN9AAAA: Sending packet MESSAGE data 2["connected",{"message":"Connected to Planogram API"}]
2025-07-21 15:00:27,201 - engineio.server - INFO - wrJTir-qUFt1dGN9AAAA: Sending packet MESSAGE data 0{"sid":"KKiOHQ7XBKRMUYvbAAAB"}
2025-07-21 15:00:31,395 - engineio.server - INFO - Server initialized for eventlet.
2025-07-21 15:00:31,401 - simple_runner - INFO - Found 0 generated files for job test-cohort-iphone
2025-07-21 15:00:52,198 - engineio.server - INFO - wrJTir-qUFt1dGN9AAAA: Sending packet PING data None
2025-07-21 15:00:52,199 - engineio.server - INFO - wrJTir-qUFt1dGN9AAAA: Received packet PONG data 
2025-07-21 15:01:17,202 - engineio.server - INFO - wrJTir-qUFt1dGN9AAAA: Sending packet PING data None
2025-07-21 15:01:17,205 - engineio.server - INFO - wrJTir-qUFt1dGN9AAAA: Received packet PONG data 
2025-07-21 15:01:21,802 - werkzeug - INFO -  * Detected change in 'C:\\Users\\Shivansh Pal\\Desktop\\Planogram_Project\\web-ui\\backend\\simple_runner.py', reloading
2025-07-21 15:01:21,804 - werkzeug - INFO -  * Detected change in 'C:\\Users\\Shivansh Pal\\Desktop\\Planogram_Project\\web-ui\\backend\\simple_runner.py', reloading
2025-07-21 15:01:21,805 - werkzeug - INFO -  * Detected change in 'C:\\Users\\Shivansh Pal\\Desktop\\Planogram_Project\\web-ui\\backend\\simple_runner.py', reloading
2025-07-21 15:01:22,619 - werkzeug - INFO -  * Restarting with watchdog (windowsapi)
2025-07-21 15:01:23,983 - engineio.server - INFO - Server initialized for eventlet.
2025-07-21 15:01:23,997 - __main__ - INFO - Starting simplified Planogram Web UI backend
2025-07-21 15:01:23,998 - __main__ - INFO - Project root: C:\Users\Shivansh Pal\Desktop\Planogram_Project
2025-07-21 15:01:24,013 - werkzeug - WARNING -  * Debugger is active!
2025-07-21 15:01:24,017 - werkzeug - INFO -  * Debugger PIN: 567-306-382
2025-07-21 15:01:24,206 - engineio.server - INFO - PI12Y37Upu96qo_dAAAA: Sending packet OPEN data {'sid': 'PI12Y37Upu96qo_dAAAA', 'upgrades': [], 'pingTimeout': 20000, 'pingInterval': 25000, 'maxPayload': 1000000}
2025-07-21 15:01:24,209 - engineio.server - INFO - PI12Y37Upu96qo_dAAAA: Received request to upgrade to websocket
2025-07-21 15:01:24,210 - engineio.server - INFO - PI12Y37Upu96qo_dAAAA: Upgrade to websocket successful
2025-07-21 15:01:24,213 - engineio.server - INFO - PI12Y37Upu96qo_dAAAA: Received packet MESSAGE data 0
2025-07-21 15:01:24,214 - __main__ - INFO - Client connected: JFTW15nQyn6EWMv7AAAB
2025-07-21 15:01:24,215 - socketio.server - INFO - emitting event "connected" to JFTW15nQyn6EWMv7AAAB [/]
2025-07-21 15:01:24,216 - engineio.server - INFO - PI12Y37Upu96qo_dAAAA: Sending packet MESSAGE data 2["connected",{"message":"Connected to Planogram API"}]
2025-07-21 15:01:24,216 - engineio.server - INFO - PI12Y37Upu96qo_dAAAA: Sending packet MESSAGE data 0{"sid":"JFTW15nQyn6EWMv7AAAB"}
2025-07-21 15:01:34,933 - engineio.server - INFO - Server initialized for eventlet.
2025-07-21 15:01:34,943 - simple_runner - INFO - Found 0 generated files for job test-cohort-iphone using patterns: []
2025-07-21 15:01:46,738 - werkzeug - INFO -  * Detected change in 'C:\\Users\\Shivansh Pal\\Desktop\\Planogram_Project\\debug_file_detection.py', reloading
2025-07-21 15:01:46,739 - werkzeug - INFO -  * Detected change in 'C:\\Users\\Shivansh Pal\\Desktop\\Planogram_Project\\debug_file_detection.py', reloading
2025-07-21 15:01:46,742 - werkzeug - INFO -  * Detected change in 'C:\\Users\\Shivansh Pal\\Desktop\\Planogram_Project\\debug_file_detection.py', reloading
2025-07-21 15:01:47,478 - werkzeug - INFO -  * Restarting with watchdog (windowsapi)
2025-07-21 15:01:48,782 - engineio.server - INFO - Server initialized for eventlet.
2025-07-21 15:01:48,789 - __main__ - INFO - Starting simplified Planogram Web UI backend
2025-07-21 15:01:48,790 - __main__ - INFO - Project root: C:\Users\Shivansh Pal\Desktop\Planogram_Project
2025-07-21 15:01:48,803 - werkzeug - WARNING -  * Debugger is active!
2025-07-21 15:01:48,807 - werkzeug - INFO -  * Debugger PIN: 567-306-382
2025-07-21 15:01:49,671 - engineio.server - INFO - fr-9CYH4kf29T_6UAAAA: Sending packet OPEN data {'sid': 'fr-9CYH4kf29T_6UAAAA', 'upgrades': [], 'pingTimeout': 20000, 'pingInterval': 25000, 'maxPayload': 1000000}
2025-07-21 15:01:49,672 - engineio.server - INFO - fr-9CYH4kf29T_6UAAAA: Received request to upgrade to websocket
2025-07-21 15:01:49,673 - engineio.server - INFO - fr-9CYH4kf29T_6UAAAA: Upgrade to websocket successful
2025-07-21 15:01:49,674 - engineio.server - INFO - fr-9CYH4kf29T_6UAAAA: Received packet MESSAGE data 0
2025-07-21 15:01:49,675 - __main__ - INFO - Client connected: AthyAd6nYKurVhYgAAAB
2025-07-21 15:01:49,676 - socketio.server - INFO - emitting event "connected" to AthyAd6nYKurVhYgAAAB [/]
2025-07-21 15:01:49,676 - engineio.server - INFO - fr-9CYH4kf29T_6UAAAA: Sending packet MESSAGE data 2["connected",{"message":"Connected to Planogram API"}]
2025-07-21 15:01:49,676 - engineio.server - INFO - fr-9CYH4kf29T_6UAAAA: Sending packet MESSAGE data 0{"sid":"AthyAd6nYKurVhYgAAAB"}
2025-07-21 15:01:59,450 - engineio.server - INFO - Server initialized for eventlet.
2025-07-21 15:01:59,464 - simple_runner - INFO - Found 12 generated files for job test-cohort-iphone using patterns: []
2025-07-21 15:02:11,548 - werkzeug - INFO -  * Detected change in 'C:\\Users\\Shivansh Pal\\Desktop\\Planogram_Project\\web-ui\\backend\\simple_runner.py', reloading
2025-07-21 15:02:11,549 - werkzeug - INFO -  * Detected change in 'C:\\Users\\Shivansh Pal\\Desktop\\Planogram_Project\\web-ui\\backend\\simple_runner.py', reloading
2025-07-21 15:02:11,550 - werkzeug - INFO -  * Detected change in 'C:\\Users\\Shivansh Pal\\Desktop\\Planogram_Project\\web-ui\\backend\\simple_runner.py', reloading
2025-07-21 15:02:12,302 - werkzeug - INFO -  * Restarting with watchdog (windowsapi)
2025-07-21 15:02:13,465 - engineio.server - INFO - Server initialized for eventlet.
2025-07-21 15:02:13,478 - __main__ - INFO - Starting simplified Planogram Web UI backend
2025-07-21 15:02:13,478 - __main__ - INFO - Project root: C:\Users\Shivansh Pal\Desktop\Planogram_Project
2025-07-21 15:02:13,492 - werkzeug - WARNING -  * Debugger is active!
2025-07-21 15:02:13,495 - werkzeug - INFO -  * Debugger PIN: 567-306-382
2025-07-21 15:02:14,694 - engineio.server - INFO - Y5ZcJo21ucwez6QNAAAA: Sending packet OPEN data {'sid': 'Y5ZcJo21ucwez6QNAAAA', 'upgrades': [], 'pingTimeout': 20000, 'pingInterval': 25000, 'maxPayload': 1000000}
2025-07-21 15:02:14,704 - engineio.server - INFO - Y5ZcJo21ucwez6QNAAAA: Received request to upgrade to websocket
2025-07-21 15:02:14,705 - engineio.server - INFO - Y5ZcJo21ucwez6QNAAAA: Upgrade to websocket successful
2025-07-21 15:02:14,707 - engineio.server - INFO - Y5ZcJo21ucwez6QNAAAA: Received packet MESSAGE data 0
2025-07-21 15:02:14,708 - __main__ - INFO - Client connected: fa_OWkE1Cij1t38NAAAB
2025-07-21 15:02:14,708 - socketio.server - INFO - emitting event "connected" to fa_OWkE1Cij1t38NAAAB [/]
2025-07-21 15:02:14,709 - engineio.server - INFO - Y5ZcJo21ucwez6QNAAAA: Sending packet MESSAGE data 2["connected",{"message":"Connected to Planogram API"}]
2025-07-21 15:02:14,710 - engineio.server - INFO - Y5ZcJo21ucwez6QNAAAA: Sending packet MESSAGE data 0{"sid":"fa_OWkE1Cij1t38NAAAB"}
2025-07-21 15:02:23,742 - engineio.server - INFO - Server initialized for eventlet.
2025-07-21 15:02:23,749 - simple_runner - INFO - Found 4 generated files for job test-cohort-iphone using patterns: ['iphone_cohort_detailed_flagship', 'iphone_cohort_products_flagship', 'iphone_cohort_planogram_flagship', 'iphone_cohort_flagship']
2025-07-21 15:02:33,390 - werkzeug - INFO -  * Detected change in 'C:\\Users\\Shivansh Pal\\Desktop\\Planogram_Project\\web-ui\\backend\\simple_runner.py', reloading
2025-07-21 15:02:33,397 - werkzeug - INFO -  * Detected change in 'C:\\Users\\Shivansh Pal\\Desktop\\Planogram_Project\\web-ui\\backend\\simple_runner.py', reloading
2025-07-21 15:02:33,397 - werkzeug - INFO -  * Detected change in 'C:\\Users\\Shivansh Pal\\Desktop\\Planogram_Project\\web-ui\\backend\\simple_runner.py', reloading
2025-07-21 15:02:33,982 - werkzeug - INFO -  * Restarting with watchdog (windowsapi)
2025-07-21 15:02:35,194 - engineio.server - INFO - Server initialized for eventlet.
2025-07-21 15:02:35,208 - __main__ - INFO - Starting simplified Planogram Web UI backend
2025-07-21 15:02:35,209 - __main__ - INFO - Project root: C:\Users\Shivansh Pal\Desktop\Planogram_Project
2025-07-21 15:02:35,227 - werkzeug - WARNING -  * Debugger is active!
2025-07-21 15:02:35,230 - werkzeug - INFO -  * Debugger PIN: 567-306-382
2025-07-21 15:02:35,680 - engineio.server - INFO - uqkCeIQu6z8ZqKX1AAAA: Sending packet OPEN data {'sid': 'uqkCeIQu6z8ZqKX1AAAA', 'upgrades': [], 'pingTimeout': 20000, 'pingInterval': 25000, 'maxPayload': 1000000}
2025-07-21 15:02:35,681 - engineio.server - INFO - uqkCeIQu6z8ZqKX1AAAA: Received request to upgrade to websocket
2025-07-21 15:02:35,681 - engineio.server - INFO - uqkCeIQu6z8ZqKX1AAAA: Upgrade to websocket successful
2025-07-21 15:02:35,683 - engineio.server - INFO - uqkCeIQu6z8ZqKX1AAAA: Received packet MESSAGE data 0
2025-07-21 15:02:35,684 - __main__ - INFO - Client connected: AD5VRUfMbTl60k2JAAAB
2025-07-21 15:02:35,685 - socketio.server - INFO - emitting event "connected" to AD5VRUfMbTl60k2JAAAB [/]
2025-07-21 15:02:35,685 - engineio.server - INFO - uqkCeIQu6z8ZqKX1AAAA: Sending packet MESSAGE data 2["connected",{"message":"Connected to Planogram API"}]
2025-07-21 15:02:35,686 - engineio.server - INFO - uqkCeIQu6z8ZqKX1AAAA: Sending packet MESSAGE data 0{"sid":"AD5VRUfMbTl60k2JAAAB"}
2025-07-21 15:02:44,896 - werkzeug - INFO -  * Detected change in 'C:\\Users\\Shivansh Pal\\Desktop\\Planogram_Project\\web-ui\\backend\\simple_runner.py', reloading
2025-07-21 15:02:44,902 - werkzeug - INFO -  * Detected change in 'C:\\Users\\Shivansh Pal\\Desktop\\Planogram_Project\\web-ui\\backend\\simple_runner.py', reloading
2025-07-21 15:02:44,903 - werkzeug - INFO -  * Detected change in 'C:\\Users\\Shivansh Pal\\Desktop\\Planogram_Project\\web-ui\\backend\\simple_runner.py', reloading
2025-07-21 15:02:45,422 - werkzeug - INFO -  * Restarting with watchdog (windowsapi)
2025-07-21 15:02:46,671 - engineio.server - INFO - Server initialized for eventlet.
2025-07-21 15:02:46,692 - __main__ - INFO - Starting simplified Planogram Web UI backend
2025-07-21 15:02:46,692 - __main__ - INFO - Project root: C:\Users\Shivansh Pal\Desktop\Planogram_Project
2025-07-21 15:02:46,715 - werkzeug - WARNING -  * Debugger is active!
2025-07-21 15:02:46,722 - werkzeug - INFO -  * Debugger PIN: 567-306-382
2025-07-21 15:02:47,665 - engineio.server - INFO - CF6Q4lyagF_VaJi1AAAA: Sending packet OPEN data {'sid': 'CF6Q4lyagF_VaJi1AAAA', 'upgrades': [], 'pingTimeout': 20000, 'pingInterval': 25000, 'maxPayload': 1000000}
2025-07-21 15:02:47,666 - engineio.server - INFO - CF6Q4lyagF_VaJi1AAAA: Received request to upgrade to websocket
2025-07-21 15:02:47,668 - engineio.server - INFO - CF6Q4lyagF_VaJi1AAAA: Upgrade to websocket successful
2025-07-21 15:02:47,673 - engineio.server - INFO - CF6Q4lyagF_VaJi1AAAA: Received packet MESSAGE data 0
2025-07-21 15:02:47,676 - __main__ - INFO - Client connected: XyiRCHq_B1XcjRbzAAAB
2025-07-21 15:02:47,677 - socketio.server - INFO - emitting event "connected" to XyiRCHq_B1XcjRbzAAAB [/]
2025-07-21 15:02:47,678 - engineio.server - INFO - CF6Q4lyagF_VaJi1AAAA: Sending packet MESSAGE data 2["connected",{"message":"Connected to Planogram API"}]
2025-07-21 15:02:47,679 - engineio.server - INFO - CF6Q4lyagF_VaJi1AAAA: Sending packet MESSAGE data 0{"sid":"XyiRCHq_B1XcjRbzAAAB"}
2025-07-21 15:02:57,115 - engineio.server - INFO - Server initialized for eventlet.
2025-07-21 15:02:57,121 - simple_runner - INFO - Found 2 generated files for job test-cohort-iphone using patterns: ['iphone_cohort_detailed_flagship', 'iphone_cohort_products_flagship', 'iphone_cohort_planogram_flagship', 'iphone_cohort_flagship']
2025-07-21 15:03:07,661 - werkzeug - INFO -  * Detected change in 'C:\\Users\\Shivansh Pal\\Desktop\\Planogram_Project\\debug_file_detection.py', reloading
2025-07-21 15:03:08,402 - werkzeug - INFO -  * Restarting with watchdog (windowsapi)
2025-07-21 15:03:10,669 - engineio.server - INFO - Server initialized for eventlet.
2025-07-21 15:03:10,676 - __main__ - INFO - Starting simplified Planogram Web UI backend
2025-07-21 15:03:10,676 - __main__ - INFO - Project root: C:\Users\Shivansh Pal\Desktop\Planogram_Project
2025-07-21 15:03:10,695 - werkzeug - WARNING -  * Debugger is active!
2025-07-21 15:03:10,699 - werkzeug - INFO -  * Debugger PIN: 567-306-382
2025-07-21 15:03:11,178 - engineio.server - INFO - sKeNWjQdG-Ozj79ZAAAA: Sending packet OPEN data {'sid': 'sKeNWjQdG-Ozj79ZAAAA', 'upgrades': [], 'pingTimeout': 20000, 'pingInterval': 25000, 'maxPayload': 1000000}
2025-07-21 15:03:11,179 - engineio.server - INFO - sKeNWjQdG-Ozj79ZAAAA: Received request to upgrade to websocket
2025-07-21 15:03:11,180 - engineio.server - INFO - sKeNWjQdG-Ozj79ZAAAA: Upgrade to websocket successful
2025-07-21 15:03:11,182 - engineio.server - INFO - sKeNWjQdG-Ozj79ZAAAA: Received packet MESSAGE data 0
2025-07-21 15:03:11,183 - __main__ - INFO - Client connected: QG1nx_bnoGqhfsDdAAAB
2025-07-21 15:03:11,183 - socketio.server - INFO - emitting event "connected" to QG1nx_bnoGqhfsDdAAAB [/]
2025-07-21 15:03:11,184 - engineio.server - INFO - sKeNWjQdG-Ozj79ZAAAA: Sending packet MESSAGE data 2["connected",{"message":"Connected to Planogram API"}]
2025-07-21 15:03:11,184 - engineio.server - INFO - sKeNWjQdG-Ozj79ZAAAA: Sending packet MESSAGE data 0{"sid":"QG1nx_bnoGqhfsDdAAAB"}
2025-07-21 15:03:36,196 - engineio.server - INFO - sKeNWjQdG-Ozj79ZAAAA: Sending packet PING data None
2025-07-21 15:03:36,199 - engineio.server - INFO - sKeNWjQdG-Ozj79ZAAAA: Received packet PONG data 
2025-07-21 15:04:03,580 - engineio.server - INFO - Server initialized for eventlet.
2025-07-21 15:04:03,586 - __main__ - INFO - Starting simplified Planogram Web UI backend
2025-07-21 15:04:03,586 - __main__ - INFO - Project root: C:\Users\Shivansh Pal\Desktop\Planogram_Project
2025-07-21 15:04:03,597 - werkzeug - INFO -  * Restarting with watchdog (windowsapi)
2025-07-21 15:04:05,023 - engineio.server - INFO - Server initialized for eventlet.
2025-07-21 15:04:05,032 - __main__ - INFO - Starting simplified Planogram Web UI backend
2025-07-21 15:04:05,033 - __main__ - INFO - Project root: C:\Users\Shivansh Pal\Desktop\Planogram_Project
2025-07-21 15:04:05,056 - werkzeug - WARNING -  * Debugger is active!
2025-07-21 15:04:05,060 - werkzeug - INFO -  * Debugger PIN: 567-306-382
2025-07-21 15:04:06,680 - engineio.server - INFO - cyHqUP9wIQG1jArPAAAA: Sending packet OPEN data {'sid': 'cyHqUP9wIQG1jArPAAAA', 'upgrades': [], 'pingTimeout': 20000, 'pingInterval': 25000, 'maxPayload': 1000000}
2025-07-21 15:04:06,681 - engineio.server - INFO - cyHqUP9wIQG1jArPAAAA: Received request to upgrade to websocket
2025-07-21 15:04:06,681 - engineio.server - INFO - cyHqUP9wIQG1jArPAAAA: Upgrade to websocket successful
2025-07-21 15:04:06,683 - engineio.server - INFO - cyHqUP9wIQG1jArPAAAA: Received packet MESSAGE data 0
2025-07-21 15:04:06,684 - __main__ - INFO - Client connected: mhDvOGUj4qPQeTkjAAAB
2025-07-21 15:04:06,684 - socketio.server - INFO - emitting event "connected" to mhDvOGUj4qPQeTkjAAAB [/]
2025-07-21 15:04:06,684 - engineio.server - INFO - cyHqUP9wIQG1jArPAAAA: Sending packet MESSAGE data 2["connected",{"message":"Connected to Planogram API"}]
2025-07-21 15:04:06,684 - engineio.server - INFO - cyHqUP9wIQG1jArPAAAA: Sending packet MESSAGE data 0{"sid":"mhDvOGUj4qPQeTkjAAAB"}
2025-07-21 15:04:11,525 - __main__ - INFO - Client disconnected: mhDvOGUj4qPQeTkjAAAB
2025-07-21 15:04:11,924 - engineio.server - INFO - YMu-nDXc-ytN3sq-AAAC: Sending packet OPEN data {'sid': 'YMu-nDXc-ytN3sq-AAAC', 'upgrades': [], 'pingTimeout': 20000, 'pingInterval': 25000, 'maxPayload': 1000000}
2025-07-21 15:04:11,925 - engineio.server - INFO - YMu-nDXc-ytN3sq-AAAC: Received request to upgrade to websocket
2025-07-21 15:04:11,925 - engineio.server - INFO - YMu-nDXc-ytN3sq-AAAC: Upgrade to websocket successful
2025-07-21 15:04:11,927 - engineio.server - INFO - YMu-nDXc-ytN3sq-AAAC: Received packet MESSAGE data 0
2025-07-21 15:04:11,928 - __main__ - INFO - Client connected: PUzxRqa_UVO8HTfTAAAD
2025-07-21 15:04:11,928 - socketio.server - INFO - emitting event "connected" to PUzxRqa_UVO8HTfTAAAD [/]
2025-07-21 15:04:11,928 - engineio.server - INFO - YMu-nDXc-ytN3sq-AAAC: Sending packet MESSAGE data 2["connected",{"message":"Connected to Planogram API"}]
2025-07-21 15:04:11,929 - engineio.server - INFO - YMu-nDXc-ytN3sq-AAAC: Sending packet MESSAGE data 0{"sid":"PUzxRqa_UVO8HTfTAAAD"}
2025-07-21 15:04:16,886 - simple_runner - INFO - Created job 5ca77a4b-0e4e-4665-99b4-686834163e2d of type cohort
2025-07-21 15:04:16,886 - socketio.server - INFO - emitting event "job_status" to 5ca77a4b-0e4e-4665-99b4-686834163e2d [/]
2025-07-21 15:04:16,914 - engineio.server - INFO - YMu-nDXc-ytN3sq-AAAC: Received packet MESSAGE data 2["join_job",{"job_id":"5ca77a4b-0e4e-4665-99b4-686834163e2d"}]
2025-07-21 15:04:16,915 - socketio.server - INFO - received event "join_job" from PUzxRqa_UVO8HTfTAAAD [/]
2025-07-21 15:04:16,917 - socketio.server - INFO - PUzxRqa_UVO8HTfTAAAD is entering room 5ca77a4b-0e4e-4665-99b4-686834163e2d [/]
2025-07-21 15:04:16,917 - __main__ - INFO - Client PUzxRqa_UVO8HTfTAAAD joined job room: 5ca77a4b-0e4e-4665-99b4-686834163e2d
2025-07-21 15:04:16,917 - socketio.server - INFO - emitting event "job_status" to PUzxRqa_UVO8HTfTAAAD [/]
2025-07-21 15:04:16,918 - engineio.server - INFO - YMu-nDXc-ytN3sq-AAAC: Sending packet MESSAGE data 2["job_status",{"job_id":"5ca77a4b-0e4e-4665-99b4-686834163e2d","status":"running","progress":0,"logs":[]}]
2025-07-21 15:04:17,407 - engineio.server - INFO - YMu-nDXc-ytN3sq-AAAC: Received packet MESSAGE data 2["get_job_status",{"job_id":"5ca77a4b-0e4e-4665-99b4-686834163e2d"}]
2025-07-21 15:04:17,407 - socketio.server - INFO - received event "get_job_status" from PUzxRqa_UVO8HTfTAAAD [/]
2025-07-21 15:04:17,407 - engineio.server - INFO - YMu-nDXc-ytN3sq-AAAC: Received packet MESSAGE data 2["get_job_logs_stream",{"job_id":"5ca77a4b-0e4e-4665-99b4-686834163e2d","limit":50}]
2025-07-21 15:04:17,408 - socketio.server - INFO - received event "get_job_logs_stream" from PUzxRqa_UVO8HTfTAAAD [/]
2025-07-21 15:04:17,733 - simple_runner - INFO - Job 5ca77a4b-0e4e-4665-99b4-686834163e2d: 15:04:17 | INFO     | Starting cohort planogram generation for iPhone - flagship
2025-07-21 15:04:17,756 - simple_runner - INFO - Job 5ca77a4b-0e4e-4665-99b4-686834163e2d: 15:04:17 | INFO     | Loaded 23287 cohort records
2025-07-21 15:04:17,758 - simple_runner - INFO - Job 5ca77a4b-0e4e-4665-99b4-686834163e2d: 15:04:17 | INFO     | Retrieved 18483 records for LOB: iPhone
2025-07-21 15:04:17,758 - simple_runner - INFO - Job 5ca77a4b-0e4e-4665-99b4-686834163e2d: 15:04:17 | INFO     | Generating iPhone cohort planogram for flagship store
2025-07-21 15:04:17,777 - simple_runner - INFO - Job 5ca77a4b-0e4e-4665-99b4-686834163e2d: 15:04:17 | INFO     | Loaded 23287 cohort records
2025-07-21 15:04:17,779 - simple_runner - INFO - Job 5ca77a4b-0e4e-4665-99b4-686834163e2d: 15:04:17 | INFO     | Retrieved 18483 records for LOB: iPhone
2025-07-21 15:04:17,781 - simple_runner - INFO - Job 5ca77a4b-0e4e-4665-99b4-686834163e2d: 15:04:17 | INFO     | Top 6 core products for iPhone: ['iPhone 16', 'iPhone 16 Pro Max', 'iPhone 15', 'iPhone 16 Pro', 'iPhone 16 Plus', 'iPhone 15 Pro Max']
2025-07-21 15:04:17,783 - simple_runner - INFO - Job 5ca77a4b-0e4e-4665-99b4-686834163e2d: 15:04:17 | INFO     | Top 8 accessory categories for iPhone: ['Screen Protector', 'Wallet', 'PopSocket', 'Stand', 'Ring Holder', 'Wireless Charger', 'Headphones', 'Cleaning Kit']
2025-07-21 15:04:17,790 - simple_runner - INFO - Job 5ca77a4b-0e4e-4665-99b4-686834163e2d: 15:04:17 | INFO     | Created cohort matrix: (8, 6)
2025-07-21 15:04:17,795 - simple_runner - INFO - Job 5ca77a4b-0e4e-4665-99b4-686834163e2d: 15:04:17 | INFO     | Retrieved top 8 cohort pairs
2025-07-21 15:04:17,797 - simple_runner - INFO - Job 5ca77a4b-0e4e-4665-99b4-686834163e2d: 15:04:17 | INFO     | Generated summary stats for iPhone
2025-07-21 15:04:17,797 - socketio.server - INFO - emitting event "job_status" to 5ca77a4b-0e4e-4665-99b4-686834163e2d [/]
2025-07-21 15:04:17,797 - engineio.server - INFO - YMu-nDXc-ytN3sq-AAAC: Sending packet MESSAGE data 2["job_status",{"job_id":"5ca77a4b-0e4e-4665-99b4-686834163e2d","status":"running","progress":95,"logs":["15:04:17 | INFO     | Generated summary stats for iPhone"],"timestamp":"2025-07-21T15:04:17.797278"}]
2025-07-21 15:04:17,908 - engineio.server - INFO - YMu-nDXc-ytN3sq-AAAC: Received packet MESSAGE data 2["leave_job",{"job_id":"5ca77a4b-0e4e-4665-99b4-686834163e2d"}]
2025-07-21 15:04:17,909 - socketio.server - INFO - received event "leave_job" from PUzxRqa_UVO8HTfTAAAD [/]
2025-07-21 15:04:17,909 - engineio.server - INFO - YMu-nDXc-ytN3sq-AAAC: Received packet MESSAGE data 2["join_job",{"job_id":"5ca77a4b-0e4e-4665-99b4-686834163e2d"}]
2025-07-21 15:04:17,910 - socketio.server - INFO - received event "join_job" from PUzxRqa_UVO8HTfTAAAD [/]
2025-07-21 15:04:17,910 - socketio.server - INFO - PUzxRqa_UVO8HTfTAAAD is leaving room 5ca77a4b-0e4e-4665-99b4-686834163e2d [/]
2025-07-21 15:04:17,911 - __main__ - INFO - Client PUzxRqa_UVO8HTfTAAAD left job room: 5ca77a4b-0e4e-4665-99b4-686834163e2d
2025-07-21 15:04:17,912 - socketio.server - INFO - PUzxRqa_UVO8HTfTAAAD is entering room 5ca77a4b-0e4e-4665-99b4-686834163e2d [/]
2025-07-21 15:04:17,913 - __main__ - INFO - Client PUzxRqa_UVO8HTfTAAAD joined job room: 5ca77a4b-0e4e-4665-99b4-686834163e2d
2025-07-21 15:04:17,913 - socketio.server - INFO - emitting event "job_status" to PUzxRqa_UVO8HTfTAAAD [/]
2025-07-21 15:04:17,913 - engineio.server - INFO - YMu-nDXc-ytN3sq-AAAC: Sending packet MESSAGE data 2["job_status",{"job_id":"5ca77a4b-0e4e-4665-99b4-686834163e2d","status":"running","progress":0,"logs":["[15:04:17] 15:04:17 | INFO     | Top 6 core products for iPhone: ['iPhone 16', 'iPhone 16 Pro Max', 'iPhone 15', 'iPhone 16 Pro', 'iPhone 16 Plus', 'iPhone 15 Pro Max']","[15:04:17] 15:04:17 | INFO     | Top 8 accessory categories for iPhone: ['Screen Protector', 'Wallet', 'PopSocket', 'Stand', 'Ring Holder', 'Wireless Charger', 'Headphones', 'Cleaning Kit']","[15:04:17] 15:04:17 | INFO     | Created cohort matrix: (8, 6)","[15:04:17] 15:04:17 | INFO     | Retrieved top 8 cohort pairs","[15:04:17] 15:04:17 | INFO     | Generated summary stats for iPhone"]}]
2025-07-21 15:04:18,416 - engineio.server - INFO - YMu-nDXc-ytN3sq-AAAC: Received packet MESSAGE data 2["get_job_status",{"job_id":"5ca77a4b-0e4e-4665-99b4-686834163e2d"}]
2025-07-21 15:04:18,416 - socketio.server - INFO - received event "get_job_status" from PUzxRqa_UVO8HTfTAAAD [/]
2025-07-21 15:04:18,416 - engineio.server - INFO - YMu-nDXc-ytN3sq-AAAC: Received packet MESSAGE data 2["get_job_logs_stream",{"job_id":"5ca77a4b-0e4e-4665-99b4-686834163e2d","limit":50}]
2025-07-21 15:04:18,417 - socketio.server - INFO - received event "get_job_logs_stream" from PUzxRqa_UVO8HTfTAAAD [/]
2025-07-21 15:04:18,754 - simple_runner - INFO - Job 5ca77a4b-0e4e-4665-99b4-686834163e2d: 15:04:18 | INFO     | Saved planogram: output\cohort_planograms\iphone_cohort_detailed_flagship.png
2025-07-21 15:04:18,754 - socketio.server - INFO - emitting event "job_status" to 5ca77a4b-0e4e-4665-99b4-686834163e2d [/]
2025-07-21 15:04:18,754 - engineio.server - INFO - YMu-nDXc-ytN3sq-AAAC: Sending packet MESSAGE data 2["job_status",{"job_id":"5ca77a4b-0e4e-4665-99b4-686834163e2d","status":"running","progress":90,"logs":["15:04:18 | INFO     | Saved planogram: output\\cohort_planograms\\iphone_cohort_detailed_flagship.png"],"timestamp":"2025-07-21T15:04:18.754660"}]
2025-07-21 15:04:18,755 - socketio.server - INFO - emitting event "job_status" to 5ca77a4b-0e4e-4665-99b4-686834163e2d [/]
2025-07-21 15:04:18,755 - engineio.server - INFO - YMu-nDXc-ytN3sq-AAAC: Sending packet MESSAGE data 2["job_status",{"job_id":"5ca77a4b-0e4e-4665-99b4-686834163e2d","status":"running","progress":95,"logs":["15:04:18 | INFO     | Saved planogram: output\\cohort_planograms\\iphone_cohort_detailed_flagship.png"],"timestamp":"2025-07-21T15:04:18.755474"}]
2025-07-21 15:04:18,755 - simple_runner - INFO - Job 5ca77a4b-0e4e-4665-99b4-686834163e2d: 15:04:18 | INFO     | Generating detailed product list for iPhone cohort combinations
2025-07-21 15:04:18,798 - simple_runner - INFO - Job 5ca77a4b-0e4e-4665-99b4-686834163e2d: 15:04:18 | INFO     | Generated detailed product list: output\cohort_planograms\iphone_cohort_products_flagship.txt
2025-07-21 15:04:18,798 - socketio.server - INFO - emitting event "job_status" to 5ca77a4b-0e4e-4665-99b4-686834163e2d [/]
2025-07-21 15:04:18,798 - engineio.server - INFO - YMu-nDXc-ytN3sq-AAAC: Sending packet MESSAGE data 2["job_status",{"job_id":"5ca77a4b-0e4e-4665-99b4-686834163e2d","status":"running","progress":95,"logs":["15:04:18 | INFO     | Generated detailed product list: output\\cohort_planograms\\iphone_cohort_products_flagship.txt"],"timestamp":"2025-07-21T15:04:18.798458"}]
2025-07-21 15:04:18,798 - simple_runner - INFO - Job 5ca77a4b-0e4e-4665-99b4-686834163e2d: 15:04:18 | INFO     | Successfully generated cohort planogram: output\cohort_planograms\iphone_cohort_detailed_flagship.png
2025-07-21 15:04:18,799 - simple_runner - INFO - Job 5ca77a4b-0e4e-4665-99b4-686834163e2d: Detailed product list generated: output\cohort_planograms\iphone_cohort_products_flagship.txt
2025-07-21 15:04:18,799 - simple_runner - INFO - Job 5ca77a4b-0e4e-4665-99b4-686834163e2d: SUCCESS: Cohort planogram generated: output\cohort_planograms\iphone_cohort_detailed_flagship.png
2025-07-21 15:04:18,799 - socketio.server - INFO - emitting event "job_status" to 5ca77a4b-0e4e-4665-99b4-686834163e2d [/]
2025-07-21 15:04:18,800 - engineio.server - INFO - YMu-nDXc-ytN3sq-AAAC: Sending packet MESSAGE data 2["job_status",{"job_id":"5ca77a4b-0e4e-4665-99b4-686834163e2d","status":"running","progress":95,"logs":["SUCCESS: Cohort planogram generated: output\\cohort_planograms\\iphone_cohort_detailed_flagship.png"],"timestamp":"2025-07-21T15:04:18.799750"}]
2025-07-21 15:04:18,994 - engineio.server - INFO - Server initialized for eventlet.
2025-07-21 15:04:18,998 - simple_runner - INFO - Found 2 generated files for job 5ca77a4b-0e4e-4665-99b4-686834163e2d using patterns: ['iphone_cohort_detailed_flagship', 'iphone_cohort_products_flagship', 'iphone_cohort_planogram_flagship', 'iphone_cohort_flagship']
2025-07-21 15:04:18,999 - socketio.server - INFO - emitting event "job_status" to 5ca77a4b-0e4e-4665-99b4-686834163e2d [/]
2025-07-21 15:04:18,999 - socketio.server - INFO - emitting event "optimization_complete" to 5ca77a4b-0e4e-4665-99b4-686834163e2d [/]
2025-07-21 15:04:19,939 - engineio.server - INFO - YMu-nDXc-ytN3sq-AAAC: Received packet MESSAGE data 2["leave_job",{"job_id":"5ca77a4b-0e4e-4665-99b4-686834163e2d"}]
2025-07-21 15:04:19,939 - socketio.server - INFO - received event "leave_job" from PUzxRqa_UVO8HTfTAAAD [/]
2025-07-21 15:04:19,942 - socketio.server - INFO - PUzxRqa_UVO8HTfTAAAD is leaving room 5ca77a4b-0e4e-4665-99b4-686834163e2d [/]
2025-07-21 15:04:19,942 - __main__ - INFO - Client PUzxRqa_UVO8HTfTAAAD left job room: 5ca77a4b-0e4e-4665-99b4-686834163e2d
2025-07-21 15:04:19,969 - __main__ - INFO - Job 5ca77a4b-0e4e-4665-99b4-686834163e2d: Found 0 planograms and 2 other files
2025-07-21 15:04:19,969 - __main__ - INFO - Job type: cohort, Job parameters: {'lob': 'iPhone', 'store_type': 'flagship'}
2025-07-21 15:04:19,969 - __main__ - INFO - Job patterns: ['iphone_cohort_detailed_flagship', 'iphone_cohort_products_flagship', 'iphone_cohort_planogram_flagship', 'iphone_cohort_flagship']
2025-07-21 15:04:19,970 - __main__ - INFO - Job start time: 1753090426.886797 (2025-07-21 15:03:46.886797)
2025-07-21 15:04:19,970 - __main__ - INFO - Other files: ['iphone_cohort_detailed_flagship.png', 'iphone_cohort_products_flagship.txt']
2025-07-21 15:04:19,971 - __main__ - INFO - All recent files: ['iphone_cohort_detailed_flagship.png (mtime: 2025-07-21 15:04:18.663686)', 'iphone_cohort_products_flagship.txt (mtime: 2025-07-21 15:04:18.797188)']
2025-07-21 15:04:36,935 - engineio.server - INFO - YMu-nDXc-ytN3sq-AAAC: Sending packet PING data None
2025-07-21 15:04:57,951 - engineio.server - INFO - uJmt1E5blFa0zfMWAAAE: Sending packet OPEN data {'sid': 'uJmt1E5blFa0zfMWAAAE', 'upgrades': [], 'pingTimeout': 20000, 'pingInterval': 25000, 'maxPayload': 1000000}
2025-07-21 15:04:57,953 - engineio.server - INFO - uJmt1E5blFa0zfMWAAAE: Received request to upgrade to websocket
2025-07-21 15:04:57,953 - engineio.server - INFO - uJmt1E5blFa0zfMWAAAE: Upgrade to websocket successful
2025-07-21 15:04:57,956 - engineio.server - INFO - uJmt1E5blFa0zfMWAAAE: Received packet MESSAGE data 0
2025-07-21 15:04:57,957 - __main__ - INFO - Client connected: 8O1ZXHv3ohcWqmJfAAAF
2025-07-21 15:04:57,958 - socketio.server - INFO - emitting event "connected" to 8O1ZXHv3ohcWqmJfAAAF [/]
2025-07-21 15:04:57,959 - engineio.server - INFO - uJmt1E5blFa0zfMWAAAE: Sending packet MESSAGE data 2["connected",{"message":"Connected to Planogram API"}]
2025-07-21 15:04:57,961 - engineio.server - INFO - uJmt1E5blFa0zfMWAAAE: Sending packet MESSAGE data 0{"sid":"8O1ZXHv3ohcWqmJfAAAF"}
2025-07-21 15:05:01,932 - __main__ - INFO - Client disconnected: PUzxRqa_UVO8HTfTAAAD
2025-07-21 15:05:22,961 - engineio.server - INFO - uJmt1E5blFa0zfMWAAAE: Sending packet PING data None
2025-07-21 15:05:22,977 - engineio.server - INFO - uJmt1E5blFa0zfMWAAAE: Received packet PONG data 
2025-07-21 15:05:47,986 - engineio.server - INFO - uJmt1E5blFa0zfMWAAAE: Sending packet PING data None
2025-07-21 15:05:47,989 - engineio.server - INFO - uJmt1E5blFa0zfMWAAAE: Received packet PONG data 
2025-07-21 15:06:13,003 - engineio.server - INFO - uJmt1E5blFa0zfMWAAAE: Sending packet PING data None
2025-07-21 15:06:13,004 - engineio.server - INFO - uJmt1E5blFa0zfMWAAAE: Received packet PONG data 
2025-07-21 15:06:38,018 - engineio.server - INFO - uJmt1E5blFa0zfMWAAAE: Sending packet PING data None
2025-07-21 15:06:38,020 - engineio.server - INFO - uJmt1E5blFa0zfMWAAAE: Received packet PONG data 
2025-07-21 15:07:03,022 - engineio.server - INFO - uJmt1E5blFa0zfMWAAAE: Sending packet PING data None
2025-07-21 15:07:03,023 - engineio.server - INFO - uJmt1E5blFa0zfMWAAAE: Received packet PONG data 
2025-07-21 15:07:28,035 - engineio.server - INFO - uJmt1E5blFa0zfMWAAAE: Sending packet PING data None
2025-07-21 15:07:28,038 - engineio.server - INFO - uJmt1E5blFa0zfMWAAAE: Received packet PONG data 
2025-07-21 15:07:53,043 - engineio.server - INFO - uJmt1E5blFa0zfMWAAAE: Sending packet PING data None
2025-07-21 15:07:53,044 - engineio.server - INFO - uJmt1E5blFa0zfMWAAAE: Received packet PONG data 
2025-07-21 15:08:18,058 - engineio.server - INFO - uJmt1E5blFa0zfMWAAAE: Sending packet PING data None
2025-07-21 15:08:18,060 - engineio.server - INFO - uJmt1E5blFa0zfMWAAAE: Received packet PONG data 
2025-07-21 15:08:43,074 - engineio.server - INFO - uJmt1E5blFa0zfMWAAAE: Sending packet PING data None
2025-07-21 15:08:43,076 - engineio.server - INFO - uJmt1E5blFa0zfMWAAAE: Received packet PONG data 
2025-07-21 15:09:08,078 - engineio.server - INFO - uJmt1E5blFa0zfMWAAAE: Sending packet PING data None
2025-07-21 15:09:08,079 - engineio.server - INFO - uJmt1E5blFa0zfMWAAAE: Received packet PONG data 
2025-07-21 15:09:12,375 - simple_runner - INFO - Created job b0ddf04e-dd10-4b7a-b8fb-21b75804c111 of type lob
2025-07-21 15:09:12,377 - socketio.server - INFO - emitting event "job_status" to b0ddf04e-dd10-4b7a-b8fb-21b75804c111 [/]
2025-07-21 15:09:12,408 - engineio.server - INFO - uJmt1E5blFa0zfMWAAAE: Received packet MESSAGE data 2["join_job",{"job_id":"b0ddf04e-dd10-4b7a-b8fb-21b75804c111"}]
2025-07-21 15:09:12,409 - socketio.server - INFO - received event "join_job" from 8O1ZXHv3ohcWqmJfAAAF [/]
2025-07-21 15:09:12,409 - socketio.server - INFO - 8O1ZXHv3ohcWqmJfAAAF is entering room b0ddf04e-dd10-4b7a-b8fb-21b75804c111 [/]
2025-07-21 15:09:12,410 - __main__ - INFO - Client 8O1ZXHv3ohcWqmJfAAAF joined job room: b0ddf04e-dd10-4b7a-b8fb-21b75804c111
2025-07-21 15:09:12,410 - socketio.server - INFO - emitting event "job_status" to 8O1ZXHv3ohcWqmJfAAAF [/]
2025-07-21 15:09:12,410 - engineio.server - INFO - uJmt1E5blFa0zfMWAAAE: Sending packet MESSAGE data 2["job_status",{"job_id":"b0ddf04e-dd10-4b7a-b8fb-21b75804c111","status":"running","progress":0,"logs":[]}]
2025-07-21 15:09:12,899 - engineio.server - INFO - uJmt1E5blFa0zfMWAAAE: Received packet MESSAGE data 2["get_job_status",{"job_id":"b0ddf04e-dd10-4b7a-b8fb-21b75804c111"}]
2025-07-21 15:09:12,899 - socketio.server - INFO - received event "get_job_status" from 8O1ZXHv3ohcWqmJfAAAF [/]
2025-07-21 15:09:12,899 - engineio.server - INFO - uJmt1E5blFa0zfMWAAAE: Received packet MESSAGE data 2["get_job_logs_stream",{"job_id":"b0ddf04e-dd10-4b7a-b8fb-21b75804c111","limit":50}]
2025-07-21 15:09:12,900 - socketio.server - INFO - received event "get_job_logs_stream" from 8O1ZXHv3ohcWqmJfAAAF [/]
2025-07-21 15:09:13,375 - werkzeug - INFO -  * Detected change in 'C:\\Python313\\Lib\\statistics.py', reloading
2025-07-21 15:09:13,410 - engineio.server - INFO - uJmt1E5blFa0zfMWAAAE: Received packet MESSAGE data 2["leave_job",{"job_id":"b0ddf04e-dd10-4b7a-b8fb-21b75804c111"}]
2025-07-21 15:09:13,410 - socketio.server - INFO - received event "leave_job" from 8O1ZXHv3ohcWqmJfAAAF [/]
2025-07-21 15:09:13,411 - engineio.server - INFO - uJmt1E5blFa0zfMWAAAE: Received packet MESSAGE data 2["join_job",{"job_id":"b0ddf04e-dd10-4b7a-b8fb-21b75804c111"}]
2025-07-21 15:09:13,412 - socketio.server - INFO - received event "join_job" from 8O1ZXHv3ohcWqmJfAAAF [/]
2025-07-21 15:09:13,413 - socketio.server - INFO - 8O1ZXHv3ohcWqmJfAAAF is leaving room b0ddf04e-dd10-4b7a-b8fb-21b75804c111 [/]
2025-07-21 15:09:13,413 - __main__ - INFO - Client 8O1ZXHv3ohcWqmJfAAAF left job room: b0ddf04e-dd10-4b7a-b8fb-21b75804c111
2025-07-21 15:09:13,413 - socketio.server - INFO - 8O1ZXHv3ohcWqmJfAAAF is entering room b0ddf04e-dd10-4b7a-b8fb-21b75804c111 [/]
2025-07-21 15:09:13,414 - __main__ - INFO - Client 8O1ZXHv3ohcWqmJfAAAF joined job room: b0ddf04e-dd10-4b7a-b8fb-21b75804c111
2025-07-21 15:09:13,414 - socketio.server - INFO - emitting event "job_status" to 8O1ZXHv3ohcWqmJfAAAF [/]
2025-07-21 15:09:13,414 - engineio.server - INFO - uJmt1E5blFa0zfMWAAAE: Sending packet MESSAGE data 2["job_status",{"job_id":"b0ddf04e-dd10-4b7a-b8fb-21b75804c111","status":"running","progress":0,"logs":[]}]
2025-07-21 15:09:13,425 - werkzeug - INFO -  * Detected change in 'C:\\Python313\\Lib\\unittest\\__init__.py', reloading
2025-07-21 15:09:13,425 - werkzeug - INFO -  * Detected change in 'C:\\Python313\\Lib\\unittest\\result.py', reloading
2025-07-21 15:09:13,428 - werkzeug - INFO -  * Detected change in 'C:\\Python313\\Lib\\unittest\\util.py', reloading
2025-07-21 15:09:13,429 - werkzeug - INFO -  * Detected change in 'C:\\Python313\\Lib\\unittest\\case.py', reloading
2025-07-21 15:09:13,446 - werkzeug - INFO -  * Detected change in 'C:\\Python313\\Lib\\unittest\\suite.py', reloading
2025-07-21 15:09:13,450 - werkzeug - INFO -  * Detected change in 'C:\\Python313\\Lib\\unittest\\loader.py', reloading
2025-07-21 15:09:13,452 - werkzeug - INFO -  * Detected change in 'C:\\Python313\\Lib\\unittest\\main.py', reloading
2025-07-21 15:09:13,454 - werkzeug - INFO -  * Detected change in 'C:\\Python313\\Lib\\unittest\\runner.py', reloading
2025-07-21 15:09:13,456 - werkzeug - INFO -  * Detected change in 'C:\\Python313\\Lib\\unittest\\signals.py', reloading
2025-07-21 15:09:13,541 - werkzeug - INFO -  * Detected change in 'C:\\Python313\\Lib\\fileinput.py', reloading
2025-07-21 15:09:13,897 - werkzeug - INFO -  * Restarting with watchdog (windowsapi)
2025-07-21 15:09:15,110 - engineio.server - INFO - Server initialized for eventlet.
2025-07-21 15:09:15,124 - __main__ - INFO - Starting simplified Planogram Web UI backend
2025-07-21 15:09:15,124 - __main__ - INFO - Project root: C:\Users\Shivansh Pal\Desktop\Planogram_Project
2025-07-21 15:09:15,146 - werkzeug - WARNING -  * Debugger is active!
2025-07-21 15:09:15,152 - werkzeug - INFO -  * Debugger PIN: 567-306-382
2025-07-21 15:09:15,681 - engineio.server - INFO - xdaMEEtNL6wo3rqFAAAA: Sending packet OPEN data {'sid': 'xdaMEEtNL6wo3rqFAAAA', 'upgrades': [], 'pingTimeout': 20000, 'pingInterval': 25000, 'maxPayload': 1000000}
2025-07-21 15:09:15,682 - engineio.server - INFO - xdaMEEtNL6wo3rqFAAAA: Received request to upgrade to websocket
2025-07-21 15:09:15,682 - engineio.server - INFO - xdaMEEtNL6wo3rqFAAAA: Upgrade to websocket successful
2025-07-21 15:09:15,684 - engineio.server - INFO - xdaMEEtNL6wo3rqFAAAA: Received packet MESSAGE data 0
2025-07-21 15:09:15,684 - __main__ - INFO - Client connected: a3i9cV1YSlCYFWduAAAB
2025-07-21 15:09:15,685 - socketio.server - INFO - emitting event "connected" to a3i9cV1YSlCYFWduAAAB [/]
2025-07-21 15:09:15,685 - engineio.server - INFO - xdaMEEtNL6wo3rqFAAAA: Sending packet MESSAGE data 2["connected",{"message":"Connected to Planogram API"}]
2025-07-21 15:09:15,685 - engineio.server - INFO - xdaMEEtNL6wo3rqFAAAA: Sending packet MESSAGE data 0{"sid":"a3i9cV1YSlCYFWduAAAB"}
2025-07-21 15:09:23,459 - engineio.server - INFO - xdaMEEtNL6wo3rqFAAAA: Received packet MESSAGE data 2["leave_job",{"job_id":"b0ddf04e-dd10-4b7a-b8fb-21b75804c111"}]
2025-07-21 15:09:23,460 - socketio.server - INFO - received event "leave_job" from a3i9cV1YSlCYFWduAAAB [/]
2025-07-21 15:09:23,461 - socketio.server - INFO - a3i9cV1YSlCYFWduAAAB is leaving room b0ddf04e-dd10-4b7a-b8fb-21b75804c111 [/]
2025-07-21 15:09:23,461 - __main__ - INFO - Client a3i9cV1YSlCYFWduAAAB left job room: b0ddf04e-dd10-4b7a-b8fb-21b75804c111
2025-07-21 15:09:29,170 - simple_runner - INFO - Created job 2c935d87-3747-465b-938d-441242f5df12 of type lob
2025-07-21 15:09:29,173 - socketio.server - INFO - emitting event "job_status" to 2c935d87-3747-465b-938d-441242f5df12 [/]
2025-07-21 15:09:29,197 - engineio.server - INFO - xdaMEEtNL6wo3rqFAAAA: Received packet MESSAGE data 2["join_job",{"job_id":"2c935d87-3747-465b-938d-441242f5df12"}]
2025-07-21 15:09:29,197 - socketio.server - INFO - received event "join_job" from a3i9cV1YSlCYFWduAAAB [/]
2025-07-21 15:09:29,198 - socketio.server - INFO - a3i9cV1YSlCYFWduAAAB is entering room 2c935d87-3747-465b-938d-441242f5df12 [/]
2025-07-21 15:09:29,198 - __main__ - INFO - Client a3i9cV1YSlCYFWduAAAB joined job room: 2c935d87-3747-465b-938d-441242f5df12
2025-07-21 15:09:29,198 - socketio.server - INFO - emitting event "job_status" to a3i9cV1YSlCYFWduAAAB [/]
2025-07-21 15:09:29,199 - engineio.server - INFO - xdaMEEtNL6wo3rqFAAAA: Sending packet MESSAGE data 2["job_status",{"job_id":"2c935d87-3747-465b-938d-441242f5df12","status":"running","progress":0,"logs":[]}]
2025-07-21 15:09:29,694 - engineio.server - INFO - xdaMEEtNL6wo3rqFAAAA: Received packet MESSAGE data 2["get_job_status",{"job_id":"2c935d87-3747-465b-938d-441242f5df12"}]
2025-07-21 15:09:29,694 - socketio.server - INFO - received event "get_job_status" from a3i9cV1YSlCYFWduAAAB [/]
2025-07-21 15:09:29,694 - engineio.server - INFO - xdaMEEtNL6wo3rqFAAAA: Received packet MESSAGE data 2["get_job_logs_stream",{"job_id":"2c935d87-3747-465b-938d-441242f5df12","limit":50}]
2025-07-21 15:09:29,694 - socketio.server - INFO - received event "get_job_logs_stream" from a3i9cV1YSlCYFWduAAAB [/]
2025-07-21 15:09:30,193 - engineio.server - INFO - xdaMEEtNL6wo3rqFAAAA: Received packet MESSAGE data 2["leave_job",{"job_id":"2c935d87-3747-465b-938d-441242f5df12"}]
2025-07-21 15:09:30,193 - socketio.server - INFO - received event "leave_job" from a3i9cV1YSlCYFWduAAAB [/]
2025-07-21 15:09:30,194 - engineio.server - INFO - xdaMEEtNL6wo3rqFAAAA: Received packet MESSAGE data 2["join_job",{"job_id":"2c935d87-3747-465b-938d-441242f5df12"}]
2025-07-21 15:09:30,194 - socketio.server - INFO - received event "join_job" from a3i9cV1YSlCYFWduAAAB [/]
2025-07-21 15:09:30,195 - socketio.server - INFO - a3i9cV1YSlCYFWduAAAB is leaving room 2c935d87-3747-465b-938d-441242f5df12 [/]
2025-07-21 15:09:30,195 - __main__ - INFO - Client a3i9cV1YSlCYFWduAAAB left job room: 2c935d87-3747-465b-938d-441242f5df12
2025-07-21 15:09:30,196 - socketio.server - INFO - a3i9cV1YSlCYFWduAAAB is entering room 2c935d87-3747-465b-938d-441242f5df12 [/]
2025-07-21 15:09:30,196 - __main__ - INFO - Client a3i9cV1YSlCYFWduAAAB joined job room: 2c935d87-3747-465b-938d-441242f5df12
2025-07-21 15:09:30,197 - socketio.server - INFO - emitting event "job_status" to a3i9cV1YSlCYFWduAAAB [/]
2025-07-21 15:09:30,197 - engineio.server - INFO - xdaMEEtNL6wo3rqFAAAA: Sending packet MESSAGE data 2["job_status",{"job_id":"2c935d87-3747-465b-938d-441242f5df12","status":"running","progress":0,"logs":[]}]
2025-07-21 15:09:30,613 - simple_runner - INFO - Job 2c935d87-3747-465b-938d-441242f5df12: ============================================================
2025-07-21 15:09:30,613 - socketio.server - INFO - emitting event "job_status" to 2c935d87-3747-465b-938d-441242f5df12 [/]
2025-07-21 15:09:30,614 - engineio.server - INFO - xdaMEEtNL6wo3rqFAAAA: Sending packet MESSAGE data 2["job_status",{"job_id":"2c935d87-3747-465b-938d-441242f5df12","status":"running","progress":25,"logs":["============================================================"],"timestamp":"2025-07-21T15:09:30.613858"}]
2025-07-21 15:09:30,614 - simple_runner - INFO - Job 2c935d87-3747-465b-938d-441242f5df12: APPLE PLANOGRAM OPTIMIZATION SYSTEM
2025-07-21 15:09:30,614 - simple_runner - INFO - Job 2c935d87-3747-465b-938d-441242f5df12: ============================================================
2025-07-21 15:09:30,614 - simple_runner - INFO - Job 2c935d87-3747-465b-938d-441242f5df12: 15:09:30 | INFO     | Logging initialized. Log file: logs\planogram_20250721.log
2025-07-21 15:09:30,615 - simple_runner - INFO - Job 2c935d87-3747-465b-938d-441242f5df12: Select optimization type:
2025-07-21 15:09:30,615 - simple_runner - INFO - Job 2c935d87-3747-465b-938d-441242f5df12: 1. Cohort Planogram (Generate cohort-based planograms)
2025-07-21 15:09:30,615 - simple_runner - INFO - Job 2c935d87-3747-465b-938d-441242f5df12: 2. Line of Business (iPhone, iPad, Mac, etc.)
2025-07-21 15:09:30,615 - simple_runner - INFO - Job 2c935d87-3747-465b-938d-441242f5df12: 3. All Products (Full store optimization)
2025-07-21 15:09:30,615 - simple_runner - INFO - Job 2c935d87-3747-465b-938d-441242f5df12: Enter your choice (1-3):
2025-07-21 15:09:30,616 - simple_runner - INFO - Job 2c935d87-3747-465b-938d-441242f5df12: Available Lines of Business:
2025-07-21 15:09:30,616 - simple_runner - INFO - Job 2c935d87-3747-465b-938d-441242f5df12: 1. iPhone Accessories
2025-07-21 15:09:30,616 - simple_runner - INFO - Job 2c935d87-3747-465b-938d-441242f5df12: 2. iPad Accessories
2025-07-21 15:09:30,616 - simple_runner - INFO - Job 2c935d87-3747-465b-938d-441242f5df12: 3. Mac Accessories
2025-07-21 15:09:30,616 - simple_runner - INFO - Job 2c935d87-3747-465b-938d-441242f5df12: 4. Apple Watch Accessories
2025-07-21 15:09:30,617 - simple_runner - INFO - Job 2c935d87-3747-465b-938d-441242f5df12: Select LOB (1-4):
2025-07-21 15:09:30,617 - simple_runner - INFO - Job 2c935d87-3747-465b-938d-441242f5df12: Available store types:
2025-07-21 15:09:30,617 - simple_runner - INFO - Job 2c935d87-3747-465b-938d-441242f5df12: 1. Express Store
2025-07-21 15:09:30,617 - simple_runner - INFO - Job 2c935d87-3747-465b-938d-441242f5df12: 2. Flagship Store
2025-07-21 15:09:30,617 - simple_runner - INFO - Job 2c935d87-3747-465b-938d-441242f5df12: 3. Standard Store
2025-07-21 15:09:30,618 - simple_runner - INFO - Job 2c935d87-3747-465b-938d-441242f5df12: Select store type (1-3): 15:09:30 | INFO     | Loading iPhone Accessories...
2025-07-21 15:09:30,652 - simple_runner - INFO - Job 2c935d87-3747-465b-938d-441242f5df12: Loaded 399 iPhone products exclusively from cases_sales.csv
2025-07-21 15:09:30,652 - simple_runner - INFO - Job 2c935d87-3747-465b-938d-441242f5df12: 15:09:30 | INFO     | Loaded 399 products for iPhone Accessories
2025-07-21 15:09:30,696 - engineio.server - INFO - xdaMEEtNL6wo3rqFAAAA: Received packet MESSAGE data 2["get_job_status",{"job_id":"2c935d87-3747-465b-938d-441242f5df12"}]
2025-07-21 15:09:30,696 - socketio.server - INFO - received event "get_job_status" from a3i9cV1YSlCYFWduAAAB [/]
2025-07-21 15:09:30,696 - engineio.server - INFO - xdaMEEtNL6wo3rqFAAAA: Received packet MESSAGE data 2["get_job_logs_stream",{"job_id":"2c935d87-3747-465b-938d-441242f5df12","limit":50}]
2025-07-21 15:09:30,697 - socketio.server - INFO - received event "get_job_logs_stream" from a3i9cV1YSlCYFWduAAAB [/]
2025-07-21 15:09:30,711 - simple_runner - INFO - Job 2c935d87-3747-465b-938d-441242f5df12: Data validation found 3 issues
2025-07-21 15:09:30,711 - simple_runner - INFO - Job 2c935d87-3747-465b-938d-441242f5df12: 15:09:30 | INFO     | Enriched products with cohort data
2025-07-21 15:09:30,714 - simple_runner - INFO - Job 2c935d87-3747-465b-938d-441242f5df12: 15:09:30 | INFO     | Loaded 54 bundle recommendations
2025-07-21 15:09:30,720 - simple_runner - INFO - Job 2c935d87-3747-465b-938d-441242f5df12: 15:09:30 | INFO     | Running optimization...
2025-07-21 15:09:30,720 - simple_runner - INFO - Job 2c935d87-3747-465b-938d-441242f5df12: 15:09:30 | INFO     | Starting optimization with 344 products
2025-07-21 15:09:30,720 - simple_runner - INFO - Job 2c935d87-3747-465b-938d-441242f5df12: DEBUG: _reset_shelves() called - clearing all shelf positions
2025-07-21 15:09:30,720 - simple_runner - INFO - Job 2c935d87-3747-465b-938d-441242f5df12: 15:09:30 | INFO     | After store filtering: 344 products
2025-07-21 15:09:30,720 - simple_runner - INFO - Job 2c935d87-3747-465b-938d-441242f5df12: 15:09:30 | INFO     | Running bundle-based optimization
2025-07-21 15:09:30,783 - simple_runner - INFO - Job 2c935d87-3747-465b-938d-441242f5df12: 15:09:30 | INFO     | Extracted 0 bundle groups
2025-07-21 15:09:30,786 - simple_runner - INFO - Job 2c935d87-3747-465b-938d-441242f5df12: DEBUG: _place_product_on_shelf called: Gripp Clear MagSafe Case for A -> Apple Premium Row 1, 1 facings
2025-07-21 15:09:30,786 - simple_runner - INFO - Job 2c935d87-3747-465b-938d-441242f5df12: DEBUG: Successfully added position to shelf. Shelf now has 1 positions
2025-07-21 15:09:30,786 - simple_runner - INFO - Job 2c935d87-3747-465b-938d-441242f5df12: DEBUG: _place_product_on_shelf called: iPhone 16 Pro Max Clear Case w -> Apple Premium Row 1, 1 facings
2025-07-21 15:09:30,786 - simple_runner - INFO - Job 2c935d87-3747-465b-938d-441242f5df12: DEBUG: Successfully added position to shelf. Shelf now has 2 positions
2025-07-21 15:09:30,786 - simple_runner - INFO - Job 2c935d87-3747-465b-938d-441242f5df12: DEBUG: _place_product_on_shelf called: Pulse CRYSTAL Case with Metal  -> Apple Premium Row 1, 1 facings
2025-07-21 15:09:30,786 - simple_runner - INFO - Job 2c935d87-3747-465b-938d-441242f5df12: DEBUG: Successfully added position to shelf. Shelf now has 3 positions
2025-07-21 15:09:30,787 - simple_runner - INFO - Job 2c935d87-3747-465b-938d-441242f5df12: DEBUG: _place_product_on_shelf called: iPhone 16 Pro Clear Case with  -> Apple Premium Row 1, 1 facings
2025-07-21 15:09:30,787 - simple_runner - INFO - Job 2c935d87-3747-465b-938d-441242f5df12: DEBUG: Successfully added position to shelf. Shelf now has 4 positions
2025-07-21 15:09:30,788 - simple_runner - INFO - Job 2c935d87-3747-465b-938d-441242f5df12: DEBUG: _place_product_on_shelf called: Pulse Super crystal magsafe ca -> Apple Premium Row 1, 1 facings
2025-07-21 15:09:30,788 - simple_runner - INFO - Job 2c935d87-3747-465b-938d-441242f5df12: DEBUG: Successfully added position to shelf. Shelf now has 5 positions
2025-07-21 15:09:30,788 - simple_runner - INFO - Job 2c935d87-3747-465b-938d-441242f5df12: DEBUG: _place_product_on_shelf called: Pulse Newton Magsafe Case for  -> Apple Premium Row 2, 1 facings
2025-07-21 15:09:30,788 - simple_runner - INFO - Job 2c935d87-3747-465b-938d-441242f5df12: DEBUG: Successfully added position to shelf. Shelf now has 1 positions
2025-07-21 15:09:30,788 - simple_runner - INFO - Job 2c935d87-3747-465b-938d-441242f5df12: DEBUG: _place_product_on_shelf called: Pulse LIQUID silicon case for  -> Apple Premium Row 3, 1 facings
2025-07-21 15:09:30,788 - simple_runner - INFO - Job 2c935d87-3747-465b-938d-441242f5df12: DEBUG: Successfully added position to shelf. Shelf now has 1 positions
2025-07-21 15:09:30,788 - simple_runner - INFO - Job 2c935d87-3747-465b-938d-441242f5df12: DEBUG: _place_product_on_shelf called: Pulse THOR Leather case for iP -> Apple Premium Row 2, 1 facings
2025-07-21 15:09:30,788 - simple_runner - INFO - Job 2c935d87-3747-465b-938d-441242f5df12: DEBUG: Successfully added position to shelf. Shelf now has 2 positions
2025-07-21 15:09:30,789 - simple_runner - INFO - Job 2c935d87-3747-465b-938d-441242f5df12: DEBUG: _place_product_on_shelf called: Pulse LIQUID silicon case for  -> Apple Premium Row 3, 1 facings
2025-07-21 15:09:30,789 - simple_runner - INFO - Job 2c935d87-3747-465b-938d-441242f5df12: DEBUG: Successfully added position to shelf. Shelf now has 2 positions
2025-07-21 15:09:30,789 - simple_runner - INFO - Job 2c935d87-3747-465b-938d-441242f5df12: DEBUG: _place_product_on_shelf called: Pulse Tire magsafe case for iP -> Apple Premium Row 2, 1 facings
2025-07-21 15:09:30,789 - simple_runner - INFO - Job 2c935d87-3747-465b-938d-441242f5df12: DEBUG: Successfully added position to shelf. Shelf now has 3 positions
2025-07-21 15:09:30,789 - simple_runner - INFO - Job 2c935d87-3747-465b-938d-441242f5df12: DEBUG: _place_product_on_shelf called: Pulse HORNOR Case for iPhone 1 -> Apple Premium Row 3, 1 facings
2025-07-21 15:09:30,789 - simple_runner - INFO - Job 2c935d87-3747-465b-938d-441242f5df12: DEBUG: Successfully added position to shelf. Shelf now has 3 positions
2025-07-21 15:09:30,790 - simple_runner - INFO - Job 2c935d87-3747-465b-938d-441242f5df12: DEBUG: _place_product_on_shelf called: Pulse THOR Leather case for iP -> Apple Premium Row 2, 1 facings
2025-07-21 15:09:30,790 - simple_runner - INFO - Job 2c935d87-3747-465b-938d-441242f5df12: DEBUG: Successfully added position to shelf. Shelf now has 4 positions
2025-07-21 15:09:30,790 - simple_runner - INFO - Job 2c935d87-3747-465b-938d-441242f5df12: DEBUG: _place_product_on_shelf called: Pulse Newton Magsafe Case for  -> Apple Premium Row 3, 1 facings
2025-07-21 15:09:30,790 - simple_runner - INFO - Job 2c935d87-3747-465b-938d-441242f5df12: DEBUG: Successfully added position to shelf. Shelf now has 4 positions
2025-07-21 15:09:30,790 - simple_runner - INFO - Job 2c935d87-3747-465b-938d-441242f5df12: DEBUG: _place_product_on_shelf called: Pulse FROSTED Case for iPhone  -> Apple Premium Row 2, 1 facings
2025-07-21 15:09:30,790 - simple_runner - INFO - Job 2c935d87-3747-465b-938d-441242f5df12: DEBUG: Successfully added position to shelf. Shelf now has 5 positions
2025-07-21 15:09:30,791 - simple_runner - INFO - Job 2c935d87-3747-465b-938d-441242f5df12: DEBUG: _place_product_on_shelf called: PULSE Matt Magsafe Case for iP -> Apple Premium Row 3, 1 facings
2025-07-21 15:09:30,791 - simple_runner - INFO - Job 2c935d87-3747-465b-938d-441242f5df12: DEBUG: Successfully added position to shelf. Shelf now has 5 positions
2025-07-21 15:09:30,791 - simple_runner - INFO - Job 2c935d87-3747-465b-938d-441242f5df12: [TIMER] optimize took 0.07s
2025-07-21 15:09:30,791 - simple_runner - INFO - Job 2c935d87-3747-465b-938d-441242f5df12: 15:09:30 | INFO     | Optimization completed in 0.07s
2025-07-21 15:09:30,791 - simple_runner - INFO - Job 2c935d87-3747-465b-938d-441242f5df12: 15:09:30 | INFO     | Placed 15 products with 15 facings
2025-07-21 15:09:30,791 - simple_runner - INFO - Job 2c935d87-3747-465b-938d-441242f5df12: 15:09:30 | INFO     | Generating clean planogram for LOB 'iPhone' with store 'Express Store Template'.
2025-07-21 15:09:30,791 - simple_runner - INFO - Job 2c935d87-3747-465b-938d-441242f5df12: 15:09:30 | INFO     | Found 13 products for IPHONE planogram generation.
2025-07-21 15:09:30,792 - simple_runner - INFO - Job 2c935d87-3747-465b-938d-441242f5df12: 15:09:30 | INFO     | Generating iPhone planogram for store 'Express Store Template'.
2025-07-21 15:09:30,792 - simple_runner - INFO - Job 2c935d87-3747-465b-938d-441242f5df12: 15:09:30 | INFO     | Found 13 Apple and 95 TPA products.
2025-07-21 15:09:30,792 - simple_runner - INFO - Job 2c935d87-3747-465b-938d-441242f5df12: 15:09:30 | INFO     | Calculated 5 products per row (shelf: 67.0cm, avg product: 11.0cm)
2025-07-21 15:09:30,792 - simple_runner - INFO - Job 2c935d87-3747-465b-938d-441242f5df12: 15:09:30 | INFO     | Creating Part 1: iPhone Pro & Pro Max series
2025-07-21 15:09:31,208 - simple_runner - INFO - Job 2c935d87-3747-465b-938d-441242f5df12: 15:09:31 | INFO     | Saved iPhone planogram to output/iPhone_Express_Store_Template_planogram_part1.png
2025-07-21 15:09:31,209 - socketio.server - INFO - emitting event "job_status" to 2c935d87-3747-465b-938d-441242f5df12 [/]
2025-07-21 15:09:31,209 - engineio.server - INFO - xdaMEEtNL6wo3rqFAAAA: Sending packet MESSAGE data 2["job_status",{"job_id":"2c935d87-3747-465b-938d-441242f5df12","status":"running","progress":95,"logs":["15:09:31 | INFO     | Saved iPhone planogram to output/iPhone_Express_Store_Template_planogram_part1.png"],"timestamp":"2025-07-21T15:09:31.209083"}]
2025-07-21 15:09:31,209 - simple_runner - INFO - Job 2c935d87-3747-465b-938d-441242f5df12: 15:09:31 | INFO     | Creating Part 2: iPhone Plus & Base series
2025-07-21 15:09:31,585 - simple_runner - INFO - Job 2c935d87-3747-465b-938d-441242f5df12: 15:09:31 | INFO     | Saved iPhone planogram to output/iPhone_Express_Store_Template_planogram_part2.png
2025-07-21 15:09:31,585 - socketio.server - INFO - emitting event "job_status" to 2c935d87-3747-465b-938d-441242f5df12 [/]
2025-07-21 15:09:31,586 - engineio.server - INFO - xdaMEEtNL6wo3rqFAAAA: Sending packet MESSAGE data 2["job_status",{"job_id":"2c935d87-3747-465b-938d-441242f5df12","status":"running","progress":95,"logs":["15:09:31 | INFO     | Saved iPhone planogram to output/iPhone_Express_Store_Template_planogram_part2.png"],"timestamp":"2025-07-21T15:09:31.585809"}]
2025-07-21 15:09:31,589 - simple_runner - INFO - Job 2c935d87-3747-465b-938d-441242f5df12: Clean planogram generated and saved in output directory.
2025-07-21 15:09:31,826 - engineio.server - INFO - Server initialized for eventlet.
2025-07-21 15:09:31,836 - simple_runner - INFO - Found 0 generated files for job 2c935d87-3747-465b-938d-441242f5df12 using patterns: ['iPhone_flagship_balanced', 'iphone_flagship_balanced', 'iPhone_flagship', 'iphone_flagship']
2025-07-21 15:09:31,836 - socketio.server - INFO - emitting event "job_status" to 2c935d87-3747-465b-938d-441242f5df12 [/]
2025-07-21 15:09:31,837 - socketio.server - INFO - emitting event "optimization_complete" to 2c935d87-3747-465b-938d-441242f5df12 [/]
2025-07-21 15:09:32,232 - engineio.server - INFO - xdaMEEtNL6wo3rqFAAAA: Received packet MESSAGE data 2["leave_job",{"job_id":"2c935d87-3747-465b-938d-441242f5df12"}]
2025-07-21 15:09:32,232 - socketio.server - INFO - received event "leave_job" from a3i9cV1YSlCYFWduAAAB [/]
2025-07-21 15:09:32,232 - socketio.server - INFO - a3i9cV1YSlCYFWduAAAB is leaving room 2c935d87-3747-465b-938d-441242f5df12 [/]
2025-07-21 15:09:32,233 - __main__ - INFO - Client a3i9cV1YSlCYFWduAAAB left job room: 2c935d87-3747-465b-938d-441242f5df12
2025-07-21 15:09:32,267 - __main__ - INFO - Job 2c935d87-3747-465b-938d-441242f5df12: Found 0 planograms and 0 other files
2025-07-21 15:09:32,268 - __main__ - INFO - Job type: lob, Job parameters: {'lob': 'iPhone', 'store_type': 'flagship', 'strategy': 'balanced'}
2025-07-21 15:09:32,268 - __main__ - INFO - Job patterns: ['iPhone_flagship_balanced', 'iphone_flagship_balanced', 'iPhone_flagship', 'iphone_flagship']
2025-07-21 15:09:32,269 - __main__ - INFO - Job start time: 1753090739.17104 (2025-07-21 15:08:59.171040)
2025-07-21 15:09:32,269 - __main__ - INFO - All recent files: ['iPhone_Express_Store_Template_planogram_part1.png (mtime: 2025-07-21 15:09:31.153401)', 'iPhone_Express_Store_Template_planogram_part2.png (mtime: 2025-07-21 15:09:31.542585)']
2025-07-21 15:09:32,269 - __main__ - WARNING - No matching files found. Listing all recent files for debugging:
2025-07-21 15:09:32,270 - __main__ - INFO -   iPhone_Express_Store_Template_planogram_part1.png: mtime=2025-07-21 15:09:31.153401, matches=False, recent=True
2025-07-21 15:09:32,270 - __main__ - INFO -   iPhone_Express_Store_Template_planogram_part2.png: mtime=2025-07-21 15:09:31.542585, matches=False, recent=True
2025-07-21 15:09:32,271 - __main__ - INFO -   iphone_cohort_detailed_flagship.png: mtime=2025-07-21 15:04:18.663686, matches=False, recent=False
2025-07-21 15:09:32,271 - __main__ - INFO -   iphone_cohort_products_flagship.txt: mtime=2025-07-21 15:04:18.797188, matches=False, recent=False
2025-07-21 15:09:40,699 - engineio.server - INFO - xdaMEEtNL6wo3rqFAAAA: Sending packet PING data None
2025-07-21 15:10:03,709 - engineio.server - INFO - _sxb5r1VPg05P8YwAAAC: Sending packet OPEN data {'sid': '_sxb5r1VPg05P8YwAAAC', 'upgrades': [], 'pingTimeout': 20000, 'pingInterval': 25000, 'maxPayload': 1000000}
2025-07-21 15:10:03,710 - engineio.server - INFO - _sxb5r1VPg05P8YwAAAC: Received request to upgrade to websocket
2025-07-21 15:10:03,711 - engineio.server - INFO - _sxb5r1VPg05P8YwAAAC: Upgrade to websocket successful
2025-07-21 15:10:03,714 - engineio.server - INFO - _sxb5r1VPg05P8YwAAAC: Received packet MESSAGE data 0
2025-07-21 15:10:03,716 - __main__ - INFO - Client connected: LOwyvE0iH_WFn3DgAAAD
2025-07-21 15:10:03,716 - socketio.server - INFO - emitting event "connected" to LOwyvE0iH_WFn3DgAAAD [/]
2025-07-21 15:10:03,717 - engineio.server - INFO - _sxb5r1VPg05P8YwAAAC: Sending packet MESSAGE data 2["connected",{"message":"Connected to Planogram API"}]
2025-07-21 15:10:03,718 - engineio.server - INFO - _sxb5r1VPg05P8YwAAAC: Sending packet MESSAGE data 0{"sid":"LOwyvE0iH_WFn3DgAAAD"}
2025-07-21 15:10:15,213 - __main__ - INFO - Client disconnected: a3i9cV1YSlCYFWduAAAB
2025-07-21 15:10:28,715 - engineio.server - INFO - _sxb5r1VPg05P8YwAAAC: Sending packet PING data None
2025-07-21 15:10:28,717 - engineio.server - INFO - _sxb5r1VPg05P8YwAAAC: Received packet PONG data 
2025-07-21 15:10:53,725 - engineio.server - INFO - _sxb5r1VPg05P8YwAAAC: Sending packet PING data None
2025-07-21 15:10:53,726 - engineio.server - INFO - _sxb5r1VPg05P8YwAAAC: Received packet PONG data 
2025-07-21 15:11:18,740 - engineio.server - INFO - _sxb5r1VPg05P8YwAAAC: Sending packet PING data None
2025-07-21 15:11:18,741 - engineio.server - INFO - _sxb5r1VPg05P8YwAAAC: Received packet PONG data 
2025-07-21 15:11:43,752 - engineio.server - INFO - _sxb5r1VPg05P8YwAAAC: Sending packet PING data None
2025-07-21 15:11:43,756 - engineio.server - INFO - _sxb5r1VPg05P8YwAAAC: Received packet PONG data 
2025-07-21 15:12:08,770 - engineio.server - INFO - _sxb5r1VPg05P8YwAAAC: Sending packet PING data None
2025-07-21 15:12:08,771 - engineio.server - INFO - _sxb5r1VPg05P8YwAAAC: Received packet PONG data 
2025-07-21 15:12:33,777 - engineio.server - INFO - _sxb5r1VPg05P8YwAAAC: Sending packet PING data None
2025-07-21 15:12:33,779 - engineio.server - INFO - _sxb5r1VPg05P8YwAAAC: Received packet PONG data 
2025-07-21 15:12:58,781 - engineio.server - INFO - _sxb5r1VPg05P8YwAAAC: Sending packet PING data None
2025-07-21 15:12:58,782 - engineio.server - INFO - _sxb5r1VPg05P8YwAAAC: Received packet PONG data 
2025-07-21 15:13:23,794 - engineio.server - INFO - _sxb5r1VPg05P8YwAAAC: Sending packet PING data None
2025-07-21 15:13:23,796 - engineio.server - INFO - _sxb5r1VPg05P8YwAAAC: Received packet PONG data 
2025-07-21 15:13:48,810 - engineio.server - INFO - _sxb5r1VPg05P8YwAAAC: Sending packet PING data None
2025-07-21 15:13:48,812 - engineio.server - INFO - _sxb5r1VPg05P8YwAAAC: Received packet PONG data 
2025-07-21 15:14:13,828 - engineio.server - INFO - _sxb5r1VPg05P8YwAAAC: Sending packet PING data None
2025-07-21 15:14:13,829 - engineio.server - INFO - _sxb5r1VPg05P8YwAAAC: Received packet PONG data 
2025-07-21 15:14:38,844 - engineio.server - INFO - _sxb5r1VPg05P8YwAAAC: Sending packet PING data None
2025-07-21 15:14:38,846 - engineio.server - INFO - _sxb5r1VPg05P8YwAAAC: Received packet PONG data 
2025-07-21 15:15:03,850 - engineio.server - INFO - _sxb5r1VPg05P8YwAAAC: Sending packet PING data None
2025-07-21 15:15:03,853 - engineio.server - INFO - _sxb5r1VPg05P8YwAAAC: Received packet PONG data 
2025-07-21 15:15:28,861 - engineio.server - INFO - _sxb5r1VPg05P8YwAAAC: Sending packet PING data None
2025-07-21 15:15:28,863 - engineio.server - INFO - _sxb5r1VPg05P8YwAAAC: Received packet PONG data 
2025-07-21 15:15:53,871 - engineio.server - INFO - _sxb5r1VPg05P8YwAAAC: Sending packet PING data None
2025-07-21 15:15:53,873 - engineio.server - INFO - _sxb5r1VPg05P8YwAAAC: Received packet PONG data 
2025-07-21 15:16:18,887 - engineio.server - INFO - _sxb5r1VPg05P8YwAAAC: Sending packet PING data None
2025-07-21 15:16:18,888 - engineio.server - INFO - _sxb5r1VPg05P8YwAAAC: Received packet PONG data 
2025-07-21 15:16:43,903 - engineio.server - INFO - _sxb5r1VPg05P8YwAAAC: Sending packet PING data None
2025-07-21 15:16:43,904 - engineio.server - INFO - _sxb5r1VPg05P8YwAAAC: Received packet PONG data 
2025-07-21 15:17:08,905 - engineio.server - INFO - _sxb5r1VPg05P8YwAAAC: Sending packet PING data None
2025-07-21 15:17:08,908 - engineio.server - INFO - _sxb5r1VPg05P8YwAAAC: Received packet PONG data 
2025-07-21 15:17:33,920 - engineio.server - INFO - _sxb5r1VPg05P8YwAAAC: Sending packet PING data None
2025-07-21 15:17:33,921 - engineio.server - INFO - _sxb5r1VPg05P8YwAAAC: Received packet PONG data 
2025-07-21 15:17:58,923 - engineio.server - INFO - _sxb5r1VPg05P8YwAAAC: Sending packet PING data None
2025-07-21 15:17:58,925 - engineio.server - INFO - _sxb5r1VPg05P8YwAAAC: Received packet PONG data 
2025-07-21 15:18:23,927 - engineio.server - INFO - _sxb5r1VPg05P8YwAAAC: Sending packet PING data None
2025-07-21 15:18:23,930 - engineio.server - INFO - _sxb5r1VPg05P8YwAAAC: Received packet PONG data 
2025-07-21 15:18:48,934 - engineio.server - INFO - _sxb5r1VPg05P8YwAAAC: Sending packet PING data None
2025-07-21 15:18:48,935 - engineio.server - INFO - _sxb5r1VPg05P8YwAAAC: Received packet PONG data 
2025-07-21 15:19:00,669 - simple_runner - INFO - Created job 5fb45f4a-4fbe-438a-85fa-61e3c9182bd4 of type cohort
2025-07-21 15:19:00,671 - socketio.server - INFO - emitting event "job_status" to 5fb45f4a-4fbe-438a-85fa-61e3c9182bd4 [/]
2025-07-21 15:19:00,696 - engineio.server - INFO - _sxb5r1VPg05P8YwAAAC: Received packet MESSAGE data 2["join_job",{"job_id":"5fb45f4a-4fbe-438a-85fa-61e3c9182bd4"}]
2025-07-21 15:19:00,697 - socketio.server - INFO - received event "join_job" from LOwyvE0iH_WFn3DgAAAD [/]
2025-07-21 15:19:00,698 - socketio.server - INFO - LOwyvE0iH_WFn3DgAAAD is entering room 5fb45f4a-4fbe-438a-85fa-61e3c9182bd4 [/]
2025-07-21 15:19:00,698 - __main__ - INFO - Client LOwyvE0iH_WFn3DgAAAD joined job room: 5fb45f4a-4fbe-438a-85fa-61e3c9182bd4
2025-07-21 15:19:00,698 - socketio.server - INFO - emitting event "job_status" to LOwyvE0iH_WFn3DgAAAD [/]
2025-07-21 15:19:00,699 - engineio.server - INFO - _sxb5r1VPg05P8YwAAAC: Sending packet MESSAGE data 2["job_status",{"job_id":"5fb45f4a-4fbe-438a-85fa-61e3c9182bd4","status":"running","progress":0,"logs":[]}]
2025-07-21 15:19:01,192 - engineio.server - INFO - _sxb5r1VPg05P8YwAAAC: Received packet MESSAGE data 2["get_job_status",{"job_id":"5fb45f4a-4fbe-438a-85fa-61e3c9182bd4"}]
2025-07-21 15:19:01,193 - socketio.server - INFO - received event "get_job_status" from LOwyvE0iH_WFn3DgAAAD [/]
2025-07-21 15:19:01,193 - engineio.server - INFO - _sxb5r1VPg05P8YwAAAC: Received packet MESSAGE data 2["get_job_logs_stream",{"job_id":"5fb45f4a-4fbe-438a-85fa-61e3c9182bd4","limit":50}]
2025-07-21 15:19:01,193 - socketio.server - INFO - received event "get_job_logs_stream" from LOwyvE0iH_WFn3DgAAAD [/]
2025-07-21 15:19:01,459 - simple_runner - INFO - Job 5fb45f4a-4fbe-438a-85fa-61e3c9182bd4: 15:19:01 | INFO     | Starting cohort planogram generation for Mac - flagship
2025-07-21 15:19:01,481 - simple_runner - INFO - Job 5fb45f4a-4fbe-438a-85fa-61e3c9182bd4: 15:19:01 | INFO     | Loaded 23287 cohort records
2025-07-21 15:19:01,483 - simple_runner - INFO - Job 5fb45f4a-4fbe-438a-85fa-61e3c9182bd4: 15:19:01 | INFO     | Retrieved 946 records for LOB: Mac
2025-07-21 15:19:01,484 - simple_runner - INFO - Job 5fb45f4a-4fbe-438a-85fa-61e3c9182bd4: 15:19:01 | INFO     | Generating Mac cohort planogram for flagship store
2025-07-21 15:19:01,505 - simple_runner - INFO - Job 5fb45f4a-4fbe-438a-85fa-61e3c9182bd4: 15:19:01 | INFO     | Loaded 23287 cohort records
2025-07-21 15:19:01,506 - simple_runner - INFO - Job 5fb45f4a-4fbe-438a-85fa-61e3c9182bd4: 15:19:01 | INFO     | Retrieved 946 records for LOB: Mac
2025-07-21 15:19:01,698 - engineio.server - INFO - _sxb5r1VPg05P8YwAAAC: Received packet MESSAGE data 2["leave_job",{"job_id":"5fb45f4a-4fbe-438a-85fa-61e3c9182bd4"}]
2025-07-21 15:19:01,699 - socketio.server - INFO - received event "leave_job" from LOwyvE0iH_WFn3DgAAAD [/]
2025-07-21 15:19:01,700 - engineio.server - INFO - _sxb5r1VPg05P8YwAAAC: Received packet MESSAGE data 2["join_job",{"job_id":"5fb45f4a-4fbe-438a-85fa-61e3c9182bd4"}]
2025-07-21 15:19:01,700 - socketio.server - INFO - received event "join_job" from LOwyvE0iH_WFn3DgAAAD [/]
2025-07-21 15:19:01,702 - socketio.server - INFO - LOwyvE0iH_WFn3DgAAAD is leaving room 5fb45f4a-4fbe-438a-85fa-61e3c9182bd4 [/]
2025-07-21 15:19:01,702 - __main__ - INFO - Client LOwyvE0iH_WFn3DgAAAD left job room: 5fb45f4a-4fbe-438a-85fa-61e3c9182bd4
2025-07-21 15:19:01,703 - socketio.server - INFO - LOwyvE0iH_WFn3DgAAAD is entering room 5fb45f4a-4fbe-438a-85fa-61e3c9182bd4 [/]
2025-07-21 15:19:01,703 - __main__ - INFO - Client LOwyvE0iH_WFn3DgAAAD joined job room: 5fb45f4a-4fbe-438a-85fa-61e3c9182bd4
2025-07-21 15:19:01,703 - socketio.server - INFO - emitting event "job_status" to LOwyvE0iH_WFn3DgAAAD [/]
2025-07-21 15:19:01,704 - engineio.server - INFO - _sxb5r1VPg05P8YwAAAC: Sending packet MESSAGE data 2["job_status",{"job_id":"5fb45f4a-4fbe-438a-85fa-61e3c9182bd4","status":"running","progress":0,"logs":["[15:19:01] 15:19:01 | INFO     | Loaded 23287 cohort records","[15:19:01] 15:19:01 | INFO     | Retrieved 946 records for LOB: Mac","[15:19:01] 15:19:01 | INFO     | Generating Mac cohort planogram for flagship store","[15:19:01] 15:19:01 | INFO     | Loaded 23287 cohort records","[15:19:01] 15:19:01 | INFO     | Retrieved 946 records for LOB: Mac"]}]
2025-07-21 15:19:02,210 - engineio.server - INFO - _sxb5r1VPg05P8YwAAAC: Received packet MESSAGE data 2["get_job_status",{"job_id":"5fb45f4a-4fbe-438a-85fa-61e3c9182bd4"}]
2025-07-21 15:19:02,211 - socketio.server - INFO - received event "get_job_status" from LOwyvE0iH_WFn3DgAAAD [/]
2025-07-21 15:19:02,211 - engineio.server - INFO - _sxb5r1VPg05P8YwAAAC: Received packet MESSAGE data 2["get_job_logs_stream",{"job_id":"5fb45f4a-4fbe-438a-85fa-61e3c9182bd4","limit":50}]
2025-07-21 15:19:02,211 - socketio.server - INFO - received event "get_job_logs_stream" from LOwyvE0iH_WFn3DgAAAD [/]
2025-07-21 15:19:02,325 - simple_runner - INFO - Job 5fb45f4a-4fbe-438a-85fa-61e3c9182bd4: 15:19:02 | INFO     | Saved planogram: output\cohort_planograms\mac_cohort_detailed_flagship.png
2025-07-21 15:19:02,325 - socketio.server - INFO - emitting event "job_status" to 5fb45f4a-4fbe-438a-85fa-61e3c9182bd4 [/]
2025-07-21 15:19:02,326 - socketio.server - INFO - emitting event "job_status" to 5fb45f4a-4fbe-438a-85fa-61e3c9182bd4 [/]
2025-07-21 15:19:02,359 - simple_runner - INFO - Job 5fb45f4a-4fbe-438a-85fa-61e3c9182bd4: 15:19:02 | INFO     | Generated detailed product list: output\cohort_planograms\mac_cohort_products_flagship.txt
2025-07-21 15:19:02,359 - socketio.server - INFO - emitting event "job_status" to 5fb45f4a-4fbe-438a-85fa-61e3c9182bd4 [/]
2025-07-21 15:19:02,360 - simple_runner - INFO - Job 5fb45f4a-4fbe-438a-85fa-61e3c9182bd4: 15:19:02 | INFO     | Successfully generated cohort planogram: output\cohort_planograms\mac_cohort_detailed_flagship.png
2025-07-21 15:19:02,360 - simple_runner - INFO - Job 5fb45f4a-4fbe-438a-85fa-61e3c9182bd4: SUCCESS: Cohort planogram generated: output\cohort_planograms\mac_cohort_detailed_flagship.png
2025-07-21 15:19:02,360 - socketio.server - INFO - emitting event "job_status" to 5fb45f4a-4fbe-438a-85fa-61e3c9182bd4 [/]
2025-07-21 15:19:02,552 - simple_runner - INFO - Found 2 generated files for job 5fb45f4a-4fbe-438a-85fa-61e3c9182bd4 using patterns: ['mac_cohort_detailed_flagship', 'mac_cohort_products_flagship', 'mac_cohort_planogram_flagship', 'mac_cohort_flagship']
2025-07-21 15:19:02,553 - socketio.server - INFO - emitting event "job_status" to 5fb45f4a-4fbe-438a-85fa-61e3c9182bd4 [/]
2025-07-21 15:19:02,554 - socketio.server - INFO - emitting event "optimization_complete" to 5fb45f4a-4fbe-438a-85fa-61e3c9182bd4 [/]
2025-07-21 15:19:03,734 - engineio.server - INFO - _sxb5r1VPg05P8YwAAAC: Received packet MESSAGE data 2["leave_job",{"job_id":"5fb45f4a-4fbe-438a-85fa-61e3c9182bd4"}]
2025-07-21 15:19:03,735 - socketio.server - INFO - received event "leave_job" from LOwyvE0iH_WFn3DgAAAD [/]
2025-07-21 15:19:03,735 - socketio.server - INFO - LOwyvE0iH_WFn3DgAAAD is leaving room 5fb45f4a-4fbe-438a-85fa-61e3c9182bd4 [/]
2025-07-21 15:19:03,736 - __main__ - INFO - Client LOwyvE0iH_WFn3DgAAAD left job room: 5fb45f4a-4fbe-438a-85fa-61e3c9182bd4
2025-07-21 15:19:03,764 - __main__ - INFO - Job 5fb45f4a-4fbe-438a-85fa-61e3c9182bd4: Found 0 planograms and 2 other files
2025-07-21 15:19:03,765 - __main__ - INFO - Job type: cohort, Job parameters: {'lob': 'Mac', 'store_type': 'flagship'}
2025-07-21 15:19:03,765 - __main__ - INFO - Job patterns: ['mac_cohort_detailed_flagship', 'mac_cohort_products_flagship', 'mac_cohort_planogram_flagship', 'mac_cohort_flagship']
2025-07-21 15:19:03,765 - __main__ - INFO - Job start time: 1753091310.671238 (2025-07-21 15:18:30.671238)
2025-07-21 15:19:03,765 - __main__ - INFO - Other files: ['mac_cohort_detailed_flagship.png', 'mac_cohort_products_flagship.txt']
2025-07-21 15:19:03,767 - __main__ - INFO - All recent files: ['mac_cohort_detailed_flagship.png (mtime: 2025-07-21 15:19:02.250735)', 'mac_cohort_products_flagship.txt (mtime: 2025-07-21 15:19:02.353160)']
2025-07-21 15:19:13,948 - engineio.server - INFO - _sxb5r1VPg05P8YwAAAC: Sending packet PING data None
2025-07-21 15:19:13,950 - engineio.server - INFO - _sxb5r1VPg05P8YwAAAC: Received packet PONG data 
2025-07-21 15:19:38,961 - engineio.server - INFO - _sxb5r1VPg05P8YwAAAC: Sending packet PING data None
2025-07-21 15:19:38,963 - engineio.server - INFO - _sxb5r1VPg05P8YwAAAC: Received packet PONG data 
2025-07-21 15:20:03,976 - engineio.server - INFO - _sxb5r1VPg05P8YwAAAC: Sending packet PING data None
2025-07-21 15:20:03,978 - engineio.server - INFO - _sxb5r1VPg05P8YwAAAC: Received packet PONG data 
2025-07-21 15:20:19,491 - simple_runner - INFO - Created job 2fd9bcd3-c078-4b6a-9b4b-50e5bd0899bf of type cohort
2025-07-21 15:20:19,491 - socketio.server - INFO - emitting event "job_status" to 2fd9bcd3-c078-4b6a-9b4b-50e5bd0899bf [/]
2025-07-21 15:20:19,521 - engineio.server - INFO - _sxb5r1VPg05P8YwAAAC: Received packet MESSAGE data 2["join_job",{"job_id":"2fd9bcd3-c078-4b6a-9b4b-50e5bd0899bf"}]
2025-07-21 15:20:19,522 - socketio.server - INFO - received event "join_job" from LOwyvE0iH_WFn3DgAAAD [/]
2025-07-21 15:20:19,522 - socketio.server - INFO - LOwyvE0iH_WFn3DgAAAD is entering room 2fd9bcd3-c078-4b6a-9b4b-50e5bd0899bf [/]
2025-07-21 15:20:19,522 - __main__ - INFO - Client LOwyvE0iH_WFn3DgAAAD joined job room: 2fd9bcd3-c078-4b6a-9b4b-50e5bd0899bf
2025-07-21 15:20:19,523 - socketio.server - INFO - emitting event "job_status" to LOwyvE0iH_WFn3DgAAAD [/]
2025-07-21 15:20:19,523 - engineio.server - INFO - _sxb5r1VPg05P8YwAAAC: Sending packet MESSAGE data 2["job_status",{"job_id":"2fd9bcd3-c078-4b6a-9b4b-50e5bd0899bf","status":"running","progress":0,"logs":[]}]
2025-07-21 15:20:20,020 - engineio.server - INFO - _sxb5r1VPg05P8YwAAAC: Received packet MESSAGE data 2["get_job_status",{"job_id":"2fd9bcd3-c078-4b6a-9b4b-50e5bd0899bf"}]
2025-07-21 15:20:20,020 - socketio.server - INFO - received event "get_job_status" from LOwyvE0iH_WFn3DgAAAD [/]
2025-07-21 15:20:20,020 - engineio.server - INFO - _sxb5r1VPg05P8YwAAAC: Received packet MESSAGE data 2["get_job_logs_stream",{"job_id":"2fd9bcd3-c078-4b6a-9b4b-50e5bd0899bf","limit":50}]
2025-07-21 15:20:20,021 - socketio.server - INFO - received event "get_job_logs_stream" from LOwyvE0iH_WFn3DgAAAD [/]
2025-07-21 15:20:20,345 - simple_runner - INFO - Job 2fd9bcd3-c078-4b6a-9b4b-50e5bd0899bf: 15:20:20 | INFO     | Starting cohort planogram generation for iPhone - flagship
2025-07-21 15:20:20,366 - simple_runner - INFO - Job 2fd9bcd3-c078-4b6a-9b4b-50e5bd0899bf: 15:20:20 | INFO     | Loaded 23287 cohort records
2025-07-21 15:20:20,368 - simple_runner - INFO - Job 2fd9bcd3-c078-4b6a-9b4b-50e5bd0899bf: 15:20:20 | INFO     | Retrieved 18483 records for LOB: iPhone
2025-07-21 15:20:20,369 - simple_runner - INFO - Job 2fd9bcd3-c078-4b6a-9b4b-50e5bd0899bf: 15:20:20 | INFO     | Generating iPhone cohort planogram for flagship store
2025-07-21 15:20:20,389 - simple_runner - INFO - Job 2fd9bcd3-c078-4b6a-9b4b-50e5bd0899bf: 15:20:20 | INFO     | Loaded 23287 cohort records
2025-07-21 15:20:20,391 - simple_runner - INFO - Job 2fd9bcd3-c078-4b6a-9b4b-50e5bd0899bf: 15:20:20 | INFO     | Retrieved 18483 records for LOB: iPhone
2025-07-21 15:20:20,392 - simple_runner - INFO - Job 2fd9bcd3-c078-4b6a-9b4b-50e5bd0899bf: 15:20:20 | INFO     | Top 6 core products for iPhone: ['iPhone 16', 'iPhone 16 Pro Max', 'iPhone 15', 'iPhone 16 Pro', 'iPhone 16 Plus', 'iPhone 15 Pro Max']
2025-07-21 15:20:20,394 - simple_runner - INFO - Job 2fd9bcd3-c078-4b6a-9b4b-50e5bd0899bf: 15:20:20 | INFO     | Top 8 accessory categories for iPhone: ['Screen Protector', 'Wallet', 'PopSocket', 'Stand', 'Ring Holder', 'Wireless Charger', 'Headphones', 'Cleaning Kit']
2025-07-21 15:20:20,400 - simple_runner - INFO - Job 2fd9bcd3-c078-4b6a-9b4b-50e5bd0899bf: 15:20:20 | INFO     | Created cohort matrix: (8, 6)
2025-07-21 15:20:20,406 - simple_runner - INFO - Job 2fd9bcd3-c078-4b6a-9b4b-50e5bd0899bf: 15:20:20 | INFO     | Retrieved top 8 cohort pairs
2025-07-21 15:20:20,408 - simple_runner - INFO - Job 2fd9bcd3-c078-4b6a-9b4b-50e5bd0899bf: 15:20:20 | INFO     | Generated summary stats for iPhone
2025-07-21 15:20:20,408 - socketio.server - INFO - emitting event "job_status" to 2fd9bcd3-c078-4b6a-9b4b-50e5bd0899bf [/]
2025-07-21 15:20:20,520 - engineio.server - INFO - _sxb5r1VPg05P8YwAAAC: Received packet MESSAGE data 2["leave_job",{"job_id":"2fd9bcd3-c078-4b6a-9b4b-50e5bd0899bf"}]
2025-07-21 15:20:20,521 - socketio.server - INFO - received event "leave_job" from LOwyvE0iH_WFn3DgAAAD [/]
2025-07-21 15:20:20,521 - engineio.server - INFO - _sxb5r1VPg05P8YwAAAC: Received packet MESSAGE data 2["join_job",{"job_id":"2fd9bcd3-c078-4b6a-9b4b-50e5bd0899bf"}]
2025-07-21 15:20:20,521 - socketio.server - INFO - received event "join_job" from LOwyvE0iH_WFn3DgAAAD [/]
2025-07-21 15:20:20,522 - socketio.server - INFO - LOwyvE0iH_WFn3DgAAAD is leaving room 2fd9bcd3-c078-4b6a-9b4b-50e5bd0899bf [/]
2025-07-21 15:20:20,523 - __main__ - INFO - Client LOwyvE0iH_WFn3DgAAAD left job room: 2fd9bcd3-c078-4b6a-9b4b-50e5bd0899bf
2025-07-21 15:20:20,523 - socketio.server - INFO - LOwyvE0iH_WFn3DgAAAD is entering room 2fd9bcd3-c078-4b6a-9b4b-50e5bd0899bf [/]
2025-07-21 15:20:20,524 - __main__ - INFO - Client LOwyvE0iH_WFn3DgAAAD joined job room: 2fd9bcd3-c078-4b6a-9b4b-50e5bd0899bf
2025-07-21 15:20:20,524 - socketio.server - INFO - emitting event "job_status" to LOwyvE0iH_WFn3DgAAAD [/]
2025-07-21 15:20:20,524 - engineio.server - INFO - _sxb5r1VPg05P8YwAAAC: Sending packet MESSAGE data 2["job_status",{"job_id":"2fd9bcd3-c078-4b6a-9b4b-50e5bd0899bf","status":"running","progress":0,"logs":["[15:20:20] 15:20:20 | INFO     | Top 6 core products for iPhone: ['iPhone 16', 'iPhone 16 Pro Max', 'iPhone 15', 'iPhone 16 Pro', 'iPhone 16 Plus', 'iPhone 15 Pro Max']","[15:20:20] 15:20:20 | INFO     | Top 8 accessory categories for iPhone: ['Screen Protector', 'Wallet', 'PopSocket', 'Stand', 'Ring Holder', 'Wireless Charger', 'Headphones', 'Cleaning Kit']","[15:20:20] 15:20:20 | INFO     | Created cohort matrix: (8, 6)","[15:20:20] 15:20:20 | INFO     | Retrieved top 8 cohort pairs","[15:20:20] 15:20:20 | INFO     | Generated summary stats for iPhone"]}]
2025-07-21 15:20:21,027 - engineio.server - INFO - _sxb5r1VPg05P8YwAAAC: Received packet MESSAGE data 2["get_job_status",{"job_id":"2fd9bcd3-c078-4b6a-9b4b-50e5bd0899bf"}]
2025-07-21 15:20:21,028 - socketio.server - INFO - received event "get_job_status" from LOwyvE0iH_WFn3DgAAAD [/]
2025-07-21 15:20:21,028 - engineio.server - INFO - _sxb5r1VPg05P8YwAAAC: Received packet MESSAGE data 2["get_job_logs_stream",{"job_id":"2fd9bcd3-c078-4b6a-9b4b-50e5bd0899bf","limit":50}]
2025-07-21 15:20:21,028 - socketio.server - INFO - received event "get_job_logs_stream" from LOwyvE0iH_WFn3DgAAAD [/]
2025-07-21 15:20:21,482 - simple_runner - INFO - Job 2fd9bcd3-c078-4b6a-9b4b-50e5bd0899bf: 15:20:21 | INFO     | Saved planogram: output\cohort_planograms\iphone_cohort_detailed_flagship.png
2025-07-21 15:20:21,483 - socketio.server - INFO - emitting event "job_status" to 2fd9bcd3-c078-4b6a-9b4b-50e5bd0899bf [/]
2025-07-21 15:20:21,483 - socketio.server - INFO - emitting event "job_status" to 2fd9bcd3-c078-4b6a-9b4b-50e5bd0899bf [/]
2025-07-21 15:20:21,484 - simple_runner - INFO - Job 2fd9bcd3-c078-4b6a-9b4b-50e5bd0899bf: 15:20:21 | INFO     | Generating detailed product list for iPhone cohort combinations
2025-07-21 15:20:21,524 - simple_runner - INFO - Job 2fd9bcd3-c078-4b6a-9b4b-50e5bd0899bf: 15:20:21 | INFO     | Generated detailed product list: output\cohort_planograms\iphone_cohort_products_flagship.txt
2025-07-21 15:20:21,524 - socketio.server - INFO - emitting event "job_status" to 2fd9bcd3-c078-4b6a-9b4b-50e5bd0899bf [/]
2025-07-21 15:20:21,525 - simple_runner - INFO - Job 2fd9bcd3-c078-4b6a-9b4b-50e5bd0899bf: 15:20:21 | INFO     | Successfully generated cohort planogram: output\cohort_planograms\iphone_cohort_detailed_flagship.png
2025-07-21 15:20:21,525 - simple_runner - INFO - Job 2fd9bcd3-c078-4b6a-9b4b-50e5bd0899bf: Detailed product list generated: output\cohort_planograms\iphone_cohort_products_flagship.txt
2025-07-21 15:20:21,526 - simple_runner - INFO - Job 2fd9bcd3-c078-4b6a-9b4b-50e5bd0899bf: SUCCESS: Cohort planogram generated: output\cohort_planograms\iphone_cohort_detailed_flagship.png
2025-07-21 15:20:21,526 - socketio.server - INFO - emitting event "job_status" to 2fd9bcd3-c078-4b6a-9b4b-50e5bd0899bf [/]
2025-07-21 15:20:21,718 - simple_runner - INFO - Found 2 generated files for job 2fd9bcd3-c078-4b6a-9b4b-50e5bd0899bf using patterns: ['iphone_cohort_detailed_flagship', 'iphone_cohort_products_flagship', 'iphone_cohort_planogram_flagship', 'iphone_cohort_flagship']
2025-07-21 15:20:21,719 - socketio.server - INFO - emitting event "job_status" to 2fd9bcd3-c078-4b6a-9b4b-50e5bd0899bf [/]
2025-07-21 15:20:21,719 - socketio.server - INFO - emitting event "optimization_complete" to 2fd9bcd3-c078-4b6a-9b4b-50e5bd0899bf [/]
2025-07-21 15:20:22,545 - engineio.server - INFO - _sxb5r1VPg05P8YwAAAC: Received packet MESSAGE data 2["leave_job",{"job_id":"2fd9bcd3-c078-4b6a-9b4b-50e5bd0899bf"}]
2025-07-21 15:20:22,546 - socketio.server - INFO - received event "leave_job" from LOwyvE0iH_WFn3DgAAAD [/]
2025-07-21 15:20:22,547 - socketio.server - INFO - LOwyvE0iH_WFn3DgAAAD is leaving room 2fd9bcd3-c078-4b6a-9b4b-50e5bd0899bf [/]
2025-07-21 15:20:22,547 - __main__ - INFO - Client LOwyvE0iH_WFn3DgAAAD left job room: 2fd9bcd3-c078-4b6a-9b4b-50e5bd0899bf
2025-07-21 15:20:22,582 - __main__ - INFO - Job 2fd9bcd3-c078-4b6a-9b4b-50e5bd0899bf: Found 0 planograms and 2 other files
2025-07-21 15:20:22,582 - __main__ - INFO - Job type: cohort, Job parameters: {'lob': 'iPhone', 'store_type': 'flagship'}
2025-07-21 15:20:22,582 - __main__ - INFO - Job patterns: ['iphone_cohort_detailed_flagship', 'iphone_cohort_products_flagship', 'iphone_cohort_planogram_flagship', 'iphone_cohort_flagship']
2025-07-21 15:20:22,582 - __main__ - INFO - Job start time: 1753091389.491733 (2025-07-21 15:19:49.491733)
2025-07-21 15:20:22,583 - __main__ - INFO - Other files: ['iphone_cohort_detailed_flagship.png', 'iphone_cohort_products_flagship.txt']
2025-07-21 15:20:22,584 - __main__ - INFO - All recent files: ['iphone_cohort_detailed_flagship.png (mtime: 2025-07-21 15:20:21.377707)', 'iphone_cohort_products_flagship.txt (mtime: 2025-07-21 15:20:21.518563)']
2025-07-21 15:20:28,990 - engineio.server - INFO - _sxb5r1VPg05P8YwAAAC: Sending packet PING data None
2025-07-21 15:20:28,992 - engineio.server - INFO - _sxb5r1VPg05P8YwAAAC: Received packet PONG data 
2025-07-21 15:20:53,999 - engineio.server - INFO - _sxb5r1VPg05P8YwAAAC: Sending packet PING data None
2025-07-21 15:20:54,001 - engineio.server - INFO - _sxb5r1VPg05P8YwAAAC: Received packet PONG data 
2025-07-21 15:21:19,017 - engineio.server - INFO - _sxb5r1VPg05P8YwAAAC: Sending packet PING data None
2025-07-21 15:21:19,019 - engineio.server - INFO - _sxb5r1VPg05P8YwAAAC: Received packet PONG data 
2025-07-21 15:31:58,218 - engineio.server - INFO - Server initialized for eventlet.
2025-07-21 15:31:58,223 - __main__ - INFO - Starting simplified Planogram Web UI backend
2025-07-21 15:31:58,223 - __main__ - INFO - Project root: C:\Users\Shivansh Pal\Desktop\Planogram_Project
2025-07-21 15:31:58,235 - werkzeug - INFO -  * Restarting with watchdog (windowsapi)
2025-07-21 15:31:59,045 - engineio.server - INFO - Server initialized for eventlet.
2025-07-21 15:31:59,050 - __main__ - INFO - Starting simplified Planogram Web UI backend
2025-07-21 15:31:59,050 - __main__ - INFO - Project root: C:\Users\Shivansh Pal\Desktop\Planogram_Project
2025-07-21 15:31:59,062 - werkzeug - WARNING -  * Debugger is active!
2025-07-21 15:31:59,065 - werkzeug - INFO -  * Debugger PIN: 567-306-382
2025-07-21 15:31:59,177 - engineio.server - INFO - 4S6mz2r0d1m0KTKJAAAA: Sending packet OPEN data {'sid': '4S6mz2r0d1m0KTKJAAAA', 'upgrades': [], 'pingTimeout': 20000, 'pingInterval': 25000, 'maxPayload': 1000000}
2025-07-21 15:31:59,178 - engineio.server - INFO - 4S6mz2r0d1m0KTKJAAAA: Received request to upgrade to websocket
2025-07-21 15:31:59,178 - engineio.server - INFO - 4S6mz2r0d1m0KTKJAAAA: Upgrade to websocket successful
2025-07-21 15:31:59,180 - engineio.server - INFO - 4S6mz2r0d1m0KTKJAAAA: Received packet MESSAGE data 0
2025-07-21 15:31:59,181 - __main__ - INFO - Client connected: FHyNfAYq0g-bkn11AAAB
2025-07-21 15:31:59,181 - socketio.server - INFO - emitting event "connected" to FHyNfAYq0g-bkn11AAAB [/]
2025-07-21 15:31:59,181 - engineio.server - INFO - 4S6mz2r0d1m0KTKJAAAA: Sending packet MESSAGE data 2["connected",{"message":"Connected to Planogram API"}]
2025-07-21 15:31:59,181 - engineio.server - INFO - 4S6mz2r0d1m0KTKJAAAA: Sending packet MESSAGE data 0{"sid":"FHyNfAYq0g-bkn11AAAB"}
2025-07-21 15:32:03,061 - __main__ - INFO - Client disconnected: FHyNfAYq0g-bkn11AAAB
2025-07-21 15:32:03,425 - engineio.server - INFO - Hr4fjy3kMgceZzd2AAAC: Sending packet OPEN data {'sid': 'Hr4fjy3kMgceZzd2AAAC', 'upgrades': [], 'pingTimeout': 20000, 'pingInterval': 25000, 'maxPayload': 1000000}
2025-07-21 15:32:03,426 - engineio.server - INFO - Hr4fjy3kMgceZzd2AAAC: Received request to upgrade to websocket
2025-07-21 15:32:03,426 - engineio.server - INFO - Hr4fjy3kMgceZzd2AAAC: Upgrade to websocket successful
2025-07-21 15:32:03,430 - engineio.server - INFO - Hr4fjy3kMgceZzd2AAAC: Received packet MESSAGE data 0
2025-07-21 15:32:03,431 - __main__ - INFO - Client connected: Zjh6hFhJuLXl9IScAAAD
2025-07-21 15:32:03,432 - socketio.server - INFO - emitting event "connected" to Zjh6hFhJuLXl9IScAAAD [/]
2025-07-21 15:32:03,432 - engineio.server - INFO - Hr4fjy3kMgceZzd2AAAC: Sending packet MESSAGE data 2["connected",{"message":"Connected to Planogram API"}]
2025-07-21 15:32:03,433 - engineio.server - INFO - Hr4fjy3kMgceZzd2AAAC: Sending packet MESSAGE data 0{"sid":"Zjh6hFhJuLXl9IScAAAD"}
2025-07-21 15:32:28,438 - engineio.server - INFO - Hr4fjy3kMgceZzd2AAAC: Sending packet PING data None
2025-07-21 15:32:28,446 - engineio.server - INFO - Hr4fjy3kMgceZzd2AAAC: Received packet PONG data 
2025-07-21 15:32:53,453 - engineio.server - INFO - Hr4fjy3kMgceZzd2AAAC: Sending packet PING data None
2025-07-21 15:32:53,454 - engineio.server - INFO - Hr4fjy3kMgceZzd2AAAC: Received packet PONG data 
2025-07-21 15:33:18,470 - engineio.server - INFO - Hr4fjy3kMgceZzd2AAAC: Sending packet PING data None
2025-07-21 15:33:18,472 - engineio.server - INFO - Hr4fjy3kMgceZzd2AAAC: Received packet PONG data 
2025-07-21 15:33:43,475 - engineio.server - INFO - Hr4fjy3kMgceZzd2AAAC: Sending packet PING data None
2025-07-21 15:33:43,477 - engineio.server - INFO - Hr4fjy3kMgceZzd2AAAC: Received packet PONG data 
2025-07-21 15:43:57,409 - engineio.server - INFO - Server initialized for eventlet.
2025-07-21 15:43:57,418 - __main__ - INFO - Starting simplified Planogram Web UI backend
2025-07-21 15:43:57,418 - __main__ - INFO - Project root: C:\Users\Shivansh Pal\Desktop\Planogram_Project
2025-07-21 15:43:57,427 - werkzeug - INFO -  * Restarting with watchdog (windowsapi)
2025-07-21 15:43:58,318 - engineio.server - INFO - Server initialized for eventlet.
2025-07-21 15:43:58,323 - __main__ - INFO - Starting simplified Planogram Web UI backend
2025-07-21 15:43:58,323 - __main__ - INFO - Project root: C:\Users\Shivansh Pal\Desktop\Planogram_Project
2025-07-21 15:43:58,335 - werkzeug - WARNING -  * Debugger is active!
2025-07-21 15:43:58,338 - werkzeug - INFO -  * Debugger PIN: 567-306-382
2025-07-21 15:43:58,427 - engineio.server - INFO - pQ9d2HYeo-TKSkx5AAAA: Sending packet OPEN data {'sid': 'pQ9d2HYeo-TKSkx5AAAA', 'upgrades': [], 'pingTimeout': 20000, 'pingInterval': 25000, 'maxPayload': 1000000}
2025-07-21 15:43:58,428 - engineio.server - INFO - pQ9d2HYeo-TKSkx5AAAA: Received request to upgrade to websocket
2025-07-21 15:43:58,428 - engineio.server - INFO - pQ9d2HYeo-TKSkx5AAAA: Upgrade to websocket successful
2025-07-21 15:43:58,431 - engineio.server - INFO - pQ9d2HYeo-TKSkx5AAAA: Received packet MESSAGE data 0
2025-07-21 15:43:58,432 - __main__ - INFO - Client connected: 8BIqpApQIyuRJmcDAAAB
2025-07-21 15:43:58,433 - socketio.server - INFO - emitting event "connected" to 8BIqpApQIyuRJmcDAAAB [/]
2025-07-21 15:43:58,433 - engineio.server - INFO - pQ9d2HYeo-TKSkx5AAAA: Sending packet MESSAGE data 2["connected",{"message":"Connected to Planogram API"}]
2025-07-21 15:43:58,434 - engineio.server - INFO - pQ9d2HYeo-TKSkx5AAAA: Sending packet MESSAGE data 0{"sid":"8BIqpApQIyuRJmcDAAAB"}
2025-07-21 15:43:58,879 - __main__ - INFO - Client disconnected: 8BIqpApQIyuRJmcDAAAB
2025-07-21 15:43:59,245 - engineio.server - INFO - 8uoUcH0sdHG36BmHAAAC: Sending packet OPEN data {'sid': '8uoUcH0sdHG36BmHAAAC', 'upgrades': [], 'pingTimeout': 20000, 'pingInterval': 25000, 'maxPayload': 1000000}
2025-07-21 15:43:59,245 - engineio.server - INFO - 8uoUcH0sdHG36BmHAAAC: Received request to upgrade to websocket
2025-07-21 15:43:59,246 - engineio.server - INFO - 8uoUcH0sdHG36BmHAAAC: Upgrade to websocket successful
2025-07-21 15:43:59,251 - engineio.server - INFO - 8uoUcH0sdHG36BmHAAAC: Received packet MESSAGE data 0
2025-07-21 15:43:59,251 - __main__ - INFO - Client connected: KmL9SDdf-Sod0tYHAAAD
2025-07-21 15:43:59,252 - socketio.server - INFO - emitting event "connected" to KmL9SDdf-Sod0tYHAAAD [/]
2025-07-21 15:43:59,252 - engineio.server - INFO - 8uoUcH0sdHG36BmHAAAC: Sending packet MESSAGE data 2["connected",{"message":"Connected to Planogram API"}]
2025-07-21 15:43:59,252 - engineio.server - INFO - 8uoUcH0sdHG36BmHAAAC: Sending packet MESSAGE data 0{"sid":"KmL9SDdf-Sod0tYHAAAD"}
2025-07-21 15:44:24,255 - engineio.server - INFO - 8uoUcH0sdHG36BmHAAAC: Sending packet PING data None
2025-07-21 15:44:24,258 - engineio.server - INFO - 8uoUcH0sdHG36BmHAAAC: Received packet PONG data 
2025-07-21 15:44:49,261 - engineio.server - INFO - 8uoUcH0sdHG36BmHAAAC: Sending packet PING data None
2025-07-21 15:44:49,262 - engineio.server - INFO - 8uoUcH0sdHG36BmHAAAC: Received packet PONG data 
2025-07-21 15:45:14,275 - engineio.server - INFO - 8uoUcH0sdHG36BmHAAAC: Sending packet PING data None
2025-07-21 15:45:14,277 - engineio.server - INFO - 8uoUcH0sdHG36BmHAAAC: Received packet PONG data 
2025-07-21 15:45:39,288 - engineio.server - INFO - 8uoUcH0sdHG36BmHAAAC: Sending packet PING data None
2025-07-21 15:45:39,289 - engineio.server - INFO - 8uoUcH0sdHG36BmHAAAC: Received packet PONG data 
2025-07-21 15:46:04,295 - engineio.server - INFO - 8uoUcH0sdHG36BmHAAAC: Sending packet PING data None
2025-07-21 15:46:04,297 - engineio.server - INFO - 8uoUcH0sdHG36BmHAAAC: Received packet PONG data 
2025-07-21 15:46:29,303 - engineio.server - INFO - 8uoUcH0sdHG36BmHAAAC: Sending packet PING data None
2025-07-21 15:46:29,306 - engineio.server - INFO - 8uoUcH0sdHG36BmHAAAC: Received packet PONG data 
2025-07-21 15:46:54,323 - engineio.server - INFO - 8uoUcH0sdHG36BmHAAAC: Sending packet PING data None
2025-07-21 15:46:54,325 - engineio.server - INFO - 8uoUcH0sdHG36BmHAAAC: Received packet PONG data 
2025-07-21 15:47:19,338 - engineio.server - INFO - 8uoUcH0sdHG36BmHAAAC: Sending packet PING data None
2025-07-21 15:47:19,340 - engineio.server - INFO - 8uoUcH0sdHG36BmHAAAC: Received packet PONG data 
2025-07-21 15:47:44,355 - engineio.server - INFO - 8uoUcH0sdHG36BmHAAAC: Sending packet PING data None
2025-07-21 15:47:44,356 - engineio.server - INFO - 8uoUcH0sdHG36BmHAAAC: Received packet PONG data 
2025-07-21 15:48:09,372 - engineio.server - INFO - 8uoUcH0sdHG36BmHAAAC: Sending packet PING data None
2025-07-21 15:48:09,373 - engineio.server - INFO - 8uoUcH0sdHG36BmHAAAC: Received packet PONG data 
2025-07-21 15:48:34,381 - engineio.server - INFO - 8uoUcH0sdHG36BmHAAAC: Sending packet PING data None
2025-07-21 15:48:34,383 - engineio.server - INFO - 8uoUcH0sdHG36BmHAAAC: Received packet PONG data 
2025-07-21 15:48:59,391 - engineio.server - INFO - 8uoUcH0sdHG36BmHAAAC: Sending packet PING data None
2025-07-21 15:48:59,393 - engineio.server - INFO - 8uoUcH0sdHG36BmHAAAC: Received packet PONG data 
2025-07-21 15:49:24,401 - engineio.server - INFO - 8uoUcH0sdHG36BmHAAAC: Sending packet PING data None
2025-07-21 15:49:24,403 - engineio.server - INFO - 8uoUcH0sdHG36BmHAAAC: Received packet PONG data 
2025-07-21 15:49:37,340 - simple_runner - INFO - Created job 1b3d9902-918b-4452-a937-b71222b4be00 of type cohort
2025-07-21 15:49:37,341 - socketio.server - INFO - emitting event "job_status" to 1b3d9902-918b-4452-a937-b71222b4be00 [/]
2025-07-21 15:49:37,371 - engineio.server - INFO - 8uoUcH0sdHG36BmHAAAC: Received packet MESSAGE data 2["join_job",{"job_id":"1b3d9902-918b-4452-a937-b71222b4be00"}]
2025-07-21 15:49:37,372 - socketio.server - INFO - received event "join_job" from KmL9SDdf-Sod0tYHAAAD [/]
2025-07-21 15:49:37,372 - socketio.server - INFO - KmL9SDdf-Sod0tYHAAAD is entering room 1b3d9902-918b-4452-a937-b71222b4be00 [/]
2025-07-21 15:49:37,372 - __main__ - INFO - Client KmL9SDdf-Sod0tYHAAAD joined job room: 1b3d9902-918b-4452-a937-b71222b4be00
2025-07-21 15:49:37,373 - socketio.server - INFO - emitting event "job_status" to KmL9SDdf-Sod0tYHAAAD [/]
2025-07-21 15:49:37,373 - engineio.server - INFO - 8uoUcH0sdHG36BmHAAAC: Sending packet MESSAGE data 2["job_status",{"job_id":"1b3d9902-918b-4452-a937-b71222b4be00","status":"running","progress":0,"logs":[]}]
2025-07-21 15:49:37,872 - engineio.server - INFO - 8uoUcH0sdHG36BmHAAAC: Received packet MESSAGE data 2["get_job_status",{"job_id":"1b3d9902-918b-4452-a937-b71222b4be00"}]
2025-07-21 15:49:37,872 - socketio.server - INFO - received event "get_job_status" from KmL9SDdf-Sod0tYHAAAD [/]
2025-07-21 15:49:37,873 - engineio.server - INFO - 8uoUcH0sdHG36BmHAAAC: Received packet MESSAGE data 2["get_job_logs_stream",{"job_id":"1b3d9902-918b-4452-a937-b71222b4be00","limit":50}]
2025-07-21 15:49:37,873 - socketio.server - INFO - received event "get_job_logs_stream" from KmL9SDdf-Sod0tYHAAAD [/]
2025-07-21 15:49:38,192 - simple_runner - INFO - Job 1b3d9902-918b-4452-a937-b71222b4be00: 15:49:38 | INFO     | Starting cohort planogram generation for iPhone - flagship
2025-07-21 15:49:38,217 - simple_runner - INFO - Job 1b3d9902-918b-4452-a937-b71222b4be00: 15:49:38 | INFO     | Loaded 23287 cohort records
2025-07-21 15:49:38,220 - simple_runner - INFO - Job 1b3d9902-918b-4452-a937-b71222b4be00: 15:49:38 | INFO     | Retrieved 18483 records for LOB: iPhone
2025-07-21 15:49:38,220 - simple_runner - INFO - Job 1b3d9902-918b-4452-a937-b71222b4be00: 15:49:38 | INFO     | Generating iPhone cohort planogram for flagship store
2025-07-21 15:49:38,238 - simple_runner - INFO - Job 1b3d9902-918b-4452-a937-b71222b4be00: 15:49:38 | INFO     | Loaded 23287 cohort records
2025-07-21 15:49:38,240 - simple_runner - INFO - Job 1b3d9902-918b-4452-a937-b71222b4be00: 15:49:38 | INFO     | Retrieved 18483 records for LOB: iPhone
2025-07-21 15:49:38,242 - simple_runner - INFO - Job 1b3d9902-918b-4452-a937-b71222b4be00: 15:49:38 | INFO     | Top 6 core products for iPhone: ['iPhone 16', 'iPhone 16 Pro Max', 'iPhone 15', 'iPhone 16 Pro', 'iPhone 16 Plus', 'iPhone 15 Pro Max']
2025-07-21 15:49:38,244 - simple_runner - INFO - Job 1b3d9902-918b-4452-a937-b71222b4be00: 15:49:38 | INFO     | Top 8 accessory categories for iPhone: ['Screen Protector', 'Wallet', 'PopSocket', 'Stand', 'Ring Holder', 'Wireless Charger', 'Headphones', 'Cleaning Kit']
2025-07-21 15:49:38,250 - simple_runner - INFO - Job 1b3d9902-918b-4452-a937-b71222b4be00: 15:49:38 | INFO     | Created cohort matrix: (8, 6)
2025-07-21 15:49:38,256 - simple_runner - INFO - Job 1b3d9902-918b-4452-a937-b71222b4be00: 15:49:38 | INFO     | Retrieved top 8 cohort pairs
2025-07-21 15:49:38,257 - simple_runner - INFO - Job 1b3d9902-918b-4452-a937-b71222b4be00: 15:49:38 | INFO     | Generated summary stats for iPhone
2025-07-21 15:49:38,257 - socketio.server - INFO - emitting event "job_status" to 1b3d9902-918b-4452-a937-b71222b4be00 [/]
2025-07-21 15:49:38,257 - engineio.server - INFO - 8uoUcH0sdHG36BmHAAAC: Sending packet MESSAGE data 2["job_status",{"job_id":"1b3d9902-918b-4452-a937-b71222b4be00","status":"running","progress":95,"logs":["15:49:38 | INFO     | Generated summary stats for iPhone"],"timestamp":"2025-07-21T15:49:38.257375"}]
2025-07-21 15:49:38,369 - engineio.server - INFO - 8uoUcH0sdHG36BmHAAAC: Received packet MESSAGE data 2["leave_job",{"job_id":"1b3d9902-918b-4452-a937-b71222b4be00"}]
2025-07-21 15:49:38,369 - socketio.server - INFO - received event "leave_job" from KmL9SDdf-Sod0tYHAAAD [/]
2025-07-21 15:49:38,369 - engineio.server - INFO - 8uoUcH0sdHG36BmHAAAC: Received packet MESSAGE data 2["join_job",{"job_id":"1b3d9902-918b-4452-a937-b71222b4be00"}]
2025-07-21 15:49:38,370 - socketio.server - INFO - received event "join_job" from KmL9SDdf-Sod0tYHAAAD [/]
2025-07-21 15:49:38,371 - socketio.server - INFO - KmL9SDdf-Sod0tYHAAAD is leaving room 1b3d9902-918b-4452-a937-b71222b4be00 [/]
2025-07-21 15:49:38,371 - __main__ - INFO - Client KmL9SDdf-Sod0tYHAAAD left job room: 1b3d9902-918b-4452-a937-b71222b4be00
2025-07-21 15:49:38,371 - socketio.server - INFO - KmL9SDdf-Sod0tYHAAAD is entering room 1b3d9902-918b-4452-a937-b71222b4be00 [/]
2025-07-21 15:49:38,372 - __main__ - INFO - Client KmL9SDdf-Sod0tYHAAAD joined job room: 1b3d9902-918b-4452-a937-b71222b4be00
2025-07-21 15:49:38,372 - socketio.server - INFO - emitting event "job_status" to KmL9SDdf-Sod0tYHAAAD [/]
2025-07-21 15:49:38,372 - engineio.server - INFO - 8uoUcH0sdHG36BmHAAAC: Sending packet MESSAGE data 2["job_status",{"job_id":"1b3d9902-918b-4452-a937-b71222b4be00","status":"running","progress":0,"logs":["[15:49:38] 15:49:38 | INFO     | Top 6 core products for iPhone: ['iPhone 16', 'iPhone 16 Pro Max', 'iPhone 15', 'iPhone 16 Pro', 'iPhone 16 Plus', 'iPhone 15 Pro Max']","[15:49:38] 15:49:38 | INFO     | Top 8 accessory categories for iPhone: ['Screen Protector', 'Wallet', 'PopSocket', 'Stand', 'Ring Holder', 'Wireless Charger', 'Headphones', 'Cleaning Kit']","[15:49:38] 15:49:38 | INFO     | Created cohort matrix: (8, 6)","[15:49:38] 15:49:38 | INFO     | Retrieved top 8 cohort pairs","[15:49:38] 15:49:38 | INFO     | Generated summary stats for iPhone"]}]
2025-07-21 15:49:38,882 - engineio.server - INFO - 8uoUcH0sdHG36BmHAAAC: Received packet MESSAGE data 2["get_job_status",{"job_id":"1b3d9902-918b-4452-a937-b71222b4be00"}]
2025-07-21 15:49:38,882 - socketio.server - INFO - received event "get_job_status" from KmL9SDdf-Sod0tYHAAAD [/]
2025-07-21 15:49:38,883 - engineio.server - INFO - 8uoUcH0sdHG36BmHAAAC: Received packet MESSAGE data 2["get_job_logs_stream",{"job_id":"1b3d9902-918b-4452-a937-b71222b4be00","limit":50}]
2025-07-21 15:49:38,883 - socketio.server - INFO - received event "get_job_logs_stream" from KmL9SDdf-Sod0tYHAAAD [/]
2025-07-21 15:49:39,225 - simple_runner - INFO - Job 1b3d9902-918b-4452-a937-b71222b4be00: 15:49:39 | INFO     | Saved planogram: output\cohort_planograms\iphone_cohort_detailed_flagship.png
2025-07-21 15:49:39,226 - socketio.server - INFO - emitting event "job_status" to 1b3d9902-918b-4452-a937-b71222b4be00 [/]
2025-07-21 15:49:39,226 - engineio.server - INFO - 8uoUcH0sdHG36BmHAAAC: Sending packet MESSAGE data 2["job_status",{"job_id":"1b3d9902-918b-4452-a937-b71222b4be00","status":"running","progress":90,"logs":["15:49:39 | INFO     | Saved planogram: output\\cohort_planograms\\iphone_cohort_detailed_flagship.png"],"timestamp":"2025-07-21T15:49:39.226297"}]
2025-07-21 15:49:39,226 - socketio.server - INFO - emitting event "job_status" to 1b3d9902-918b-4452-a937-b71222b4be00 [/]
2025-07-21 15:49:39,227 - engineio.server - INFO - 8uoUcH0sdHG36BmHAAAC: Sending packet MESSAGE data 2["job_status",{"job_id":"1b3d9902-918b-4452-a937-b71222b4be00","status":"running","progress":95,"logs":["15:49:39 | INFO     | Saved planogram: output\\cohort_planograms\\iphone_cohort_detailed_flagship.png"],"timestamp":"2025-07-21T15:49:39.226860"}]
2025-07-21 15:49:39,227 - simple_runner - INFO - Job 1b3d9902-918b-4452-a937-b71222b4be00: 15:49:39 | INFO     | Generating detailed product list for iPhone cohort combinations
2025-07-21 15:49:39,265 - simple_runner - INFO - Job 1b3d9902-918b-4452-a937-b71222b4be00: 15:49:39 | INFO     | Generated detailed product list: output\cohort_planograms\iphone_cohort_products_flagship.txt
2025-07-21 15:49:39,266 - socketio.server - INFO - emitting event "job_status" to 1b3d9902-918b-4452-a937-b71222b4be00 [/]
2025-07-21 15:49:39,266 - engineio.server - INFO - 8uoUcH0sdHG36BmHAAAC: Sending packet MESSAGE data 2["job_status",{"job_id":"1b3d9902-918b-4452-a937-b71222b4be00","status":"running","progress":95,"logs":["15:49:39 | INFO     | Generated detailed product list: output\\cohort_planograms\\iphone_cohort_products_flagship.txt"],"timestamp":"2025-07-21T15:49:39.266042"}]
2025-07-21 15:49:39,266 - simple_runner - INFO - Job 1b3d9902-918b-4452-a937-b71222b4be00: 15:49:39 | INFO     | Successfully generated cohort planogram: output\cohort_planograms\iphone_cohort_detailed_flagship.png
2025-07-21 15:49:39,267 - simple_runner - INFO - Job 1b3d9902-918b-4452-a937-b71222b4be00: Detailed product list generated: output\cohort_planograms\iphone_cohort_products_flagship.txt
2025-07-21 15:49:39,267 - simple_runner - INFO - Job 1b3d9902-918b-4452-a937-b71222b4be00: SUCCESS: Cohort planogram generated: output\cohort_planograms\iphone_cohort_detailed_flagship.png
2025-07-21 15:49:39,267 - socketio.server - INFO - emitting event "job_status" to 1b3d9902-918b-4452-a937-b71222b4be00 [/]
2025-07-21 15:49:39,268 - engineio.server - INFO - 8uoUcH0sdHG36BmHAAAC: Sending packet MESSAGE data 2["job_status",{"job_id":"1b3d9902-918b-4452-a937-b71222b4be00","status":"running","progress":95,"logs":["SUCCESS: Cohort planogram generated: output\\cohort_planograms\\iphone_cohort_detailed_flagship.png"],"timestamp":"2025-07-21T15:49:39.267735"}]
2025-07-21 15:49:39,461 - engineio.server - INFO - Server initialized for eventlet.
2025-07-21 15:49:39,474 - simple_runner - INFO - Found 2 generated files for job 1b3d9902-918b-4452-a937-b71222b4be00 using patterns: ['iphone_cohort_detailed_flagship', 'iphone_cohort_products_flagship', 'iphone_cohort_planogram_flagship', 'iphone_cohort_flagship']
2025-07-21 15:49:39,474 - socketio.server - INFO - emitting event "job_status" to 1b3d9902-918b-4452-a937-b71222b4be00 [/]
2025-07-21 15:49:39,475 - socketio.server - INFO - emitting event "optimization_complete" to 1b3d9902-918b-4452-a937-b71222b4be00 [/]
2025-07-21 15:49:40,400 - engineio.server - INFO - 8uoUcH0sdHG36BmHAAAC: Received packet MESSAGE data 2["leave_job",{"job_id":"1b3d9902-918b-4452-a937-b71222b4be00"}]
2025-07-21 15:49:40,402 - socketio.server - INFO - received event "leave_job" from KmL9SDdf-Sod0tYHAAAD [/]
2025-07-21 15:49:40,403 - socketio.server - INFO - KmL9SDdf-Sod0tYHAAAD is leaving room 1b3d9902-918b-4452-a937-b71222b4be00 [/]
2025-07-21 15:49:40,403 - __main__ - INFO - Client KmL9SDdf-Sod0tYHAAAD left job room: 1b3d9902-918b-4452-a937-b71222b4be00
2025-07-21 15:49:40,430 - __main__ - INFO - Job 1b3d9902-918b-4452-a937-b71222b4be00: Found 0 planograms and 2 other files
2025-07-21 15:49:40,430 - __main__ - INFO - Job type: cohort, Job parameters: {'lob': 'iPhone', 'store_type': 'flagship'}
2025-07-21 15:49:40,430 - __main__ - INFO - Job patterns: ['iphone_cohort_detailed_flagship', 'iphone_cohort_products_flagship', 'iphone_cohort_planogram_flagship', 'iphone_cohort_flagship']
2025-07-21 15:49:40,430 - __main__ - INFO - Job start time: 1753093147.341928 (2025-07-21 15:49:07.341928)
2025-07-21 15:49:40,431 - __main__ - INFO - Other files: ['iphone_cohort_detailed_flagship.png', 'iphone_cohort_products_flagship.txt']
2025-07-21 15:49:40,433 - __main__ - INFO - All recent files: ['iphone_cohort_detailed_flagship.png (mtime: 2025-07-21 15:49:39.134688)', 'iphone_cohort_products_flagship.txt (mtime: 2025-07-21 15:49:39.264624)']
2025-07-21 15:49:49,419 - engineio.server - INFO - 8uoUcH0sdHG36BmHAAAC: Sending packet PING data None
2025-07-21 15:49:56,093 - simple_runner - INFO - Created job b7ac3bf6-a50e-4861-bd86-7e98fa13165b of type lob
2025-07-21 15:49:56,095 - socketio.server - INFO - emitting event "job_status" to b7ac3bf6-a50e-4861-bd86-7e98fa13165b [/]
2025-07-21 15:49:56,121 - engineio.server - INFO - 8uoUcH0sdHG36BmHAAAC: Received packet MESSAGE data 2["join_job",{"job_id":"b7ac3bf6-a50e-4861-bd86-7e98fa13165b"}]
2025-07-21 15:49:56,121 - socketio.server - INFO - received event "join_job" from KmL9SDdf-Sod0tYHAAAD [/]
2025-07-21 15:49:56,122 - socketio.server - INFO - KmL9SDdf-Sod0tYHAAAD is entering room b7ac3bf6-a50e-4861-bd86-7e98fa13165b [/]
2025-07-21 15:49:56,122 - __main__ - INFO - Client KmL9SDdf-Sod0tYHAAAD joined job room: b7ac3bf6-a50e-4861-bd86-7e98fa13165b
2025-07-21 15:49:56,123 - socketio.server - INFO - emitting event "job_status" to KmL9SDdf-Sod0tYHAAAD [/]
2025-07-21 15:49:56,123 - engineio.server - INFO - 8uoUcH0sdHG36BmHAAAC: Sending packet MESSAGE data 2["job_status",{"job_id":"b7ac3bf6-a50e-4861-bd86-7e98fa13165b","status":"running","progress":0,"logs":[]}]
2025-07-21 15:49:56,618 - engineio.server - INFO - 8uoUcH0sdHG36BmHAAAC: Received packet MESSAGE data 2["get_job_status",{"job_id":"b7ac3bf6-a50e-4861-bd86-7e98fa13165b"}]
2025-07-21 15:49:56,618 - socketio.server - INFO - received event "get_job_status" from KmL9SDdf-Sod0tYHAAAD [/]
2025-07-21 15:49:56,618 - engineio.server - INFO - 8uoUcH0sdHG36BmHAAAC: Received packet MESSAGE data 2["get_job_logs_stream",{"job_id":"b7ac3bf6-a50e-4861-bd86-7e98fa13165b","limit":50}]
2025-07-21 15:49:56,618 - socketio.server - INFO - received event "get_job_logs_stream" from KmL9SDdf-Sod0tYHAAAD [/]
2025-07-21 15:49:57,126 - engineio.server - INFO - 8uoUcH0sdHG36BmHAAAC: Received packet MESSAGE data 2["leave_job",{"job_id":"b7ac3bf6-a50e-4861-bd86-7e98fa13165b"}]
2025-07-21 15:49:57,129 - socketio.server - INFO - received event "leave_job" from KmL9SDdf-Sod0tYHAAAD [/]
2025-07-21 15:49:57,130 - engineio.server - INFO - 8uoUcH0sdHG36BmHAAAC: Received packet MESSAGE data 2["join_job",{"job_id":"b7ac3bf6-a50e-4861-bd86-7e98fa13165b"}]
2025-07-21 15:49:57,130 - socketio.server - INFO - received event "join_job" from KmL9SDdf-Sod0tYHAAAD [/]
2025-07-21 15:49:57,131 - socketio.server - INFO - KmL9SDdf-Sod0tYHAAAD is leaving room b7ac3bf6-a50e-4861-bd86-7e98fa13165b [/]
2025-07-21 15:49:57,131 - __main__ - INFO - Client KmL9SDdf-Sod0tYHAAAD left job room: b7ac3bf6-a50e-4861-bd86-7e98fa13165b
2025-07-21 15:49:57,133 - socketio.server - INFO - KmL9SDdf-Sod0tYHAAAD is entering room b7ac3bf6-a50e-4861-bd86-7e98fa13165b [/]
2025-07-21 15:49:57,134 - __main__ - INFO - Client KmL9SDdf-Sod0tYHAAAD joined job room: b7ac3bf6-a50e-4861-bd86-7e98fa13165b
2025-07-21 15:49:57,134 - socketio.server - INFO - emitting event "job_status" to KmL9SDdf-Sod0tYHAAAD [/]
2025-07-21 15:49:57,135 - engineio.server - INFO - 8uoUcH0sdHG36BmHAAAC: Sending packet MESSAGE data 2["job_status",{"job_id":"b7ac3bf6-a50e-4861-bd86-7e98fa13165b","status":"running","progress":0,"logs":[]}]
2025-07-21 15:49:57,578 - simple_runner - INFO - Job b7ac3bf6-a50e-4861-bd86-7e98fa13165b: ============================================================
2025-07-21 15:49:57,578 - socketio.server - INFO - emitting event "job_status" to b7ac3bf6-a50e-4861-bd86-7e98fa13165b [/]
2025-07-21 15:49:57,578 - simple_runner - INFO - Job b7ac3bf6-a50e-4861-bd86-7e98fa13165b: APPLE PLANOGRAM OPTIMIZATION SYSTEM
2025-07-21 15:49:57,579 - simple_runner - INFO - Job b7ac3bf6-a50e-4861-bd86-7e98fa13165b: ============================================================
2025-07-21 15:49:57,579 - simple_runner - INFO - Job b7ac3bf6-a50e-4861-bd86-7e98fa13165b: 15:49:57 | INFO     | Logging initialized. Log file: logs\planogram_20250721.log
2025-07-21 15:49:57,579 - simple_runner - INFO - Job b7ac3bf6-a50e-4861-bd86-7e98fa13165b: Select optimization type:
2025-07-21 15:49:57,579 - simple_runner - INFO - Job b7ac3bf6-a50e-4861-bd86-7e98fa13165b: 1. Cohort Planogram (Generate cohort-based planograms)
2025-07-21 15:49:57,579 - simple_runner - INFO - Job b7ac3bf6-a50e-4861-bd86-7e98fa13165b: 2. Line of Business (iPhone, iPad, Mac, etc.)
2025-07-21 15:49:57,580 - simple_runner - INFO - Job b7ac3bf6-a50e-4861-bd86-7e98fa13165b: 3. All Products (Full store optimization)
2025-07-21 15:49:57,580 - simple_runner - INFO - Job b7ac3bf6-a50e-4861-bd86-7e98fa13165b: Enter your choice (1-3):
2025-07-21 15:49:57,580 - simple_runner - INFO - Job b7ac3bf6-a50e-4861-bd86-7e98fa13165b: Available Lines of Business:
2025-07-21 15:49:57,580 - simple_runner - INFO - Job b7ac3bf6-a50e-4861-bd86-7e98fa13165b: 1. iPhone Accessories
2025-07-21 15:49:57,580 - simple_runner - INFO - Job b7ac3bf6-a50e-4861-bd86-7e98fa13165b: 2. iPad Accessories
2025-07-21 15:49:57,580 - simple_runner - INFO - Job b7ac3bf6-a50e-4861-bd86-7e98fa13165b: 3. Mac Accessories
2025-07-21 15:49:57,581 - simple_runner - INFO - Job b7ac3bf6-a50e-4861-bd86-7e98fa13165b: 4. Apple Watch Accessories
2025-07-21 15:49:57,581 - simple_runner - INFO - Job b7ac3bf6-a50e-4861-bd86-7e98fa13165b: Select LOB (1-4):
2025-07-21 15:49:57,581 - simple_runner - INFO - Job b7ac3bf6-a50e-4861-bd86-7e98fa13165b: Available store types:
2025-07-21 15:49:57,581 - simple_runner - INFO - Job b7ac3bf6-a50e-4861-bd86-7e98fa13165b: 1. Express Store
2025-07-21 15:49:57,581 - simple_runner - INFO - Job b7ac3bf6-a50e-4861-bd86-7e98fa13165b: 2. Flagship Store
2025-07-21 15:49:57,581 - simple_runner - INFO - Job b7ac3bf6-a50e-4861-bd86-7e98fa13165b: 3. Standard Store
2025-07-21 15:49:57,582 - simple_runner - INFO - Job b7ac3bf6-a50e-4861-bd86-7e98fa13165b: Select store type (1-3): 15:49:57 | INFO     | Loading iPhone Accessories...
2025-07-21 15:49:57,594 - simple_runner - INFO - Job b7ac3bf6-a50e-4861-bd86-7e98fa13165b: Loaded 399 iPhone products exclusively from cases_sales.csv
2025-07-21 15:49:57,595 - simple_runner - INFO - Job b7ac3bf6-a50e-4861-bd86-7e98fa13165b: 15:49:57 | INFO     | Loaded 399 products for iPhone Accessories
2025-07-21 15:49:57,633 - simple_runner - INFO - Job b7ac3bf6-a50e-4861-bd86-7e98fa13165b: Data validation found 3 issues
2025-07-21 15:49:57,634 - simple_runner - INFO - Job b7ac3bf6-a50e-4861-bd86-7e98fa13165b: 15:49:57 | INFO     | Enriched products with cohort data
2025-07-21 15:49:57,636 - simple_runner - INFO - Job b7ac3bf6-a50e-4861-bd86-7e98fa13165b: 15:49:57 | INFO     | Loaded 54 bundle recommendations
2025-07-21 15:49:57,641 - simple_runner - INFO - Job b7ac3bf6-a50e-4861-bd86-7e98fa13165b: 15:49:57 | INFO     | Running optimization...
2025-07-21 15:49:57,642 - simple_runner - INFO - Job b7ac3bf6-a50e-4861-bd86-7e98fa13165b: 15:49:57 | INFO     | Starting optimization with 344 products
2025-07-21 15:49:57,642 - engineio.server - INFO - 8uoUcH0sdHG36BmHAAAC: Received packet MESSAGE data 2["get_job_status",{"job_id":"b7ac3bf6-a50e-4861-bd86-7e98fa13165b"}]
2025-07-21 15:49:57,642 - simple_runner - INFO - Job b7ac3bf6-a50e-4861-bd86-7e98fa13165b: DEBUG: _reset_shelves() called - clearing all shelf positions
2025-07-21 15:49:57,643 - socketio.server - INFO - received event "get_job_status" from KmL9SDdf-Sod0tYHAAAD [/]
2025-07-21 15:49:57,643 - simple_runner - INFO - Job b7ac3bf6-a50e-4861-bd86-7e98fa13165b: 15:49:57 | INFO     | After store filtering: 344 products
2025-07-21 15:49:57,643 - simple_runner - INFO - Job b7ac3bf6-a50e-4861-bd86-7e98fa13165b: 15:49:57 | INFO     | Running bundle-based optimization
2025-07-21 15:49:57,643 - engineio.server - INFO - 8uoUcH0sdHG36BmHAAAC: Received packet MESSAGE data 2["get_job_logs_stream",{"job_id":"b7ac3bf6-a50e-4861-bd86-7e98fa13165b","limit":50}]
2025-07-21 15:49:57,644 - socketio.server - INFO - received event "get_job_logs_stream" from KmL9SDdf-Sod0tYHAAAD [/]
2025-07-21 15:49:57,709 - simple_runner - INFO - Job b7ac3bf6-a50e-4861-bd86-7e98fa13165b: 15:49:57 | INFO     | Extracted 0 bundle groups
2025-07-21 15:49:57,712 - simple_runner - INFO - Job b7ac3bf6-a50e-4861-bd86-7e98fa13165b: DEBUG: _place_product_on_shelf called: Gripp Clear MagSafe Case for A -> Apple Premium Row 1, 1 facings
2025-07-21 15:49:57,713 - simple_runner - INFO - Job b7ac3bf6-a50e-4861-bd86-7e98fa13165b: DEBUG: Successfully added position to shelf. Shelf now has 1 positions
2025-07-21 15:49:57,713 - simple_runner - INFO - Job b7ac3bf6-a50e-4861-bd86-7e98fa13165b: DEBUG: _place_product_on_shelf called: iPhone 16 Pro Max Clear Case w -> Apple Premium Row 1, 1 facings
2025-07-21 15:49:57,714 - simple_runner - INFO - Job b7ac3bf6-a50e-4861-bd86-7e98fa13165b: DEBUG: Successfully added position to shelf. Shelf now has 2 positions
2025-07-21 15:49:57,714 - simple_runner - INFO - Job b7ac3bf6-a50e-4861-bd86-7e98fa13165b: DEBUG: _place_product_on_shelf called: Pulse CRYSTAL Case with Metal  -> Apple Premium Row 1, 1 facings
2025-07-21 15:49:57,715 - simple_runner - INFO - Job b7ac3bf6-a50e-4861-bd86-7e98fa13165b: DEBUG: Successfully added position to shelf. Shelf now has 3 positions
2025-07-21 15:49:57,715 - simple_runner - INFO - Job b7ac3bf6-a50e-4861-bd86-7e98fa13165b: DEBUG: _place_product_on_shelf called: iPhone 16 Pro Clear Case with  -> Apple Premium Row 1, 1 facings
2025-07-21 15:49:57,715 - simple_runner - INFO - Job b7ac3bf6-a50e-4861-bd86-7e98fa13165b: DEBUG: Successfully added position to shelf. Shelf now has 4 positions
2025-07-21 15:49:57,716 - simple_runner - INFO - Job b7ac3bf6-a50e-4861-bd86-7e98fa13165b: DEBUG: _place_product_on_shelf called: Pulse Super crystal magsafe ca -> Apple Premium Row 1, 1 facings
2025-07-21 15:49:57,716 - simple_runner - INFO - Job b7ac3bf6-a50e-4861-bd86-7e98fa13165b: DEBUG: Successfully added position to shelf. Shelf now has 5 positions
2025-07-21 15:49:57,716 - simple_runner - INFO - Job b7ac3bf6-a50e-4861-bd86-7e98fa13165b: DEBUG: _place_product_on_shelf called: Pulse Newton Magsafe Case for  -> Apple Premium Row 2, 1 facings
2025-07-21 15:49:57,717 - simple_runner - INFO - Job b7ac3bf6-a50e-4861-bd86-7e98fa13165b: DEBUG: Successfully added position to shelf. Shelf now has 1 positions
2025-07-21 15:49:57,717 - simple_runner - INFO - Job b7ac3bf6-a50e-4861-bd86-7e98fa13165b: DEBUG: _place_product_on_shelf called: Pulse LIQUID silicon case for  -> Apple Premium Row 3, 1 facings
2025-07-21 15:49:57,717 - simple_runner - INFO - Job b7ac3bf6-a50e-4861-bd86-7e98fa13165b: DEBUG: Successfully added position to shelf. Shelf now has 1 positions
2025-07-21 15:49:57,717 - simple_runner - INFO - Job b7ac3bf6-a50e-4861-bd86-7e98fa13165b: DEBUG: _place_product_on_shelf called: Pulse THOR Leather case for iP -> Apple Premium Row 2, 1 facings
2025-07-21 15:49:57,718 - simple_runner - INFO - Job b7ac3bf6-a50e-4861-bd86-7e98fa13165b: DEBUG: Successfully added position to shelf. Shelf now has 2 positions
2025-07-21 15:49:57,718 - simple_runner - INFO - Job b7ac3bf6-a50e-4861-bd86-7e98fa13165b: DEBUG: _place_product_on_shelf called: Pulse LIQUID silicon case for  -> Apple Premium Row 3, 1 facings
2025-07-21 15:49:57,718 - simple_runner - INFO - Job b7ac3bf6-a50e-4861-bd86-7e98fa13165b: DEBUG: Successfully added position to shelf. Shelf now has 2 positions
2025-07-21 15:49:57,718 - simple_runner - INFO - Job b7ac3bf6-a50e-4861-bd86-7e98fa13165b: DEBUG: _place_product_on_shelf called: Pulse Tire magsafe case for iP -> Apple Premium Row 2, 1 facings
2025-07-21 15:49:57,719 - simple_runner - INFO - Job b7ac3bf6-a50e-4861-bd86-7e98fa13165b: DEBUG: Successfully added position to shelf. Shelf now has 3 positions
2025-07-21 15:49:57,719 - simple_runner - INFO - Job b7ac3bf6-a50e-4861-bd86-7e98fa13165b: DEBUG: _place_product_on_shelf called: Pulse HORNOR Case for iPhone 1 -> Apple Premium Row 3, 1 facings
2025-07-21 15:49:57,719 - simple_runner - INFO - Job b7ac3bf6-a50e-4861-bd86-7e98fa13165b: DEBUG: Successfully added position to shelf. Shelf now has 3 positions
2025-07-21 15:49:57,720 - simple_runner - INFO - Job b7ac3bf6-a50e-4861-bd86-7e98fa13165b: DEBUG: _place_product_on_shelf called: Pulse THOR Leather case for iP -> Apple Premium Row 2, 1 facings
2025-07-21 15:49:57,720 - simple_runner - INFO - Job b7ac3bf6-a50e-4861-bd86-7e98fa13165b: DEBUG: Successfully added position to shelf. Shelf now has 4 positions
2025-07-21 15:49:57,720 - simple_runner - INFO - Job b7ac3bf6-a50e-4861-bd86-7e98fa13165b: DEBUG: _place_product_on_shelf called: Pulse Newton Magsafe Case for  -> Apple Premium Row 3, 1 facings
2025-07-21 15:49:57,720 - simple_runner - INFO - Job b7ac3bf6-a50e-4861-bd86-7e98fa13165b: DEBUG: Successfully added position to shelf. Shelf now has 4 positions
2025-07-21 15:49:57,721 - simple_runner - INFO - Job b7ac3bf6-a50e-4861-bd86-7e98fa13165b: DEBUG: _place_product_on_shelf called: Pulse FROSTED Case for iPhone  -> Apple Premium Row 2, 1 facings
2025-07-21 15:49:57,721 - simple_runner - INFO - Job b7ac3bf6-a50e-4861-bd86-7e98fa13165b: DEBUG: Successfully added position to shelf. Shelf now has 5 positions
2025-07-21 15:49:57,721 - simple_runner - INFO - Job b7ac3bf6-a50e-4861-bd86-7e98fa13165b: DEBUG: _place_product_on_shelf called: PULSE Matt Magsafe Case for iP -> Apple Premium Row 3, 1 facings
2025-07-21 15:49:57,721 - simple_runner - INFO - Job b7ac3bf6-a50e-4861-bd86-7e98fa13165b: DEBUG: Successfully added position to shelf. Shelf now has 5 positions
2025-07-21 15:49:57,722 - simple_runner - INFO - Job b7ac3bf6-a50e-4861-bd86-7e98fa13165b: [TIMER] optimize took 0.07s
2025-07-21 15:49:57,722 - simple_runner - INFO - Job b7ac3bf6-a50e-4861-bd86-7e98fa13165b: 15:49:57 | INFO     | Optimization completed in 0.07s
2025-07-21 15:49:57,722 - simple_runner - INFO - Job b7ac3bf6-a50e-4861-bd86-7e98fa13165b: 15:49:57 | INFO     | Placed 15 products with 15 facings
2025-07-21 15:49:57,722 - simple_runner - INFO - Job b7ac3bf6-a50e-4861-bd86-7e98fa13165b: 15:49:57 | INFO     | Generating clean planogram for LOB 'iPhone' with store 'Express Store Template'.
2025-07-21 15:49:57,723 - simple_runner - INFO - Job b7ac3bf6-a50e-4861-bd86-7e98fa13165b: 15:49:57 | INFO     | Found 13 products for IPHONE planogram generation.
2025-07-21 15:49:57,723 - simple_runner - INFO - Job b7ac3bf6-a50e-4861-bd86-7e98fa13165b: 15:49:57 | INFO     | Generating iPhone planogram for store 'Express Store Template'.
2025-07-21 15:49:57,723 - simple_runner - INFO - Job b7ac3bf6-a50e-4861-bd86-7e98fa13165b: 15:49:57 | INFO     | Found 13 Apple and 95 TPA products.
2025-07-21 15:49:57,723 - simple_runner - INFO - Job b7ac3bf6-a50e-4861-bd86-7e98fa13165b: 15:49:57 | INFO     | Calculated 5 products per row (shelf: 67.0cm, avg product: 11.0cm)
2025-07-21 15:49:57,723 - simple_runner - INFO - Job b7ac3bf6-a50e-4861-bd86-7e98fa13165b: 15:49:57 | INFO     | Creating Part 1: iPhone Pro & Pro Max series
2025-07-21 15:49:58,119 - simple_runner - INFO - Job b7ac3bf6-a50e-4861-bd86-7e98fa13165b: 15:49:58 | INFO     | Saved iPhone planogram to output/iPhone_Express_Store_Template_planogram_part1.png
2025-07-21 15:49:58,119 - socketio.server - INFO - emitting event "job_status" to b7ac3bf6-a50e-4861-bd86-7e98fa13165b [/]
2025-07-21 15:49:58,120 - simple_runner - INFO - Job b7ac3bf6-a50e-4861-bd86-7e98fa13165b: 15:49:58 | INFO     | Creating Part 2: iPhone Plus & Base series
2025-07-21 15:49:58,522 - simple_runner - INFO - Job b7ac3bf6-a50e-4861-bd86-7e98fa13165b: 15:49:58 | INFO     | Saved iPhone planogram to output/iPhone_Express_Store_Template_planogram_part2.png
2025-07-21 15:49:58,523 - socketio.server - INFO - emitting event "job_status" to b7ac3bf6-a50e-4861-bd86-7e98fa13165b [/]
2025-07-21 15:49:58,526 - simple_runner - INFO - Job b7ac3bf6-a50e-4861-bd86-7e98fa13165b: Clean planogram generated and saved in output directory.
2025-07-21 15:49:58,764 - simple_runner - INFO - Found 0 generated files for job b7ac3bf6-a50e-4861-bd86-7e98fa13165b using patterns: ['iPhone_flagship_balanced', 'iphone_flagship_balanced', 'iPhone_flagship', 'iphone_flagship']
2025-07-21 15:49:58,765 - socketio.server - INFO - emitting event "job_status" to b7ac3bf6-a50e-4861-bd86-7e98fa13165b [/]
2025-07-21 15:49:58,765 - socketio.server - INFO - emitting event "optimization_complete" to b7ac3bf6-a50e-4861-bd86-7e98fa13165b [/]
2025-07-21 15:49:58,959 - engineio.server - INFO - 8uoUcH0sdHG36BmHAAAC: Received packet MESSAGE data 2["leave_job",{"job_id":"b7ac3bf6-a50e-4861-bd86-7e98fa13165b"}]
2025-07-21 15:49:58,960 - socketio.server - INFO - received event "leave_job" from KmL9SDdf-Sod0tYHAAAD [/]
2025-07-21 15:49:58,960 - socketio.server - INFO - KmL9SDdf-Sod0tYHAAAD is leaving room b7ac3bf6-a50e-4861-bd86-7e98fa13165b [/]
2025-07-21 15:49:58,961 - __main__ - INFO - Client KmL9SDdf-Sod0tYHAAAD left job room: b7ac3bf6-a50e-4861-bd86-7e98fa13165b
2025-07-21 15:49:58,963 - engineio.server - INFO - 8uoUcH0sdHG36BmHAAAC: Received packet MESSAGE data 2["join_job",{"job_id":"b7ac3bf6-a50e-4861-bd86-7e98fa13165b"}]
2025-07-21 15:49:58,963 - socketio.server - INFO - received event "join_job" from KmL9SDdf-Sod0tYHAAAD [/]
2025-07-21 15:49:58,964 - socketio.server - INFO - KmL9SDdf-Sod0tYHAAAD is entering room b7ac3bf6-a50e-4861-bd86-7e98fa13165b [/]
2025-07-21 15:49:58,964 - __main__ - INFO - Client KmL9SDdf-Sod0tYHAAAD joined job room: b7ac3bf6-a50e-4861-bd86-7e98fa13165b
2025-07-21 15:49:58,964 - socketio.server - INFO - emitting event "job_status" to KmL9SDdf-Sod0tYHAAAD [/]
2025-07-21 15:49:58,965 - engineio.server - INFO - 8uoUcH0sdHG36BmHAAAC: Sending packet MESSAGE data 2["job_status",{"job_id":"b7ac3bf6-a50e-4861-bd86-7e98fa13165b","status":"completed","progress":0,"logs":["[15:49:57] 15:49:57 | INFO     | Creating Part 1: iPhone Pro & Pro Max series","[15:49:58] 15:49:58 | INFO     | Saved iPhone planogram to output/iPhone_Express_Store_Template_planogram_part1.png","[15:49:58] 15:49:58 | INFO     | Creating Part 2: iPhone Plus & Base series","[15:49:58] 15:49:58 | INFO     | Saved iPhone planogram to output/iPhone_Express_Store_Template_planogram_part2.png","[15:49:58] Clean planogram generated and saved in output directory."]}]
2025-07-21 15:49:59,467 - engineio.server - INFO - 8uoUcH0sdHG36BmHAAAC: Received packet MESSAGE data 2["get_job_status",{"job_id":"b7ac3bf6-a50e-4861-bd86-7e98fa13165b"}]
2025-07-21 15:49:59,468 - socketio.server - INFO - received event "get_job_status" from KmL9SDdf-Sod0tYHAAAD [/]
2025-07-21 15:49:59,468 - engineio.server - INFO - 8uoUcH0sdHG36BmHAAAC: Received packet MESSAGE data 2["get_job_logs_stream",{"job_id":"b7ac3bf6-a50e-4861-bd86-7e98fa13165b","limit":50}]
2025-07-21 15:49:59,469 - socketio.server - INFO - received event "get_job_logs_stream" from KmL9SDdf-Sod0tYHAAAD [/]
2025-07-21 15:50:00,991 - engineio.server - INFO - 8uoUcH0sdHG36BmHAAAC: Received packet MESSAGE data 2["leave_job",{"job_id":"b7ac3bf6-a50e-4861-bd86-7e98fa13165b"}]
2025-07-21 15:50:00,991 - socketio.server - INFO - received event "leave_job" from KmL9SDdf-Sod0tYHAAAD [/]
2025-07-21 15:50:00,992 - socketio.server - INFO - KmL9SDdf-Sod0tYHAAAD is leaving room b7ac3bf6-a50e-4861-bd86-7e98fa13165b [/]
2025-07-21 15:50:00,993 - __main__ - INFO - Client KmL9SDdf-Sod0tYHAAAD left job room: b7ac3bf6-a50e-4861-bd86-7e98fa13165b
2025-07-21 15:50:01,029 - __main__ - INFO - Job b7ac3bf6-a50e-4861-bd86-7e98fa13165b: Found 0 planograms and 0 other files
2025-07-21 15:50:01,029 - __main__ - INFO - Job type: lob, Job parameters: {'lob': 'iPhone', 'store_type': 'flagship', 'strategy': 'balanced'}
2025-07-21 15:50:01,029 - __main__ - INFO - Job patterns: ['iPhone_flagship_balanced', 'iphone_flagship_balanced', 'iPhone_flagship', 'iphone_flagship']
2025-07-21 15:50:01,030 - __main__ - INFO - Job start time: 1753093166.093592 (2025-07-21 15:49:26.093592)
2025-07-21 15:50:01,031 - __main__ - INFO - All recent files: ['iPhone_Express_Store_Template_planogram_part1.png (mtime: 2025-07-21 15:49:58.069393)', 'iPhone_Express_Store_Template_planogram_part2.png (mtime: 2025-07-21 15:49:58.471115)', 'iphone_cohort_detailed_flagship.png (mtime: 2025-07-21 15:49:39.134688)', 'iphone_cohort_products_flagship.txt (mtime: 2025-07-21 15:49:39.264624)']
2025-07-21 15:50:01,031 - __main__ - WARNING - No matching files found. Listing all recent files for debugging:
2025-07-21 15:50:01,032 - __main__ - INFO -   iPhone_Express_Store_Template_planogram_part1.png: mtime=2025-07-21 15:49:58.069393, matches=False, recent=True
2025-07-21 15:50:01,032 - __main__ - INFO -   iPhone_Express_Store_Template_planogram_part2.png: mtime=2025-07-21 15:49:58.471115, matches=False, recent=True
2025-07-21 15:50:01,033 - __main__ - INFO -   iPhone_Flagship_Store_Template_planogram_iPhone16_Base.png: mtime=2025-07-21 15:21:46.844148, matches=True, recent=False
2025-07-21 15:50:01,033 - __main__ - INFO -   iPhone_Flagship_Store_Template_planogram_iPhone16_Plus.png: mtime=2025-07-21 15:21:47.246222, matches=True, recent=False
2025-07-21 15:50:01,033 - __main__ - INFO -   iPhone_Flagship_Store_Template_planogram_iPhone16_Pro.png: mtime=2025-07-21 15:21:47.727873, matches=True, recent=False
2025-07-21 15:50:01,034 - __main__ - INFO -   iPhone_Flagship_Store_Template_planogram_iPhone16_ProMax.png: mtime=2025-07-21 15:21:48.176732, matches=True, recent=False
2025-07-21 15:50:01,034 - __main__ - INFO -   iPhone_Flagship_Store_Template_planogram_part1.png: mtime=2025-07-21 15:21:48.653841, matches=True, recent=False
2025-07-21 15:50:01,034 - __main__ - INFO -   iPhone_Flagship_Store_Template_planogram_part2.png: mtime=2025-07-21 15:21:49.147365, matches=True, recent=False
2025-07-21 15:50:01,035 - __main__ - INFO -   iPhone_Standard_Store_Template_planogram_part1.png: mtime=2025-07-21 15:40:17.831891, matches=False, recent=False
2025-07-21 15:50:01,035 - __main__ - INFO -   iPhone_Standard_Store_Template_planogram_part2.png: mtime=2025-07-21 15:40:18.241665, matches=False, recent=False
2025-07-21 15:50:01,035 - __main__ - INFO -   mac_accessories_flagship.png: mtime=2025-07-21 15:26:10.289797, matches=False, recent=False
2025-07-21 15:50:01,036 - __main__ - INFO -   mac_sleeves_bags_flagship.png: mtime=2025-07-21 15:26:09.738615, matches=False, recent=False
2025-07-21 15:50:01,036 - __main__ - INFO -   iphone_cohort_detailed_flagship.png: mtime=2025-07-21 15:49:39.134688, matches=False, recent=True
2025-07-21 15:50:01,037 - __main__ - INFO -   iphone_cohort_products_flagship.txt: mtime=2025-07-21 15:49:39.264624, matches=False, recent=True
2025-07-21 15:50:01,037 - __main__ - INFO -   mac_cohort_detailed_flagship.png: mtime=2025-07-21 15:19:02.250735, matches=False, recent=False
2025-07-21 15:50:01,037 - __main__ - INFO -   mac_cohort_products_flagship.txt: mtime=2025-07-21 15:19:02.353160, matches=False, recent=False
2025-07-21 15:50:10,900 - engineio.server - INFO - HpiSBY-HY2CgbHgdAAAE: Sending packet OPEN data {'sid': 'HpiSBY-HY2CgbHgdAAAE', 'upgrades': [], 'pingTimeout': 20000, 'pingInterval': 25000, 'maxPayload': 1000000}
2025-07-21 15:50:10,901 - engineio.server - INFO - HpiSBY-HY2CgbHgdAAAE: Received request to upgrade to websocket
2025-07-21 15:50:10,902 - engineio.server - INFO - HpiSBY-HY2CgbHgdAAAE: Upgrade to websocket successful
2025-07-21 15:50:10,905 - engineio.server - INFO - HpiSBY-HY2CgbHgdAAAE: Received packet MESSAGE data 0
2025-07-21 15:50:10,908 - __main__ - INFO - Client connected: HElKzlgRa3iLlIlyAAAF
2025-07-21 15:50:10,909 - socketio.server - INFO - emitting event "connected" to HElKzlgRa3iLlIlyAAAF [/]
2025-07-21 15:50:10,911 - engineio.server - INFO - HpiSBY-HY2CgbHgdAAAE: Sending packet MESSAGE data 2["connected",{"message":"Connected to Planogram API"}]
2025-07-21 15:50:10,912 - engineio.server - INFO - HpiSBY-HY2CgbHgdAAAE: Sending packet MESSAGE data 0{"sid":"HElKzlgRa3iLlIlyAAAF"}
2025-07-21 15:50:18,586 - engineio.server - INFO - 8uoUcH0sdHG36BmHAAAC: Client is gone, closing socket
2025-07-21 15:50:18,596 - __main__ - INFO - Client disconnected: KmL9SDdf-Sod0tYHAAAD
2025-07-21 15:50:18,596 - engineio.server - INFO - 8uoUcH0sdHG36BmHAAAC: Client is gone, closing socket
2025-07-21 15:50:35,904 - engineio.server - INFO - HpiSBY-HY2CgbHgdAAAE: Sending packet PING data None
2025-07-21 15:50:35,907 - engineio.server - INFO - HpiSBY-HY2CgbHgdAAAE: Received packet PONG data 
2025-07-21 15:51:00,918 - engineio.server - INFO - HpiSBY-HY2CgbHgdAAAE: Sending packet PING data None
2025-07-21 15:51:00,920 - engineio.server - INFO - HpiSBY-HY2CgbHgdAAAE: Received packet PONG data 
2025-07-21 15:51:25,932 - engineio.server - INFO - HpiSBY-HY2CgbHgdAAAE: Sending packet PING data None
2025-07-21 15:51:25,934 - engineio.server - INFO - HpiSBY-HY2CgbHgdAAAE: Received packet PONG data 
2025-07-21 15:51:50,949 - engineio.server - INFO - HpiSBY-HY2CgbHgdAAAE: Sending packet PING data None
2025-07-21 15:51:50,951 - engineio.server - INFO - HpiSBY-HY2CgbHgdAAAE: Received packet PONG data 
2025-07-21 15:52:15,179 - __main__ - INFO - Client disconnected: HElKzlgRa3iLlIlyAAAF
